product_id,biscuit_properties_used,initial_moisture,final_moisture,moisture_gain,water_activity,storage_temperature_c,relative_humidity_percent,required_wvtr,required_otr,packaging_material,selected_material_id,material_category,thickness_micron,wvtr,material_wvtr_unit,original_wvtr_value,standardized_wvtr_value,otr,material_otr_unit,original_otr_value,standardized_otr_value,suitability_score,recommendation_status,recommendation_reason,evidence_quality,confidence_level,evidence_type,source_reference
1.0,"moisture_gain, storage_temperature",3.22186856157885,4.27784105635415,1.0559724947753004,0.247787146356419,,,5.0,,LDPE,MAT-01,PE,50.0,15.0,g/m2/day,15.0,15.0,6000.0,cm3/m2/day,6000.0,6000.0,0.2,Not Recommended,Score 0.20: Fails WVTR screening limit or has severe data quality issues; condition matching unavailable due to missing storage temperature.,1.0,Preliminary Screening,Literature-Informed AI-Assisted,"Massey, L. (2003). Permeability Properties of Plastics and Elastomers, 2nd Ed. Plastics Design Library"
1.0,"moisture_gain, storage_temperature",3.22186856157885,4.27784105635415,1.0559724947753004,0.247787146356419,,,5.0,,HDPE,MAT-02,PE,50.0,5.0,g/m2/day,5.0,5.0,1500.0,cm3/m2/day,1500.0,1500.0,0.9,Recommended,Score 0.90: Meets WVTR requirement with good evidence; condition matching unavailable due to missing storage temperature.,1.0,Preliminary Screening,Literature-Informed AI-Assisted,"Massey, L. (2003). Permeability Properties of Plastics and Elastomers, 2nd Ed. Plastics Design Library"
1.0,"moisture_gain, storage_temperature",3.22186856157885,4.27784105635415,1.0559724947753004,0.247787146356419,,,5.0,,BOPP,MAT-03,PP,30.0,5.0,g/m2/day,5.0,5.0,1500.0,cm3/m2/day,1500.0,1500.0,0.9,Recommended,Score 0.90: Meets WVTR requirement with good evidence; condition matching unavailable due to missing storage temperature.,1.0,Preliminary Screening,Literature-Informed AI-Assisted,"Lange, J., & Wyser, Y. (2003). Recent innovations in barrier technologies for plastic packaging. Packaging Technology and Science"
1.0,"moisture_gain, storage_temperature",3.22186856157885,4.27784105635415,1.0559724947753004,0.247787146356419,,,5.0,,PET,MAT-04,Polyester,25.0,20.0,g/m2/day,20.0,20.0,75.0,cm3/m2/day,75.0,75.0,0.2,Not Recommended,Score 0.20: Fails WVTR screening limit or has severe data quality issues; condition matching unavailable due to missing storage temperature.,1.0,Preliminary Screening,Literature-Informed AI-Assisted,"Lange, J., & Wyser, Y. (2003). Recent innovations in barrier technologies for plastic packaging. Packaging Technology and Science"
1.0,"moisture_gain, storage_temperature",3.22186856157885,4.27784105635415,1.0559724947753004,0.247787146356419,,,5.0,,Metallized PET,MAT-05,Laminate,15.0,1.0,g/m2/day,1.0,1.0,1.0,cm3/m2/day,1.0,1.0,0.86,Recommended,Score 0.86: Meets WVTR requirement with good evidence; condition matching unavailable due to missing storage temperature.,0.8,Preliminary Screening,Literature-Informed AI-Assisted,Requires source verification (formerly cited incorrect NPL Report)
1.0,"moisture_gain, storage_temperature",3.22186856157885,4.27784105635415,1.0559724947753004,0.247787146356419,,,5.0,,EVOH Laminate,MAT-06,Laminate,50.0,10.0,g/m2/day,10.0,10.0,0.5,cm3/m2/day,0.5,0.5,0.2,Not Recommended,Score 0.20: Fails WVTR screening limit or has severe data quality issues; condition matching unavailable due to missing storage temperature.,1.0,Preliminary Screening,Literature-Informed AI-Assisted,"Mokwena, K.K., et al. (2009). Oxygen transmission of multilayer EVOH films after microwave sterilization. Journal of Food Engineering 92, 291-296"
2.0,"moisture_gain, storage_temperature",3.2146927908139,3.75084581826439,0.53615302745049,0.236577118834895,,,15.0,,LDPE,MAT-01,PE,50.0,15.0,g/m2/day,15.0,15.0,6000.0,cm3/m2/day,6000.0,6000.0,0.9,Recommended,Score 0.90: Meets WVTR requirement with good evidence; condition matching unavailable due to missing storage temperature.,1.0,Preliminary Screening,Literature-Informed AI-Assisted,"Massey, L. (2003). Permeability Properties of Plastics and Elastomers, 2nd Ed. Plastics Design Library"
2.0,"moisture_gain, storage_temperature",3.2146927908139,3.75084581826439,0.53615302745049,0.236577118834895,,,15.0,,HDPE,MAT-02,PE,50.0,5.0,g/m2/day,5.0,5.0,1500.0,cm3/m2/day,1500.0,1500.0,0.9,Recommended,Score 0.90: Meets WVTR requirement with good evidence; condition matching unavailable due to missing storage temperature.,1.0,Preliminary Screening,Literature-Informed AI-Assisted,"Massey, L. (2003). Permeability Properties of Plastics and Elastomers, 2nd Ed. Plastics Design Library"
2.0,"moisture_gain, storage_temperature",3.2146927908139,3.75084581826439,0.53615302745049,0.236577118834895,,,15.0,,BOPP,MAT-03,PP,30.0,5.0,g/m2/day,5.0,5.0,1500.0,cm3/m2/day,1500.0,1500.0,0.9,Recommended,Score 0.90: Meets WVTR requirement with good evidence; condition matching unavailable due to missing storage temperature.,1.0,Preliminary Screening,Literature-Informed AI-Assisted,"Lange, J., & Wyser, Y. (2003). Recent innovations in barrier technologies for plastic packaging. Packaging Technology and Science"
2.0,"moisture_gain, storage_temperature",3.2146927908139,3.75084581826439,0.53615302745049,0.236577118834895,,,15.0,,PET,MAT-04,Polyester,25.0,20.0,g/m2/day,20.0,20.0,75.0,cm3/m2/day,75.0,75.0,0.667,Conditionally Recommended,Score 0.67: Near the limit or subject to evidence/condition limitations; condition matching unavailable due to missing storage temperature.,1.0,Preliminary Screening,Literature-Informed AI-Assisted,"Lange, J., & Wyser, Y. (2003). Recent innovations in barrier technologies for plastic packaging. Packaging Technology and Science"
2.0,"moisture_gain, storage_temperature",3.2146927908139,3.75084581826439,0.53615302745049,0.236577118834895,,,15.0,,Metallized PET,MAT-05,Laminate,15.0,1.0,g/m2/day,1.0,1.0,1.0,cm3/m2/day,1.0,1.0,0.86,Recommended,Score 0.86: Meets WVTR requirement with good evidence; condition matching unavailable due to missing storage temperature.,0.8,Preliminary Screening,Literature-Informed AI-Assisted,Requires source verification (formerly cited incorrect NPL Report)
2.0,"moisture_gain, storage_temperature",3.2146927908139,3.75084581826439,0.53615302745049,0.236577118834895,,,15.0,,EVOH Laminate,MAT-06,Laminate,50.0,10.0,g/m2/day,10.0,10.0,0.5,cm3/m2/day,0.5,0.5,0.9,Recommended,Score 0.90: Meets WVTR requirement with good evidence; condition matching unavailable due to missing storage temperature.,1.0,Preliminary Screening,Literature-Informed AI-Assisted,"Mokwena, K.K., et al. (2009). Oxygen transmission of multilayer EVOH films after microwave sterilization. Journal of Food Engineering 92, 291-296"
3.0,"moisture_gain, storage_temperature",3.33896341199743,4.06448890871635,0.72552549671892,0.239855016715655,,,15.0,,LDPE,MAT-01,PE,50.0,15.0,g/m2/day,15.0,15.0,6000.0,cm3/m2/day,6000.0,6000.0,0.9,Recommended,Score 0.90: Meets WVTR requirement with good evidence; condition matching unavailable due to missing storage temperature.,1.0,Preliminary Screening,Literature-Informed AI-Assisted,"Massey, L. (2003). Permeability Properties of Plastics and Elastomers, 2nd Ed. Plastics Design Library"
3.0,"moisture_gain, storage_temperature",3.33896341199743,4.06448890871635,0.72552549671892,0.239855016715655,,,15.0,,HDPE,MAT-02,PE,50.0,5.0,g/m2/day,5.0,5.0,1500.0,cm3/m2/day,1500.0,1500.0,0.9,Recommended,Score 0.90: Meets WVTR requirement with good evidence; condition matching unavailable due to missing storage temperature.,1.0,Preliminary Screening,Literature-Informed AI-Assisted,"Massey, L. (2003). Permeability Properties of Plastics and Elastomers, 2nd Ed. Plastics Design Library"
3.0,"moisture_gain, storage_temperature",3.33896341199743,4.06448890871635,0.72552549671892,0.239855016715655,,,15.0,,BOPP,MAT-03,PP,30.0,5.0,g/m2/day,5.0,5.0,1500.0,cm3/m2/day,1500.0,1500.0,0.9,Recommended,Score 0.90: Meets WVTR requirement with good evidence; condition matching unavailable due to missing storage temperature.,1.0,Preliminary Screening,Literature-Informed AI-Assisted,"Lange, J., & Wyser, Y. (2003). Recent innovations in barrier technologies for plastic packaging. Packaging Technology and Science"
3.0,"moisture_gain, storage_temperature",3.33896341199743,4.06448890871635,0.72552549671892,0.239855016715655,,,15.0,,PET,MAT-04,Polyester,25.0,20.0,g/m2/day,20.0,20.0,75.0,cm3/m2/day,75.0,75.0,0.667,Conditionally Recommended,Score 0.67: Near the limit or subject to evidence/condition limitations; condition matching unavailable due to missing storage temperature.,1.0,Preliminary Screening,Literature-Informed AI-Assisted,"Lange, J., & Wyser, Y. (2003). Recent innovations in barrier technologies for plastic packaging. Packaging Technology and Science"
3.0,"moisture_gain, storage_temperature",3.33896341199743,4.06448890871635,0.72552549671892,0.239855016715655,,,15.0,,Metallized PET,MAT-05,Laminate,15.0,1.0,g/m2/day,1.0,1.0,1.0,cm3/m2/day,1.0,1.0,0.86,Recommended,Score 0.86: Meets WVTR requirement with good evidence; condition matching unavailable due to missing storage temperature.,0.8,Preliminary Screening,Literature-Informed AI-Assisted,Requires source verification (formerly cited incorrect NPL Report)
3.0,"moisture_gain, storage_temperature",3.33896341199743,4.06448890871635,0.72552549671892,0.239855016715655,,,15.0,,EVOH Laminate,MAT-06,Laminate,50.0,10.0,g/m2/day,10.0,10.0,0.5,cm3/m2/day,0.5,0.5,0.9,Recommended,Score 0.90: Meets WVTR requirement with good evidence; condition matching unavailable due to missing storage temperature.,1.0,Preliminary Screening,Literature-Informed AI-Assisted,"Mokwena, K.K., et al. (2009). Oxygen transmission of multilayer EVOH films after microwave sterilization. Journal of Food Engineering 92, 291-296"
4.0,"moisture_gain, storage_temperature",3.20470925619488,4.23985574807153,1.0351464918766506,0.236557770305263,,,5.0,,LDPE,MAT-01,PE,50.0,15.0,g/m2/day,15.0,15.0,6000.0,cm3/m2/day,6000.0,6000.0,0.2,Not Recommended,Score 0.20: Fails WVTR screening limit or has severe data quality issues; condition matching unavailable due to missing storage temperature.,1.0,Preliminary Screening,Literature-Informed AI-Assisted,"Massey, L. (2003). Permeability Properties of Plastics and Elastomers, 2nd Ed. Plastics Design Library"
4.0,"moisture_gain, storage_temperature",3.20470925619488,4.23985574807153,1.0351464918766506,0.236557770305263,,,5.0,,HDPE,MAT-02,PE,50.0,5.0,g/m2/day,5.0,5.0,1500.0,cm3/m2/day,1500.0,1500.0,0.9,Recommended,Score 0.90: Meets WVTR requirement with good evidence; condition matching unavailable due to missing storage temperature.,1.0,Preliminary Screening,Literature-Informed AI-Assisted,"Massey, L. (2003). Permeability Properties of Plastics and Elastomers, 2nd Ed. Plastics Design Library"
4.0,"moisture_gain, storage_temperature",3.20470925619488,4.23985574807153,1.0351464918766506,0.236557770305263,,,5.0,,BOPP,MAT-03,PP,30.0,5.0,g/m2/day,5.0,5.0,1500.0,cm3/m2/day,1500.0,1500.0,0.9,Recommended,Score 0.90: Meets WVTR requirement with good evidence; condition matching unavailable due to missing storage temperature.,1.0,Preliminary Screening,Literature-Informed AI-Assisted,"Lange, J., & Wyser, Y. (2003). Recent innovations in barrier technologies for plastic packaging. Packaging Technology and Science"
4.0,"moisture_gain, storage_temperature",3.20470925619488,4.23985574807153,1.0351464918766506,0.236557770305263,,,5.0,,PET,MAT-04,Polyester,25.0,20.0,g/m2/day,20.0,20.0,75.0,cm3/m2/day,75.0,75.0,0.2,Not Recommended,Score 0.20: Fails WVTR screening limit or has severe data quality issues; condition matching unavailable due to missing storage temperature.,1.0,Preliminary Screening,Literature-Informed AI-Assisted,"Lange, J., & Wyser, Y. (2003). Recent innovations in barrier technologies for plastic packaging. Packaging Technology and Science"
4.0,"moisture_gain, storage_temperature",3.20470925619488,4.23985574807153,1.0351464918766506,0.236557770305263,,,5.0,,Metallized PET,MAT-05,Laminate,15.0,1.0,g/m2/day,1.0,1.0,1.0,cm3/m2/day,1.0,1.0,0.86,Recommended,Score 0.86: Meets WVTR requirement with good evidence; condition matching unavailable due to missing storage temperature.,0.8,Preliminary Screening,Literature-Informed AI-Assisted,Requires source verification (formerly cited incorrect NPL Report)
4.0,"moisture_gain, storage_temperature",3.20470925619488,4.23985574807153,1.0351464918766506,0.236557770305263,,,5.0,,EVOH Laminate,MAT-06,Laminate,50.0,10.0,g/m2/day,10.0,10.0,0.5,cm3/m2/day,0.5,0.5,0.2,Not Recommended,Score 0.20: Fails WVTR screening limit or has severe data quality issues; condition matching unavailable due to missing storage temperature.,1.0,Preliminary Screening,Literature-Informed AI-Assisted,"Mokwena, K.K., et al. (2009). Oxygen transmission of multilayer EVOH films after microwave sterilization. Journal of Food Engineering 92, 291-296"
5.0,"moisture_gain, storage_temperature",3.27158293559173,3.20226875752016,-0.06931417807156981,0.0971602015874122,,,30.0,,LDPE,MAT-01,PE,50.0,15.0,g/m2/day,15.0,15.0,6000.0,cm3/m2/day,6000.0,6000.0,0.9,Recommended,Score 0.90: Meets WVTR requirement with good evidence; condition matching unavailable due to missing storage temperature.,1.0,Preliminary Screening,Literature-Informed AI-Assisted,"Massey, L. (2003). Permeability Properties of Plastics and Elastomers, 2nd Ed. Plastics Design Library"
5.0,"moisture_gain, storage_temperature",3.27158293559173,3.20226875752016,-0.06931417807156981,0.0971602015874122,,,30.0,,HDPE,MAT-02,PE,50.0,5.0,g/m2/day,5.0,5.0,1500.0,cm3/m2/day,1500.0,1500.0,0.9,Recommended,Score 0.90: Meets WVTR requirement with good evidence; condition matching unavailable due to missing storage temperature.,1.0,Preliminary Screening,Literature-Informed AI-Assisted,"Massey, L. (2003). Permeability Properties of Plastics and Elastomers, 2nd Ed. Plastics Design Library"
5.0,"moisture_gain, storage_temperature",3.27158293559173,3.20226875752016,-0.06931417807156981,0.0971602015874122,,,30.0,,BOPP,MAT-03,PP,30.0,5.0,g/m2/day,5.0,5.0,1500.0,cm3/m2/day,1500.0,1500.0,0.9,Recommended,Score 0.90: Meets WVTR requirement with good evidence; condition matching unavailable due to missing storage temperature.,1.0,Preliminary Screening,Literature-Informed AI-Assisted,"Lange, J., & Wyser, Y. (2003). Recent innovations in barrier technologies for plastic packaging. Packaging Technology and Science"
5.0,"moisture_gain, storage_temperature",3.27158293559173,3.20226875752016,-0.06931417807156981,0.0971602015874122,,,30.0,,PET,MAT-04,Polyester,25.0,20.0,g/m2/day,20.0,20.0,75.0,cm3/m2/day,75.0,75.0,0.9,Recommended,Score 0.90: Meets WVTR requirement with good evidence; condition matching unavailable due to missing storage temperature.,1.0,Preliminary Screening,Literature-Informed AI-Assisted,"Lange, J., & Wyser, Y. (2003). Recent innovations in barrier technologies for plastic packaging. Packaging Technology and Science"
5.0,"moisture_gain, storage_temperature",3.27158293559173,3.20226875752016,-0.06931417807156981,0.0971602015874122,,,30.0,,Metallized PET,MAT-05,Laminate,15.0,1.0,g/m2/day,1.0,1.0,1.0,cm3/m2/day,1.0,1.0,0.86,Recommended,Score 0.86: Meets WVTR requirement with good evidence; condition matching unavailable due to missing storage temperature.,0.8,Preliminary Screening,Literature-Informed AI-Assisted,Requires source verification (formerly cited incorrect NPL Report)
5.0,"moisture_gain, storage_temperature",3.27158293559173,3.20226875752016,-0.06931417807156981,0.0971602015874122,,,30.0,,EVOH Laminate,MAT-06,Laminate,50.0,10.0,g/m2/day,10.0,10.0,0.5,cm3/m2/day,0.5,0.5,0.9,Recommended,Score 0.90: Meets WVTR requirement with good evidence; condition matching unavailable due to missing storage temperature.,1.0,Preliminary Screening,Literature-Informed AI-Assisted,"Mokwena, K.K., et al. (2009). Oxygen transmission of multilayer EVOH films after microwave sterilization. Journal of Food Engineering 92, 291-296"
6.0,"moisture_gain, storage_temperature",3.14728039668738,5.16762556488295,2.02034516819557,0.328940623994355,,,5.0,,LDPE,MAT-01,PE,50.0,15.0,g/m2/day,15.0,15.0,6000.0,cm3/m2/day,6000.0,6000.0,0.2,Not Recommended,Score 0.20: Fails WVTR screening limit or has severe data quality issues; condition matching unavailable due to missing storage temperature.,1.0,Preliminary Screening,Literature-Informed AI-Assisted,"Massey, L. (2003). Permeability Properties of Plastics and Elastomers, 2nd Ed. Plastics Design Library"
6.0,"moisture_gain, storage_temperature",3.14728039668738,5.16762556488295,2.02034516819557,0.328940623994355,,,5.0,,HDPE,MAT-02,PE,50.0,5.0,g/m2/day,5.0,5.0,1500.0,cm3/m2/day,1500.0,1500.0,0.9,Recommended,Score 0.90: Meets WVTR requirement with good evidence; condition matching unavailable due to missing storage temperature.,1.0,Preliminary Screening,Literature-Informed AI-Assisted,"Massey, L. (2003). Permeability Properties of Plastics and Elastomers, 2nd Ed. Plastics Design Library"
6.0,"moisture_gain, storage_temperature",3.14728039668738,5.16762556488295,2.02034516819557,0.328940623994355,,,5.0,,BOPP,MAT-03,PP,30.0,5.0,g/m2/day,5.0,5.0,1500.0,cm3/m2/day,1500.0,1500.0,0.9,Recommended,Score 0.90: Meets WVTR requirement with good evidence; condition matching unavailable due to missing storage temperature.,1.0,Preliminary Screening,Literature-Informed AI-Assisted,"Lange, J., & Wyser, Y. (2003). Recent innovations in barrier technologies for plastic packaging. Packaging Technology and Science"
6.0,"moisture_gain, storage_temperature",3.14728039668738,5.16762556488295,2.02034516819557,0.328940623994355,,,5.0,,PET,MAT-04,Polyester,25.0,20.0,g/m2/day,20.0,20.0,75.0,cm3/m2/day,75.0,75.0,0.2,Not Recommended,Score 0.20: Fails WVTR screening limit or has severe data quality issues; condition matching unavailable due to missing storage temperature.,1.0,Preliminary Screening,Literature-Informed AI-Assisted,"Lange, J., & Wyser, Y. (2003). Recent innovations in barrier technologies for plastic packaging. Packaging Technology and Science"
6.0,"moisture_gain, storage_temperature",3.14728039668738,5.16762556488295,2.02034516819557,0.328940623994355,,,5.0,,Metallized PET,MAT-05,Laminate,15.0,1.0,g/m2/day,1.0,1.0,1.0,cm3/m2/day,1.0,1.0,0.86,Recommended,Score 0.86: Meets WVTR requirement with good evidence; condition matching unavailable due to missing storage temperature.,0.8,Preliminary Screening,Literature-Informed AI-Assisted,Requires source verification (formerly cited incorrect NPL Report)
6.0,"moisture_gain, storage_temperature",3.14728039668738,5.16762556488295,2.02034516819557,0.328940623994355,,,5.0,,EVOH Laminate,MAT-06,Laminate,50.0,10.0,g/m2/day,10.0,10.0,0.5,cm3/m2/day,0.5,0.5,0.2,Not Recommended,Score 0.20: Fails WVTR screening limit or has severe data quality issues; condition matching unavailable due to missing storage temperature.,1.0,Preliminary Screening,Literature-Informed AI-Assisted,"Mokwena, K.K., et al. (2009). Oxygen transmission of multilayer EVOH films after microwave sterilization. Journal of Food Engineering 92, 291-296"
7.0,"moisture_gain, storage_temperature",3.25329972860975,3.89725236248653,0.64395263387678,0.240512871766518,,,15.0,,LDPE,MAT-01,PE,50.0,15.0,g/m2/day,15.0,15.0,6000.0,cm3/m2/day,6000.0,6000.0,0.9,Recommended,Score 0.90: Meets WVTR requirement with good evidence; condition matching unavailable due to missing storage temperature.,1.0,Preliminary Screening,Literature-Informed AI-Assisted,"Massey, L. (2003). Permeability Properties of Plastics and Elastomers, 2nd Ed. Plastics Design Library"
7.0,"moisture_gain, storage_temperature",3.25329972860975,3.89725236248653,0.64395263387678,0.240512871766518,,,15.0,,HDPE,MAT-02,PE,50.0,5.0,g/m2/day,5.0,5.0,1500.0,cm3/m2/day,1500.0,1500.0,0.9,Recommended,Score 0.90: Meets WVTR requirement with good evidence; condition matching unavailable due to missing storage temperature.,1.0,Preliminary Screening,Literature-Informed AI-Assisted,"Massey, L. (2003). Permeability Properties of Plastics and Elastomers, 2nd Ed. Plastics Design Library"
7.0,"moisture_gain, storage_temperature",3.25329972860975,3.89725236248653,0.64395263387678,0.240512871766518,,,15.0,,BOPP,MAT-03,PP,30.0,5.0,g/m2/day,5.0,5.0,1500.0,cm3/m2/day,1500.0,1500.0,0.9,Recommended,Score 0.90: Meets WVTR requirement with good evidence; condition matching unavailable due to missing storage temperature.,1.0,Preliminary Screening,Literature-Informed AI-Assisted,"Lange, J., & Wyser, Y. (2003). Recent innovations in barrier technologies for plastic packaging. Packaging Technology and Science"
7.0,"moisture_gain, storage_temperature",3.25329972860975,3.89725236248653,0.64395263387678,0.240512871766518,,,15.0,,PET,MAT-04,Polyester,25.0,20.0,g/m2/day,20.0,20.0,75.0,cm3/m2/day,75.0,75.0,0.667,Conditionally Recommended,Score 0.67: Near the limit or subject to evidence/condition limitations; condition matching unavailable due to missing storage temperature.,1.0,Preliminary Screening,Literature-Informed AI-Assisted,"Lange, J., & Wyser, Y. (2003). Recent innovations in barrier technologies for plastic packaging. Packaging Technology and Science"
7.0,"moisture_gain, storage_temperature",3.25329972860975,3.89725236248653,0.64395263387678,0.240512871766518,,,15.0,,Metallized PET,MAT-05,Laminate,15.0,1.0,g/m2/day,1.0,1.0,1.0,cm3/m2/day,1.0,1.0,0.86,Recommended,Score 0.86: Meets WVTR requirement with good evidence; condition matching unavailable due to missing storage temperature.,0.8,Preliminary Screening,Literature-Informed AI-Assisted,Requires source verification (formerly cited incorrect NPL Report)
7.0,"moisture_gain, storage_temperature",3.25329972860975,3.89725236248653,0.64395263387678,0.240512871766518,,,15.0,,EVOH Laminate,MAT-06,Laminate,50.0,10.0,g/m2/day,10.0,10.0,0.5,cm3/m2/day,0.5,0.5,0.9,Recommended,Score 0.90: Meets WVTR requirement with good evidence; condition matching unavailable due to missing storage temperature.,1.0,Preliminary Screening,Literature-Informed AI-Assisted,"Mokwena, K.K., et al. (2009). Oxygen transmission of multilayer EVOH films after microwave sterilization. Journal of Food Engineering 92, 291-296"
8.0,"moisture_gain, storage_temperature",3.27960412652865,4.10964683461092,0.8300427080822694,0.254324768311953,,,15.0,,LDPE,MAT-01,PE,50.0,15.0,g/m2/day,15.0,15.0,6000.0,cm3/m2/day,6000.0,6000.0,0.9,Recommended,Score 0.90: Meets WVTR requirement with good evidence; condition matching unavailable due to missing storage temperature.,1.0,Preliminary Screening,Literature-Informed AI-Assisted,"Massey, L. (2003). Permeability Properties of Plastics and Elastomers, 2nd Ed. Plastics Design Library"
8.0,"moisture_gain, storage_temperature",3.27960412652865,4.10964683461092,0.8300427080822694,0.254324768311953,,,15.0,,HDPE,MAT-02,PE,50.0,5.0,g/m2/day,5.0,5.0,1500.0,cm3/m2/day,1500.0,1500.0,0.9,Recommended,Score 0.90: Meets WVTR requirement with good evidence; condition matching unavailable due to missing storage temperature.,1.0,Preliminary Screening,Literature-Informed AI-Assisted,"Massey, L. (2003). Permeability Properties of Plastics and Elastomers, 2nd Ed. Plastics Design Library"
8.0,"moisture_gain, storage_temperature",3.27960412652865,4.10964683461092,0.8300427080822694,0.254324768311953,,,15.0,,BOPP,MAT-03,PP,30.0,5.0,g/m2/day,5.0,5.0,1500.0,cm3/m2/day,1500.0,1500.0,0.9,Recommended,Score 0.90: Meets WVTR requirement with good evidence; condition matching unavailable due to missing storage temperature.,1.0,Preliminary Screening,Literature-Informed AI-Assisted,"Lange, J., & Wyser, Y. (2003). Recent innovations in barrier technologies for plastic packaging. Packaging Technology and Science"
8.0,"moisture_gain, storage_temperature",3.27960412652865,4.10964683461092,0.8300427080822694,0.254324768311953,,,15.0,,PET,MAT-04,Polyester,25.0,20.0,g/m2/day,20.0,20.0,75.0,cm3/m2/day,75.0,75.0,0.667,Conditionally Recommended,Score 0.67: Near the limit or subject to evidence/condition limitations; condition matching unavailable due to missing storage temperature.,1.0,Preliminary Screening,Literature-Informed AI-Assisted,"Lange, J., & Wyser, Y. (2003). Recent innovations in barrier technologies for plastic packaging. Packaging Technology and Science"
8.0,"moisture_gain, storage_temperature",3.27960412652865,4.10964683461092,0.8300427080822694,0.254324768311953,,,15.0,,Metallized PET,MAT-05,Laminate,15.0,1.0,g/m2/day,1.0,1.0,1.0,cm3/m2/day,1.0,1.0,0.86,Recommended,Score 0.86: Meets WVTR requirement with good evidence; condition matching unavailable due to missing storage temperature.,0.8,Preliminary Screening,Literature-Informed AI-Assisted,Requires source verification (formerly cited incorrect NPL Report)
8.0,"moisture_gain, storage_temperature",3.27960412652865,4.10964683461092,0.8300427080822694,0.254324768311953,,,15.0,,EVOH Laminate,MAT-06,Laminate,50.0,10.0,g/m2/day,10.0,10.0,0.5,cm3/m2/day,0.5,0.5,0.9,Recommended,Score 0.90: Meets WVTR requirement with good evidence; condition matching unavailable due to missing storage temperature.,1.0,Preliminary Screening,Literature-Informed AI-Assisted,"Mokwena, K.K., et al. (2009). Oxygen transmission of multilayer EVOH films after microwave sterilization. Journal of Food Engineering 92, 291-296"
9.0,"moisture_gain, storage_temperature",3.21182621697966,3.45012731719476,0.2383011002151001,0.157035160020485,,,30.0,,LDPE,MAT-01,PE,50.0,15.0,g/m2/day,15.0,15.0,6000.0,cm3/m2/day,6000.0,6000.0,0.9,Recommended,Score 0.90: Meets WVTR requirement with good evidence; condition matching unavailable due to missing storage temperature.,1.0,Preliminary Screening,Literature-Informed AI-Assisted,"Massey, L. (2003). Permeability Properties of Plastics and Elastomers, 2nd Ed. Plastics Design Library"
9.0,"moisture_gain, storage_temperature",3.21182621697966,3.45012731719476,0.2383011002151001,0.157035160020485,,,30.0,,HDPE,MAT-02,PE,50.0,5.0,g/m2/day,5.0,5.0,1500.0,cm3/m2/day,1500.0,1500.0,0.9,Recommended,Score 0.90: Meets WVTR requirement with good evidence; condition matching unavailable due to missing storage temperature.,1.0,Preliminary Screening,Literature-Informed AI-Assisted,"Massey, L. (2003). Permeability Properties of Plastics and Elastomers, 2nd Ed. Plastics Design Library"
9.0,"moisture_gain, storage_temperature",3.21182621697966,3.45012731719476,0.2383011002151001,0.157035160020485,,,30.0,,BOPP,MAT-03,PP,30.0,5.0,g/m2/day,5.0,5.0,1500.0,cm3/m2/day,1500.0,1500.0,0.9,Recommended,Score 0.90: Meets WVTR requirement with good evidence; condition matching unavailable due to missing storage temperature.,1.0,Preliminary Screening,Literature-Informed AI-Assisted,"Lange, J., & Wyser, Y. (2003). Recent innovations in barrier technologies for plastic packaging. Packaging Technology and Science"
9.0,"moisture_gain, storage_temperature",3.21182621697966,3.45012731719476,0.2383011002151001,0.157035160020485,,,30.0,,PET,MAT-04,Polyester,25.0,20.0,g/m2/day,20.0,20.0,75.0,cm3/m2/day,75.0,75.0,0.9,Recommended,Score 0.90: Meets WVTR requirement with good evidence; condition matching unavailable due to missing storage temperature.,1.0,Preliminary Screening,Literature-Informed AI-Assisted,"Lange, J., & Wyser, Y. (2003). Recent innovations in barrier technologies for plastic packaging. Packaging Technology and Science"
9.0,"moisture_gain, storage_temperature",3.21182621697966,3.45012731719476,0.2383011002151001,0.157035160020485,,,30.0,,Metallized PET,MAT-05,Laminate,15.0,1.0,g/m2/day,1.0,1.0,1.0,cm3/m2/day,1.0,1.0,0.86,Recommended,Score 0.86: Meets WVTR requirement with good evidence; condition matching unavailable due to missing storage temperature.,0.8,Preliminary Screening,Literature-Informed AI-Assisted,Requires source verification (formerly cited incorrect NPL Report)
9.0,"moisture_gain, storage_temperature",3.21182621697966,3.45012731719476,0.2383011002151001,0.157035160020485,,,30.0,,EVOH Laminate,MAT-06,Laminate,50.0,10.0,g/m2/day,10.0,10.0,0.5,cm3/m2/day,0.5,0.5,0.9,Recommended,Score 0.90: Meets WVTR requirement with good evidence; condition matching unavailable due to missing storage temperature.,1.0,Preliminary Screening,Literature-Informed AI-Assisted,"Mokwena, K.K., et al. (2009). Oxygen transmission of multilayer EVOH films after microwave sterilization. Journal of Food Engineering 92, 291-296"
10.0,"moisture_gain, storage_temperature",3.1899461251489,3.46424434553001,0.27429822038110974,0.157383155281907,,,30.0,,LDPE,MAT-01,PE,50.0,15.0,g/m2/day,15.0,15.0,6000.0,cm3/m2/day,6000.0,6000.0,0.9,Recommended,Score 0.90: Meets WVTR requirement with good evidence; condition matching unavailable due to missing storage temperature.,1.0,Preliminary Screening,Literature-Informed AI-Assisted,"Massey, L. (2003). Permeability Properties of Plastics and Elastomers, 2nd Ed. Plastics Design Library"
10.0,"moisture_gain, storage_temperature",3.1899461251489,3.46424434553001,0.27429822038110974,0.157383155281907,,,30.0,,HDPE,MAT-02,PE,50.0,5.0,g/m2/day,5.0,5.0,1500.0,cm3/m2/day,1500.0,1500.0,0.9,Recommended,Score 0.90: Meets WVTR requirement with good evidence; condition matching unavailable due to missing storage temperature.,1.0,Preliminary Screening,Literature-Informed AI-Assisted,"Massey, L. (2003). Permeability Properties of Plastics and Elastomers, 2nd Ed. Plastics Design Library"
10.0,"moisture_gain, storage_temperature",3.1899461251489,3.46424434553001,0.27429822038110974,0.157383155281907,,,30.0,,BOPP,MAT-03,PP,30.0,5.0,g/m2/day,5.0,5.0,1500.0,cm3/m2/day,1500.0,1500.0,0.9,Recommended,Score 0.90: Meets WVTR requirement with good evidence; condition matching unavailable due to missing storage temperature.,1.0,Preliminary Screening,Literature-Informed AI-Assisted,"Lange, J., & Wyser, Y. (2003). Recent innovations in barrier technologies for plastic packaging. Packaging Technology and Science"
10.0,"moisture_gain, storage_temperature",3.1899461251489,3.46424434553001,0.27429822038110974,0.157383155281907,,,30.0,,PET,MAT-04,Polyester,25.0,20.0,g/m2/day,20.0,20.0,75.0,cm3/m2/day,75.0,75.0,0.9,Recommended,Score 0.90: Meets WVTR requirement with good evidence; condition matching unavailable due to missing storage temperature.,1.0,Preliminary Screening,Literature-Informed AI-Assisted,"Lange, J., & Wyser, Y. (2003). Recent innovations in barrier technologies for plastic packaging. Packaging Technology and Science"
10.0,"moisture_gain, storage_temperature",3.1899461251489,3.46424434553001,0.27429822038110974,0.157383155281907,,,30.0,,Metallized PET,MAT-05,Laminate,15.0,1.0,g/m2/day,1.0,1.0,1.0,cm3/m2/day,1.0,1.0,0.86,Recommended,Score 0.86: Meets WVTR requirement with good evidence; condition matching unavailable due to missing storage temperature.,0.8,Preliminary Screening,Literature-Informed AI-Assisted,Requires source verification (formerly cited incorrect NPL Report)
10.0,"moisture_gain, storage_temperature",3.1899461251489,3.46424434553001,0.27429822038110974,0.157383155281907,,,30.0,,EVOH Laminate,MAT-06,Laminate,50.0,10.0,g/m2/day,10.0,10.0,0.5,cm3/m2/day,0.5,0.5,0.9,Recommended,Score 0.90: Meets WVTR requirement with good evidence; condition matching unavailable due to missing storage temperature.,1.0,Preliminary Screening,Literature-Informed AI-Assisted,"Mokwena, K.K., et al. (2009). Oxygen transmission of multilayer EVOH films after microwave sterilization. Journal of Food Engineering 92, 291-296"
11.0,"moisture_gain, storage_temperature",3.07800790556085,4.23744947861513,1.1594415730542806,0.249925900820538,,,5.0,,LDPE,MAT-01,PE,50.0,15.0,g/m2/day,15.0,15.0,6000.0,cm3/m2/day,6000.0,6000.0,0.2,Not Recommended,Score 0.20: Fails WVTR screening limit or has severe data quality issues; condition matching unavailable due to missing storage temperature.,1.0,Preliminary Screening,Literature-Informed AI-Assisted,"Massey, L. (2003). Permeability Properties of Plastics and Elastomers, 2nd Ed. Plastics Design Library"
11.0,"moisture_gain, storage_temperature",3.07800790556085,4.23744947861513,1.1594415730542806,0.249925900820538,,,5.0,,HDPE,MAT-02,PE,50.0,5.0,g/m2/day,5.0,5.0,1500.0,cm3/m2/day,1500.0,1500.0,0.9,Recommended,Score 0.90: Meets WVTR requirement with good evidence; condition matching unavailable due to missing storage temperature.,1.0,Preliminary Screening,Literature-Informed AI-Assisted,"Massey, L. (2003). Permeability Properties of Plastics and Elastomers, 2nd Ed. Plastics Design Library"
11.0,"moisture_gain, storage_temperature",3.07800790556085,4.23744947861513,1.1594415730542806,0.249925900820538,,,5.0,,BOPP,MAT-03,PP,30.0,5.0,g/m2/day,5.0,5.0,1500.0,cm3/m2/day,1500.0,1500.0,0.9,Recommended,Score 0.90: Meets WVTR requirement with good evidence; condition matching unavailable due to missing storage temperature.,1.0,Preliminary Screening,Literature-Informed AI-Assisted,"Lange, J., & Wyser, Y. (2003). Recent innovations in barrier technologies for plastic packaging. Packaging Technology and Science"
11.0,"moisture_gain, storage_temperature",3.07800790556085,4.23744947861513,1.1594415730542806,0.249925900820538,,,5.0,,PET,MAT-04,Polyester,25.0,20.0,g/m2/day,20.0,20.0,75.0,cm3/m2/day,75.0,75.0,0.2,Not Recommended,Score 0.20: Fails WVTR screening limit or has severe data quality issues; condition matching unavailable due to missing storage temperature.,1.0,Preliminary Screening,Literature-Informed AI-Assisted,"Lange, J., & Wyser, Y. (2003). Recent innovations in barrier technologies for plastic packaging. Packaging Technology and Science"
11.0,"moisture_gain, storage_temperature",3.07800790556085,4.23744947861513,1.1594415730542806,0.249925900820538,,,5.0,,Metallized PET,MAT-05,Laminate,15.0,1.0,g/m2/day,1.0,1.0,1.0,cm3/m2/day,1.0,1.0,0.86,Recommended,Score 0.86: Meets WVTR requirement with good evidence; condition matching unavailable due to missing storage temperature.,0.8,Preliminary Screening,Literature-Informed AI-Assisted,Requires source verification (formerly cited incorrect NPL Report)
11.0,"moisture_gain, storage_temperature",3.07800790556085,4.23744947861513,1.1594415730542806,0.249925900820538,,,5.0,,EVOH Laminate,MAT-06,Laminate,50.0,10.0,g/m2/day,10.0,10.0,0.5,cm3/m2/day,0.5,0.5,0.2,Not Recommended,Score 0.20: Fails WVTR screening limit or has severe data quality issues; condition matching unavailable due to missing storage temperature.,1.0,Preliminary Screening,Literature-Informed AI-Assisted,"Mokwena, K.K., et al. (2009). Oxygen transmission of multilayer EVOH films after microwave sterilization. Journal of Food Engineering 92, 291-296"
12.0,"moisture_gain, storage_temperature",3.25337852751197,3.34470255204946,0.09132402453749,0.100173866946559,,,30.0,,LDPE,MAT-01,PE,50.0,15.0,g/m2/day,15.0,15.0,6000.0,cm3/m2/day,6000.0,6000.0,0.9,Recommended,Score 0.90: Meets WVTR requirement with good evidence; condition matching unavailable due to missing storage temperature.,1.0,Preliminary Screening,Literature-Informed AI-Assisted,"Massey, L. (2003). Permeability Properties of Plastics and Elastomers, 2nd Ed. Plastics Design Library"
12.0,"moisture_gain, storage_temperature",3.25337852751197,3.34470255204946,0.09132402453749,0.100173866946559,,,30.0,,HDPE,MAT-02,PE,50.0,5.0,g/m2/day,5.0,5.0,1500.0,cm3/m2/day,1500.0,1500.0,0.9,Recommended,Score 0.90: Meets WVTR requirement with good evidence; condition matching unavailable due to missing storage temperature.,1.0,Preliminary Screening,Literature-Informed AI-Assisted,"Massey, L. (2003). Permeability Properties of Plastics and Elastomers, 2nd Ed. Plastics Design Library"
12.0,"moisture_gain, storage_temperature",3.25337852751197,3.34470255204946,0.09132402453749,0.100173866946559,,,30.0,,BOPP,MAT-03,PP,30.0,5.0,g/m2/day,5.0,5.0,1500.0,cm3/m2/day,1500.0,1500.0,0.9,Recommended,Score 0.90: Meets WVTR requirement with good evidence; condition matching unavailable due to missing storage temperature.,1.0,Preliminary Screening,Literature-Informed AI-Assisted,"Lange, J., & Wyser, Y. (2003). Recent innovations in barrier technologies for plastic packaging. Packaging Technology and Science"
12.0,"moisture_gain, storage_temperature",3.25337852751197,3.34470255204946,0.09132402453749,0.100173866946559,,,30.0,,PET,MAT-04,Polyester,25.0,20.0,g/m2/day,20.0,20.0,75.0,cm3/m2/day,75.0,75.0,0.9,Recommended,Score 0.90: Meets WVTR requirement with good evidence; condition matching unavailable due to missing storage temperature.,1.0,Preliminary Screening,Literature-Informed AI-Assisted,"Lange, J., & Wyser, Y. (2003). Recent innovations in barrier technologies for plastic packaging. Packaging Technology and Science"
12.0,"moisture_gain, storage_temperature",3.25337852751197,3.34470255204946,0.09132402453749,0.100173866946559,,,30.0,,Metallized PET,MAT-05,Laminate,15.0,1.0,g/m2/day,1.0,1.0,1.0,cm3/m2/day,1.0,1.0,0.86,Recommended,Score 0.86: Meets WVTR requirement with good evidence; condition matching unavailable due to missing storage temperature.,0.8,Preliminary Screening,Literature-Informed AI-Assisted,Requires source verification (formerly cited incorrect NPL Report)
12.0,"moisture_gain, storage_temperature",3.25337852751197,3.34470255204946,0.09132402453749,0.100173866946559,,,30.0,,EVOH Laminate,MAT-06,Laminate,50.0,10.0,g/m2/day,10.0,10.0,0.5,cm3/m2/day,0.5,0.5,0.9,Recommended,Score 0.90: Meets WVTR requirement with good evidence; condition matching unavailable due to missing storage temperature.,1.0,Preliminary Screening,Literature-Informed AI-Assisted,"Mokwena, K.K., et al. (2009). Oxygen transmission of multilayer EVOH films after microwave sterilization. Journal of Food Engineering 92, 291-296"
13.0,"moisture_gain, storage_temperature",3.20756696357919,5.22794649818262,2.0203795346034297,0.33515251137824,,,5.0,,LDPE,MAT-01,PE,50.0,15.0,g/m2/day,15.0,15.0,6000.0,cm3/m2/day,6000.0,6000.0,0.2,Not Recommended,Score 0.20: Fails WVTR screening limit or has severe data quality issues; condition matching unavailable due to missing storage temperature.,1.0,Preliminary Screening,Literature-Informed AI-Assisted,"Massey, L. (2003). Permeability Properties of Plastics and Elastomers, 2nd Ed. Plastics Design Library"
13.0,"moisture_gain, storage_temperature",3.20756696357919,5.22794649818262,2.0203795346034297,0.33515251137824,,,5.0,,HDPE,MAT-02,PE,50.0,5.0,g/m2/day,5.0,5.0,1500.0,cm3/m2/day,1500.0,1500.0,0.9,Recommended,Score 0.90: Meets WVTR requirement with good evidence; condition matching unavailable due to missing storage temperature.,1.0,Preliminary Screening,Literature-Informed AI-Assisted,"Massey, L. (2003). Permeability Properties of Plastics and Elastomers, 2nd Ed. Plastics Design Library"
13.0,"moisture_gain, storage_temperature",3.20756696357919,5.22794649818262,2.0203795346034297,0.33515251137824,,,5.0,,BOPP,MAT-03,PP,30.0,5.0,g/m2/day,5.0,5.0,1500.0,cm3/m2/day,1500.0,1500.0,0.9,Recommended,Score 0.90: Meets WVTR requirement with good evidence; condition matching unavailable due to missing storage temperature.,1.0,Preliminary Screening,Literature-Informed AI-Assisted,"Lange, J., & Wyser, Y. (2003). Recent innovations in barrier technologies for plastic packaging. Packaging Technology and Science"
13.0,"moisture_gain, storage_temperature",3.20756696357919,5.22794649818262,2.0203795346034297,0.33515251137824,,,5.0,,PET,MAT-04,Polyester,25.0,20.0,g/m2/day,20.0,20.0,75.0,cm3/m2/day,75.0,75.0,0.2,Not Recommended,Score 0.20: Fails WVTR screening limit or has severe data quality issues; condition matching unavailable due to missing storage temperature.,1.0,Preliminary Screening,Literature-Informed AI-Assisted,"Lange, J., & Wyser, Y. (2003). Recent innovations in barrier technologies for plastic packaging. Packaging Technology and Science"
13.0,"moisture_gain, storage_temperature",3.20756696357919,5.22794649818262,2.0203795346034297,0.33515251137824,,,5.0,,Metallized PET,MAT-05,Laminate,15.0,1.0,g/m2/day,1.0,1.0,1.0,cm3/m2/day,1.0,1.0,0.86,Recommended,Score 0.86: Meets WVTR requirement with good evidence; condition matching unavailable due to missing storage temperature.,0.8,Preliminary Screening,Literature-Informed AI-Assisted,Requires source verification (formerly cited incorrect NPL Report)
13.0,"moisture_gain, storage_temperature",3.20756696357919,5.22794649818262,2.0203795346034297,0.33515251137824,,,5.0,,EVOH Laminate,MAT-06,Laminate,50.0,10.0,g/m2/day,10.0,10.0,0.5,cm3/m2/day,0.5,0.5,0.2,Not Recommended,Score 0.20: Fails WVTR screening limit or has severe data quality issues; condition matching unavailable due to missing storage temperature.,1.0,Preliminary Screening,Literature-Informed AI-Assisted,"Mokwena, K.K., et al. (2009). Oxygen transmission of multilayer EVOH films after microwave sterilization. Journal of Food Engineering 92, 291-296"
14.0,"moisture_gain, storage_temperature",3.2660418569297,4.11094896351683,0.8449071065871303,0.237588489517853,,,15.0,,LDPE,MAT-01,PE,50.0,15.0,g/m2/day,15.0,15.0,6000.0,cm3/m2/day,6000.0,6000.0,0.9,Recommended,Score 0.90: Meets WVTR requirement with good evidence; condition matching unavailable due to missing storage temperature.,1.0,Preliminary Screening,Literature-Informed AI-Assisted,"Massey, L. (2003). Permeability Properties of Plastics and Elastomers, 2nd Ed. Plastics Design Library"
14.0,"moisture_gain, storage_temperature",3.2660418569297,4.11094896351683,0.8449071065871303,0.237588489517853,,,15.0,,HDPE,MAT-02,PE,50.0,5.0,g/m2/day,5.0,5.0,1500.0,cm3/m2/day,1500.0,1500.0,0.9,Recommended,Score 0.90: Meets WVTR requirement with good evidence; condition matching unavailable due to missing storage temperature.,1.0,Preliminary Screening,Literature-Informed AI-Assisted,"Massey, L. (2003). Permeability Properties of Plastics and Elastomers, 2nd Ed. Plastics Design Library"
14.0,"moisture_gain, storage_temperature",3.2660418569297,4.11094896351683,0.8449071065871303,0.237588489517853,,,15.0,,BOPP,MAT-03,PP,30.0,5.0,g/m2/day,5.0,5.0,1500.0,cm3/m2/day,1500.0,1500.0,0.9,Recommended,Score 0.90: Meets WVTR requirement with good evidence; condition matching unavailable due to missing storage temperature.,1.0,Preliminary Screening,Literature-Informed AI-Assisted,"Lange, J., & Wyser, Y. (2003). Recent innovations in barrier technologies for plastic packaging. Packaging Technology and Science"
14.0,"moisture_gain, storage_temperature",3.2660418569297,4.11094896351683,0.8449071065871303,0.237588489517853,,,15.0,,PET,MAT-04,Polyester,25.0,20.0,g/m2/day,20.0,20.0,75.0,cm3/m2/day,75.0,75.0,0.667,Conditionally Recommended,Score 0.67: Near the limit or subject to evidence/condition limitations; condition matching unavailable due to missing storage temperature.,1.0,Preliminary Screening,Literature-Informed AI-Assisted,"Lange, J., & Wyser, Y. (2003). Recent innovations in barrier technologies for plastic packaging. Packaging Technology and Science"
14.0,"moisture_gain, storage_temperature",3.2660418569297,4.11094896351683,0.8449071065871303,0.237588489517853,,,15.0,,Metallized PET,MAT-05,Laminate,15.0,1.0,g/m2/day,1.0,1.0,1.0,cm3/m2/day,1.0,1.0,0.86,Recommended,Score 0.86: Meets WVTR requirement with good evidence; condition matching unavailable due to missing storage temperature.,0.8,Preliminary Screening,Literature-Informed AI-Assisted,Requires source verification (formerly cited incorrect NPL Report)
14.0,"moisture_gain, storage_temperature",3.2660418569297,4.11094896351683,0.8449071065871303,0.237588489517853,,,15.0,,EVOH Laminate,MAT-06,Laminate,50.0,10.0,g/m2/day,10.0,10.0,0.5,cm3/m2/day,0.5,0.5,0.9,Recommended,Score 0.90: Meets WVTR requirement with good evidence; condition matching unavailable due to missing storage temperature.,1.0,Preliminary Screening,Literature-Informed AI-Assisted,"Mokwena, K.K., et al. (2009). Oxygen transmission of multilayer EVOH films after microwave sterilization. Journal of Food Engineering 92, 291-296"
15.0,"moisture_gain, storage_temperature",3.08634802507137,3.41826251144764,0.3319144863762702,0.158805618485427,,,30.0,,LDPE,MAT-01,PE,50.0,15.0,g/m2/day,15.0,15.0,6000.0,cm3/m2/day,6000.0,6000.0,0.9,Recommended,Score 0.90: Meets WVTR requirement with good evidence; condition matching unavailable due to missing storage temperature.,1.0,Preliminary Screening,Literature-Informed AI-Assisted,"Massey, L. (2003). Permeability Properties of Plastics and Elastomers, 2nd Ed. Plastics Design Library"
15.0,"moisture_gain, storage_temperature",3.08634802507137,3.41826251144764,0.3319144863762702,0.158805618485427,,,30.0,,HDPE,MAT-02,PE,50.0,5.0,g/m2/day,5.0,5.0,1500.0,cm3/m2/day,1500.0,1500.0,0.9,Recommended,Score 0.90: Meets WVTR requirement with good evidence; condition matching unavailable due to missing storage temperature.,1.0,Preliminary Screening,Literature-Informed AI-Assisted,"Massey, L. (2003). Permeability Properties of Plastics and Elastomers, 2nd Ed. Plastics Design Library"
15.0,"moisture_gain, storage_temperature",3.08634802507137,3.41826251144764,0.3319144863762702,0.158805618485427,,,30.0,,BOPP,MAT-03,PP,30.0,5.0,g/m2/day,5.0,5.0,1500.0,cm3/m2/day,1500.0,1500.0,0.9,Recommended,Score 0.90: Meets WVTR requirement with good evidence; condition matching unavailable due to missing storage temperature.,1.0,Preliminary Screening,Literature-Informed AI-Assisted,"Lange, J., & Wyser, Y. (2003). Recent innovations in barrier technologies for plastic packaging. Packaging Technology and Science"
15.0,"moisture_gain, storage_temperature",3.08634802507137,3.41826251144764,0.3319144863762702,0.158805618485427,,,30.0,,PET,MAT-04,Polyester,25.0,20.0,g/m2/day,20.0,20.0,75.0,cm3/m2/day,75.0,75.0,0.9,Recommended,Score 0.90: Meets WVTR requirement with good evidence; condition matching unavailable due to missing storage temperature.,1.0,Preliminary Screening,Literature-Informed AI-Assisted,"Lange, J., & Wyser, Y. (2003). Recent innovations in barrier technologies for plastic packaging. Packaging Technology and Science"
15.0,"moisture_gain, storage_temperature",3.08634802507137,3.41826251144764,0.3319144863762702,0.158805618485427,,,30.0,,Metallized PET,MAT-05,Laminate,15.0,1.0,g/m2/day,1.0,1.0,1.0,cm3/m2/day,1.0,1.0,0.86,Recommended,Score 0.86: Meets WVTR requirement with good evidence; condition matching unavailable due to missing storage temperature.,0.8,Preliminary Screening,Literature-Informed AI-Assisted,Requires source verification (formerly cited incorrect NPL Report)
15.0,"moisture_gain, storage_temperature",3.08634802507137,3.41826251144764,0.3319144863762702,0.158805618485427,,,30.0,,EVOH Laminate,MAT-06,Laminate,50.0,10.0,g/m2/day,10.0,10.0,0.5,cm3/m2/day,0.5,0.5,0.9,Recommended,Score 0.90: Meets WVTR requirement with good evidence; condition matching unavailable due to missing storage temperature.,1.0,Preliminary Screening,Literature-Informed AI-Assisted,"Mokwena, K.K., et al. (2009). Oxygen transmission of multilayer EVOH films after microwave sterilization. Journal of Food Engineering 92, 291-296"
16.0,"moisture_gain, storage_temperature",3.17261868151103,4.20230809420052,1.0296894126894895,0.240440050905471,,,5.0,,LDPE,MAT-01,PE,50.0,15.0,g/m2/day,15.0,15.0,6000.0,cm3/m2/day,6000.0,6000.0,0.2,Not Recommended,Score 0.20: Fails WVTR screening limit or has severe data quality issues; condition matching unavailable due to missing storage temperature.,1.0,Preliminary Screening,Literature-Informed AI-Assisted,"Massey, L. (2003). Permeability Properties of Plastics and Elastomers, 2nd Ed. Plastics Design Library"
16.0,"moisture_gain, storage_temperature",3.17261868151103,4.20230809420052,1.0296894126894895,0.240440050905471,,,5.0,,HDPE,MAT-02,PE,50.0,5.0,g/m2/day,5.0,5.0,1500.0,cm3/m2/day,1500.0,1500.0,0.9,Recommended,Score 0.90: Meets WVTR requirement with good evidence; condition matching unavailable due to missing storage temperature.,1.0,Preliminary Screening,Literature-Informed AI-Assisted,"Massey, L. (2003). Permeability Properties of Plastics and Elastomers, 2nd Ed. Plastics Design Library"
16.0,"moisture_gain, storage_temperature",3.17261868151103,4.20230809420052,1.0296894126894895,0.240440050905471,,,5.0,,BOPP,MAT-03,PP,30.0,5.0,g/m2/day,5.0,5.0,1500.0,cm3/m2/day,1500.0,1500.0,0.9,Recommended,Score 0.90: Meets WVTR requirement with good evidence; condition matching unavailable due to missing storage temperature.,1.0,Preliminary Screening,Literature-Informed AI-Assisted,"Lange, J., & Wyser, Y. (2003). Recent innovations in barrier technologies for plastic packaging. Packaging Technology and Science"
16.0,"moisture_gain, storage_temperature",3.17261868151103,4.20230809420052,1.0296894126894895,0.240440050905471,,,5.0,,PET,MAT-04,Polyester,25.0,20.0,g/m2/day,20.0,20.0,75.0,cm3/m2/day,75.0,75.0,0.2,Not Recommended,Score 0.20: Fails WVTR screening limit or has severe data quality issues; condition matching unavailable due to missing storage temperature.,1.0,Preliminary Screening,Literature-Informed AI-Assisted,"Lange, J., & Wyser, Y. (2003). Recent innovations in barrier technologies for plastic packaging. Packaging Technology and Science"
16.0,"moisture_gain, storage_temperature",3.17261868151103,4.20230809420052,1.0296894126894895,0.240440050905471,,,5.0,,Metallized PET,MAT-05,Laminate,15.0,1.0,g/m2/day,1.0,1.0,1.0,cm3/m2/day,1.0,1.0,0.86,Recommended,Score 0.86: Meets WVTR requirement with good evidence; condition matching unavailable due to missing storage temperature.,0.8,Preliminary Screening,Literature-Informed AI-Assisted,Requires source verification (formerly cited incorrect NPL Report)
16.0,"moisture_gain, storage_temperature",3.17261868151103,4.20230809420052,1.0296894126894895,0.240440050905471,,,5.0,,EVOH Laminate,MAT-06,Laminate,50.0,10.0,g/m2/day,10.0,10.0,0.5,cm3/m2/day,0.5,0.5,0.2,Not Recommended,Score 0.20: Fails WVTR screening limit or has severe data quality issues; condition matching unavailable due to missing storage temperature.,1.0,Preliminary Screening,Literature-Informed AI-Assisted,"Mokwena, K.K., et al. (2009). Oxygen transmission of multilayer EVOH films after microwave sterilization. Journal of Food Engineering 92, 291-296"
17.0,"moisture_gain, storage_temperature",3.07186696387715,3.25958321074886,0.18771624687170974,0.103408718278191,,,30.0,,LDPE,MAT-01,PE,50.0,15.0,g/m2/day,15.0,15.0,6000.0,cm3/m2/day,6000.0,6000.0,0.9,Recommended,Score 0.90: Meets WVTR requirement with good evidence; condition matching unavailable due to missing storage temperature.,1.0,Preliminary Screening,Literature-Informed AI-Assisted,"Massey, L. (2003). Permeability Properties of Plastics and Elastomers, 2nd Ed. Plastics Design Library"
17.0,"moisture_gain, storage_temperature",3.07186696387715,3.25958321074886,0.18771624687170974,0.103408718278191,,,30.0,,HDPE,MAT-02,PE,50.0,5.0,g/m2/day,5.0,5.0,1500.0,cm3/m2/day,1500.0,1500.0,0.9,Recommended,Score 0.90: Meets WVTR requirement with good evidence; condition matching unavailable due to missing storage temperature.,1.0,Preliminary Screening,Literature-Informed AI-Assisted,"Massey, L. (2003). Permeability Properties of Plastics and Elastomers, 2nd Ed. Plastics Design Library"
17.0,"moisture_gain, storage_temperature",3.07186696387715,3.25958321074886,0.18771624687170974,0.103408718278191,,,30.0,,BOPP,MAT-03,PP,30.0,5.0,g/m2/day,5.0,5.0,1500.0,cm3/m2/day,1500.0,1500.0,0.9,Recommended,Score 0.90: Meets WVTR requirement with good evidence; condition matching unavailable due to missing storage temperature.,1.0,Preliminary Screening,Literature-Informed AI-Assisted,"Lange, J., & Wyser, Y. (2003). Recent innovations in barrier technologies for plastic packaging. Packaging Technology and Science"
17.0,"moisture_gain, storage_temperature",3.07186696387715,3.25958321074886,0.18771624687170974,0.103408718278191,,,30.0,,PET,MAT-04,Polyester,25.0,20.0,g/m2/day,20.0,20.0,75.0,cm3/m2/day,75.0,75.0,0.9,Recommended,Score 0.90: Meets WVTR requirement with good evidence; condition matching unavailable due to missing storage temperature.,1.0,Preliminary Screening,Literature-Informed AI-Assisted,"Lange, J., & Wyser, Y. (2003). Recent innovations in barrier technologies for plastic packaging. Packaging Technology and Science"
17.0,"moisture_gain, storage_temperature",3.07186696387715,3.25958321074886,0.18771624687170974,0.103408718278191,,,30.0,,Metallized PET,MAT-05,Laminate,15.0,1.0,g/m2/day,1.0,1.0,1.0,cm3/m2/day,1.0,1.0,0.86,Recommended,Score 0.86: Meets WVTR requirement with good evidence; condition matching unavailable due to missing storage temperature.,0.8,Preliminary Screening,Literature-Informed AI-Assisted,Requires source verification (formerly cited incorrect NPL Report)
17.0,"moisture_gain, storage_temperature",3.07186696387715,3.25958321074886,0.18771624687170974,0.103408718278191,,,30.0,,EVOH Laminate,MAT-06,Laminate,50.0,10.0,g/m2/day,10.0,10.0,0.5,cm3/m2/day,0.5,0.5,0.9,Recommended,Score 0.90: Meets WVTR requirement with good evidence; condition matching unavailable due to missing storage temperature.,1.0,Preliminary Screening,Literature-Informed AI-Assisted,"Mokwena, K.K., et al. (2009). Oxygen transmission of multilayer EVOH films after microwave sterilization. Journal of Food Engineering 92, 291-296"
18.0,"moisture_gain, storage_temperature",3.31968480999567,3.56145263351328,0.24176782351760995,0.155658042887001,,,30.0,,LDPE,MAT-01,PE,50.0,15.0,g/m2/day,15.0,15.0,6000.0,cm3/m2/day,6000.0,6000.0,0.9,Recommended,Score 0.90: Meets WVTR requirement with good evidence; condition matching unavailable due to missing storage temperature.,1.0,Preliminary Screening,Literature-Informed AI-Assisted,"Massey, L. (2003). Permeability Properties of Plastics and Elastomers, 2nd Ed. Plastics Design Library"
18.0,"moisture_gain, storage_temperature",3.31968480999567,3.56145263351328,0.24176782351760995,0.155658042887001,,,30.0,,HDPE,MAT-02,PE,50.0,5.0,g/m2/day,5.0,5.0,1500.0,cm3/m2/day,1500.0,1500.0,0.9,Recommended,Score 0.90: Meets WVTR requirement with good evidence; condition matching unavailable due to missing storage temperature.,1.0,Preliminary Screening,Literature-Informed AI-Assisted,"Massey, L. (2003). Permeability Properties of Plastics and Elastomers, 2nd Ed. Plastics Design Library"
18.0,"moisture_gain, storage_temperature",3.31968480999567,3.56145263351328,0.24176782351760995,0.155658042887001,,,30.0,,BOPP,MAT-03,PP,30.0,5.0,g/m2/day,5.0,5.0,1500.0,cm3/m2/day,1500.0,1500.0,0.9,Recommended,Score 0.90: Meets WVTR requirement with good evidence; condition matching unavailable due to missing storage temperature.,1.0,Preliminary Screening,Literature-Informed AI-Assisted,"Lange, J., & Wyser, Y. (2003). Recent innovations in barrier technologies for plastic packaging. Packaging Technology and Science"
18.0,"moisture_gain, storage_temperature",3.31968480999567,3.56145263351328,0.24176782351760995,0.155658042887001,,,30.0,,PET,MAT-04,Polyester,25.0,20.0,g/m2/day,20.0,20.0,75.0,cm3/m2/day,75.0,75.0,0.9,Recommended,Score 0.90: Meets WVTR requirement with good evidence; condition matching unavailable due to missing storage temperature.,1.0,Preliminary Screening,Literature-Informed AI-Assisted,"Lange, J., & Wyser, Y. (2003). Recent innovations in barrier technologies for plastic packaging. Packaging Technology and Science"
18.0,"moisture_gain, storage_temperature",3.31968480999567,3.56145263351328,0.24176782351760995,0.155658042887001,,,30.0,,Metallized PET,MAT-05,Laminate,15.0,1.0,g/m2/day,1.0,1.0,1.0,cm3/m2/day,1.0,1.0,0.86,Recommended,Score 0.86: Meets WVTR requirement with good evidence; condition matching unavailable due to missing storage temperature.,0.8,Preliminary Screening,Literature-Informed AI-Assisted,Requires source verification (formerly cited incorrect NPL Report)
18.0,"moisture_gain, storage_temperature",3.31968480999567,3.56145263351328,0.24176782351760995,0.155658042887001,,,30.0,,EVOH Laminate,MAT-06,Laminate,50.0,10.0,g/m2/day,10.0,10.0,0.5,cm3/m2/day,0.5,0.5,0.9,Recommended,Score 0.90: Meets WVTR requirement with good evidence; condition matching unavailable due to missing storage temperature.,1.0,Preliminary Screening,Literature-Informed AI-Assisted,"Mokwena, K.K., et al. (2009). Oxygen transmission of multilayer EVOH films after microwave sterilization. Journal of Food Engineering 92, 291-296"
19.0,"moisture_gain, storage_temperature",3.24159005873261,5.10194577070651,1.8603557119739,0.335079447861139,,,5.0,,LDPE,MAT-01,PE,50.0,15.0,g/m2/day,15.0,15.0,6000.0,cm3/m2/day,6000.0,6000.0,0.2,Not Recommended,Score 0.20: Fails WVTR screening limit or has severe data quality issues; condition matching unavailable due to missing storage temperature.,1.0,Preliminary Screening,Literature-Informed AI-Assisted,"Massey, L. (2003). Permeability Properties of Plastics and Elastomers, 2nd Ed. Plastics Design Library"
19.0,"moisture_gain, storage_temperature",3.24159005873261,5.10194577070651,1.8603557119739,0.335079447861139,,,5.0,,HDPE,MAT-02,PE,50.0,5.0,g/m2/day,5.0,5.0,1500.0,cm3/m2/day,1500.0,1500.0,0.9,Recommended,Score 0.90: Meets WVTR requirement with good evidence; condition matching unavailable due to missing storage temperature.,1.0,Preliminary Screening,Literature-Informed AI-Assisted,"Massey, L. (2003). Permeability Properties of Plastics and Elastomers, 2nd Ed. Plastics Design Library"
19.0,"moisture_gain, storage_temperature",3.24159005873261,5.10194577070651,1.8603557119739,0.335079447861139,,,5.0,,BOPP,MAT-03,PP,30.0,5.0,g/m2/day,5.0,5.0,1500.0,cm3/m2/day,1500.0,1500.0,0.9,Recommended,Score 0.90: Meets WVTR requirement with good evidence; condition matching unavailable due to missing storage temperature.,1.0,Preliminary Screening,Literature-Informed AI-Assisted,"Lange, J., & Wyser, Y. (2003). Recent innovations in barrier technologies for plastic packaging. Packaging Technology and Science"
19.0,"moisture_gain, storage_temperature",3.24159005873261,5.10194577070651,1.8603557119739,0.335079447861139,,,5.0,,PET,MAT-04,Polyester,25.0,20.0,g/m2/day,20.0,20.0,75.0,cm3/m2/day,75.0,75.0,0.2,Not Recommended,Score 0.20: Fails WVTR screening limit or has severe data quality issues; condition matching unavailable due to missing storage temperature.,1.0,Preliminary Screening,Literature-Informed AI-Assisted,"Lange, J., & Wyser, Y. (2003). Recent innovations in barrier technologies for plastic packaging. Packaging Technology and Science"
19.0,"moisture_gain, storage_temperature",3.24159005873261,5.10194577070651,1.8603557119739,0.335079447861139,,,5.0,,Metallized PET,MAT-05,Laminate,15.0,1.0,g/m2/day,1.0,1.0,1.0,cm3/m2/day,1.0,1.0,0.86,Recommended,Score 0.86: Meets WVTR requirement with good evidence; condition matching unavailable due to missing storage temperature.,0.8,Preliminary Screening,Literature-Informed AI-Assisted,Requires source verification (formerly cited incorrect NPL Report)
19.0,"moisture_gain, storage_temperature",3.24159005873261,5.10194577070651,1.8603557119739,0.335079447861139,,,5.0,,EVOH Laminate,MAT-06,Laminate,50.0,10.0,g/m2/day,10.0,10.0,0.5,cm3/m2/day,0.5,0.5,0.2,Not Recommended,Score 0.20: Fails WVTR screening limit or has severe data quality issues; condition matching unavailable due to missing storage temperature.,1.0,Preliminary Screening,Literature-Informed AI-Assisted,"Mokwena, K.K., et al. (2009). Oxygen transmission of multilayer EVOH films after microwave sterilization. Journal of Food Engineering 92, 291-296"
20.0,"moisture_gain, storage_temperature",3.26945604234089,4.96294679008189,1.6934907477410004,0.335889011977177,,,5.0,,LDPE,MAT-01,PE,50.0,15.0,g/m2/day,15.0,15.0,6000.0,cm3/m2/day,6000.0,6000.0,0.2,Not Recommended,Score 0.20: Fails WVTR screening limit or has severe data quality issues; condition matching unavailable due to missing storage temperature.,1.0,Preliminary Screening,Literature-Informed AI-Assisted,"Massey, L. (2003). Permeability Properties of Plastics and Elastomers, 2nd Ed. Plastics Design Library"
20.0,"moisture_gain, storage_temperature",3.26945604234089,4.96294679008189,1.6934907477410004,0.335889011977177,,,5.0,,HDPE,MAT-02,PE,50.0,5.0,g/m2/day,5.0,5.0,1500.0,cm3/m2/day,1500.0,1500.0,0.9,Recommended,Score 0.90: Meets WVTR requirement with good evidence; condition matching unavailable due to missing storage temperature.,1.0,Preliminary Screening,Literature-Informed AI-Assisted,"Massey, L. (2003). Permeability Properties of Plastics and Elastomers, 2nd Ed. Plastics Design Library"
20.0,"moisture_gain, storage_temperature",3.26945604234089,4.96294679008189,1.6934907477410004,0.335889011977177,,,5.0,,BOPP,MAT-03,PP,30.0,5.0,g/m2/day,5.0,5.0,1500.0,cm3/m2/day,1500.0,1500.0,0.9,Recommended,Score 0.90: Meets WVTR requirement with good evidence; condition matching unavailable due to missing storage temperature.,1.0,Preliminary Screening,Literature-Informed AI-Assisted,"Lange, J., & Wyser, Y. (2003). Recent innovations in barrier technologies for plastic packaging. Packaging Technology and Science"
20.0,"moisture_gain, storage_temperature",3.26945604234089,4.96294679008189,1.6934907477410004,0.335889011977177,,,5.0,,PET,MAT-04,Polyester,25.0,20.0,g/m2/day,20.0,20.0,75.0,cm3/m2/day,75.0,75.0,0.2,Not Recommended,Score 0.20: Fails WVTR screening limit or has severe data quality issues; condition matching unavailable due to missing storage temperature.,1.0,Preliminary Screening,Literature-Informed AI-Assisted,"Lange, J., & Wyser, Y. (2003). Recent innovations in barrier technologies for plastic packaging. Packaging Technology and Science"
20.0,"moisture_gain, storage_temperature",3.26945604234089,4.96294679008189,1.6934907477410004,0.335889011977177,,,5.0,,Metallized PET,MAT-05,Laminate,15.0,1.0,g/m2/day,1.0,1.0,1.0,cm3/m2/day,1.0,1.0,0.86,Recommended,Score 0.86: Meets WVTR requirement with good evidence; condition matching unavailable due to missing storage temperature.,0.8,Preliminary Screening,Literature-Informed AI-Assisted,Requires source verification (formerly cited incorrect NPL Report)
20.0,"moisture_gain, storage_temperature",3.26945604234089,4.96294679008189,1.6934907477410004,0.335889011977177,,,5.0,,EVOH Laminate,MAT-06,Laminate,50.0,10.0,g/m2/day,10.0,10.0,0.5,cm3/m2/day,0.5,0.5,0.2,Not Recommended,Score 0.20: Fails WVTR screening limit or has severe data quality issues; condition matching unavailable due to missing storage temperature.,1.0,Preliminary Screening,Literature-Informed AI-Assisted,"Mokwena, K.K., et al. (2009). Oxygen transmission of multilayer EVOH films after microwave sterilization. Journal of Food Engineering 92, 291-296"
21.0,"moisture_gain, storage_temperature",3.08929790172325,3.04707496583279,-0.04222293589046,0.100580085639457,,,30.0,,LDPE,MAT-01,PE,50.0,15.0,g/m2/day,15.0,15.0,6000.0,cm3/m2/day,6000.0,6000.0,0.9,Recommended,Score 0.90: Meets WVTR requirement with good evidence; condition matching unavailable due to missing storage temperature.,1.0,Preliminary Screening,Literature-Informed AI-Assisted,"Massey, L. (2003). Permeability Properties of Plastics and Elastomers, 2nd Ed. Plastics Design Library"
21.0,"moisture_gain, storage_temperature",3.08929790172325,3.04707496583279,-0.04222293589046,0.100580085639457,,,30.0,,HDPE,MAT-02,PE,50.0,5.0,g/m2/day,5.0,5.0,1500.0,cm3/m2/day,1500.0,1500.0,0.9,Recommended,Score 0.90: Meets WVTR requirement with good evidence; condition matching unavailable due to missing storage temperature.,1.0,Preliminary Screening,Literature-Informed AI-Assisted,"Massey, L. (2003). Permeability Properties of Plastics and Elastomers, 2nd Ed. Plastics Design Library"
21.0,"moisture_gain, storage_temperature",3.08929790172325,3.04707496583279,-0.04222293589046,0.100580085639457,,,30.0,,BOPP,MAT-03,PP,30.0,5.0,g/m2/day,5.0,5.0,1500.0,cm3/m2/day,1500.0,1500.0,0.9,Recommended,Score 0.90: Meets WVTR requirement with good evidence; condition matching unavailable due to missing storage temperature.,1.0,Preliminary Screening,Literature-Informed AI-Assisted,"Lange, J., & Wyser, Y. (2003). Recent innovations in barrier technologies for plastic packaging. Packaging Technology and Science"
21.0,"moisture_gain, storage_temperature",3.08929790172325,3.04707496583279,-0.04222293589046,0.100580085639457,,,30.0,,PET,MAT-04,Polyester,25.0,20.0,g/m2/day,20.0,20.0,75.0,cm3/m2/day,75.0,75.0,0.9,Recommended,Score 0.90: Meets WVTR requirement with good evidence; condition matching unavailable due to missing storage temperature.,1.0,Preliminary Screening,Literature-Informed AI-Assisted,"Lange, J., & Wyser, Y. (2003). Recent innovations in barrier technologies for plastic packaging. Packaging Technology and Science"
21.0,"moisture_gain, storage_temperature",3.08929790172325,3.04707496583279,-0.04222293589046,0.100580085639457,,,30.0,,Metallized PET,MAT-05,Laminate,15.0,1.0,g/m2/day,1.0,1.0,1.0,cm3/m2/day,1.0,1.0,0.86,Recommended,Score 0.86: Meets WVTR requirement with good evidence; condition matching unavailable due to missing storage temperature.,0.8,Preliminary Screening,Literature-Informed AI-Assisted,Requires source verification (formerly cited incorrect NPL Report)
21.0,"moisture_gain, storage_temperature",3.08929790172325,3.04707496583279,-0.04222293589046,0.100580085639457,,,30.0,,EVOH Laminate,MAT-06,Laminate,50.0,10.0,g/m2/day,10.0,10.0,0.5,cm3/m2/day,0.5,0.5,0.9,Recommended,Score 0.90: Meets WVTR requirement with good evidence; condition matching unavailable due to missing storage temperature.,1.0,Preliminary Screening,Literature-Informed AI-Assisted,"Mokwena, K.K., et al. (2009). Oxygen transmission of multilayer EVOH films after microwave sterilization. Journal of Food Engineering 92, 291-296"
22.0,"moisture_gain, storage_temperature",3.32143378582862,3.29248148067206,-0.028952305156559888,0.101536990868282,,,30.0,,LDPE,MAT-01,PE,50.0,15.0,g/m2/day,15.0,15.0,6000.0,cm3/m2/day,6000.0,6000.0,0.9,Recommended,Score 0.90: Meets WVTR requirement with good evidence; condition matching unavailable due to missing storage temperature.,1.0,Preliminary Screening,Literature-Informed AI-Assisted,"Massey, L. (2003). Permeability Properties of Plastics and Elastomers, 2nd Ed. Plastics Design Library"
22.0,"moisture_gain, storage_temperature",3.32143378582862,3.29248148067206,-0.028952305156559888,0.101536990868282,,,30.0,,HDPE,MAT-02,PE,50.0,5.0,g/m2/day,5.0,5.0,1500.0,cm3/m2/day,1500.0,1500.0,0.9,Recommended,Score 0.90: Meets WVTR requirement with good evidence; condition matching unavailable due to missing storage temperature.,1.0,Preliminary Screening,Literature-Informed AI-Assisted,"Massey, L. (2003). Permeability Properties of Plastics and Elastomers, 2nd Ed. Plastics Design Library"
22.0,"moisture_gain, storage_temperature",3.32143378582862,3.29248148067206,-0.028952305156559888,0.101536990868282,,,30.0,,BOPP,MAT-03,PP,30.0,5.0,g/m2/day,5.0,5.0,1500.0,cm3/m2/day,1500.0,1500.0,0.9,Recommended,Score 0.90: Meets WVTR requirement with good evidence; condition matching unavailable due to missing storage temperature.,1.0,Preliminary Screening,Literature-Informed AI-Assisted,"Lange, J., & Wyser, Y. (2003). Recent innovations in barrier technologies for plastic packaging. Packaging Technology and Science"
22.0,"moisture_gain, storage_temperature",3.32143378582862,3.29248148067206,-0.028952305156559888,0.101536990868282,,,30.0,,PET,MAT-04,Polyester,25.0,20.0,g/m2/day,20.0,20.0,75.0,cm3/m2/day,75.0,75.0,0.9,Recommended,Score 0.90: Meets WVTR requirement with good evidence; condition matching unavailable due to missing storage temperature.,1.0,Preliminary Screening,Literature-Informed AI-Assisted,"Lange, J., & Wyser, Y. (2003). Recent innovations in barrier technologies for plastic packaging. Packaging Technology and Science"
22.0,"moisture_gain, storage_temperature",3.32143378582862,3.29248148067206,-0.028952305156559888,0.101536990868282,,,30.0,,Metallized PET,MAT-05,Laminate,15.0,1.0,g/m2/day,1.0,1.0,1.0,cm3/m2/day,1.0,1.0,0.86,Recommended,Score 0.86: Meets WVTR requirement with good evidence; condition matching unavailable due to missing storage temperature.,0.8,Preliminary Screening,Literature-Informed AI-Assisted,Requires source verification (formerly cited incorrect NPL Report)
22.0,"moisture_gain, storage_temperature",3.32143378582862,3.29248148067206,-0.028952305156559888,0.101536990868282,,,30.0,,EVOH Laminate,MAT-06,Laminate,50.0,10.0,g/m2/day,10.0,10.0,0.5,cm3/m2/day,0.5,0.5,0.9,Recommended,Score 0.90: Meets WVTR requirement with good evidence; condition matching unavailable due to missing storage temperature.,1.0,Preliminary Screening,Literature-Informed AI-Assisted,"Mokwena, K.K., et al. (2009). Oxygen transmission of multilayer EVOH films after microwave sterilization. Journal of Food Engineering 92, 291-296"
23.0,"moisture_gain, storage_temperature",3.04485591908002,3.36761597889093,0.3227600598109097,0.162848138567896,,,30.0,,LDPE,MAT-01,PE,50.0,15.0,g/m2/day,15.0,15.0,6000.0,cm3/m2/day,6000.0,6000.0,0.9,Recommended,Score 0.90: Meets WVTR requirement with good evidence; condition matching unavailable due to missing storage temperature.,1.0,Preliminary Screening,Literature-Informed AI-Assisted,"Massey, L. (2003). Permeability Properties of Plastics and Elastomers, 2nd Ed. Plastics Design Library"
23.0,"moisture_gain, storage_temperature",3.04485591908002,3.36761597889093,0.3227600598109097,0.162848138567896,,,30.0,,HDPE,MAT-02,PE,50.0,5.0,g/m2/day,5.0,5.0,1500.0,cm3/m2/day,1500.0,1500.0,0.9,Recommended,Score 0.90: Meets WVTR requirement with good evidence; condition matching unavailable due to missing storage temperature.,1.0,Preliminary Screening,Literature-Informed AI-Assisted,"Massey, L. (2003). Permeability Properties of Plastics and Elastomers, 2nd Ed. Plastics Design Library"
23.0,"moisture_gain, storage_temperature",3.04485591908002,3.36761597889093,0.3227600598109097,0.162848138567896,,,30.0,,BOPP,MAT-03,PP,30.0,5.0,g/m2/day,5.0,5.0,1500.0,cm3/m2/day,1500.0,1500.0,0.9,Recommended,Score 0.90: Meets WVTR requirement with good evidence; condition matching unavailable due to missing storage temperature.,1.0,Preliminary Screening,Literature-Informed AI-Assisted,"Lange, J., & Wyser, Y. (2003). Recent innovations in barrier technologies for plastic packaging. Packaging Technology and Science"
23.0,"moisture_gain, storage_temperature",3.04485591908002,3.36761597889093,0.3227600598109097,0.162848138567896,,,30.0,,PET,MAT-04,Polyester,25.0,20.0,g/m2/day,20.0,20.0,75.0,cm3/m2/day,75.0,75.0,0.9,Recommended,Score 0.90: Meets WVTR requirement with good evidence; condition matching unavailable due to missing storage temperature.,1.0,Preliminary Screening,Literature-Informed AI-Assisted,"Lange, J., & Wyser, Y. (2003). Recent innovations in barrier technologies for plastic packaging. Packaging Technology and Science"
23.0,"moisture_gain, storage_temperature",3.04485591908002,3.36761597889093,0.3227600598109097,0.162848138567896,,,30.0,,Metallized PET,MAT-05,Laminate,15.0,1.0,g/m2/day,1.0,1.0,1.0,cm3/m2/day,1.0,1.0,0.86,Recommended,Score 0.86: Meets WVTR requirement with good evidence; condition matching unavailable due to missing storage temperature.,0.8,Preliminary Screening,Literature-Informed AI-Assisted,Requires source verification (formerly cited incorrect NPL Report)
23.0,"moisture_gain, storage_temperature",3.04485591908002,3.36761597889093,0.3227600598109097,0.162848138567896,,,30.0,,EVOH Laminate,MAT-06,Laminate,50.0,10.0,g/m2/day,10.0,10.0,0.5,cm3/m2/day,0.5,0.5,0.9,Recommended,Score 0.90: Meets WVTR requirement with good evidence; condition matching unavailable due to missing storage temperature.,1.0,Preliminary Screening,Literature-Informed AI-Assisted,"Mokwena, K.K., et al. (2009). Oxygen transmission of multilayer EVOH films after microwave sterilization. Journal of Food Engineering 92, 291-296"
24.0,"moisture_gain, storage_temperature",3.23312405784513,3.40532705562615,0.17220299778102,0.100047267710676,,,30.0,,LDPE,MAT-01,PE,50.0,15.0,g/m2/day,15.0,15.0,6000.0,cm3/m2/day,6000.0,6000.0,0.9,Recommended,Score 0.90: Meets WVTR requirement with good evidence; condition matching unavailable due to missing storage temperature.,1.0,Preliminary Screening,Literature-Informed AI-Assisted,"Massey, L. (2003). Permeability Properties of Plastics and Elastomers, 2nd Ed. Plastics Design Library"
24.0,"moisture_gain, storage_temperature",3.23312405784513,3.40532705562615,0.17220299778102,0.100047267710676,,,30.0,,HDPE,MAT-02,PE,50.0,5.0,g/m2/day,5.0,5.0,1500.0,cm3/m2/day,1500.0,1500.0,0.9,Recommended,Score 0.90: Meets WVTR requirement with good evidence; condition matching unavailable due to missing storage temperature.,1.0,Preliminary Screening,Literature-Informed AI-Assisted,"Massey, L. (2003). Permeability Properties of Plastics and Elastomers, 2nd Ed. Plastics Design Library"
24.0,"moisture_gain, storage_temperature",3.23312405784513,3.40532705562615,0.17220299778102,0.100047267710676,,,30.0,,BOPP,MAT-03,PP,30.0,5.0,g/m2/day,5.0,5.0,1500.0,cm3/m2/day,1500.0,1500.0,0.9,Recommended,Score 0.90: Meets WVTR requirement with good evidence; condition matching unavailable due to missing storage temperature.,1.0,Preliminary Screening,Literature-Informed AI-Assisted,"Lange, J., & Wyser, Y. (2003). Recent innovations in barrier technologies for plastic packaging. Packaging Technology and Science"
24.0,"moisture_gain, storage_temperature",3.23312405784513,3.40532705562615,0.17220299778102,0.100047267710676,,,30.0,,PET,MAT-04,Polyester,25.0,20.0,g/m2/day,20.0,20.0,75.0,cm3/m2/day,75.0,75.0,0.9,Recommended,Score 0.90: Meets WVTR requirement with good evidence; condition matching unavailable due to missing storage temperature.,1.0,Preliminary Screening,Literature-Informed AI-Assisted,"Lange, J., & Wyser, Y. (2003). Recent innovations in barrier technologies for plastic packaging. Packaging Technology and Science"
24.0,"moisture_gain, storage_temperature",3.23312405784513,3.40532705562615,0.17220299778102,0.100047267710676,,,30.0,,Metallized PET,MAT-05,Laminate,15.0,1.0,g/m2/day,1.0,1.0,1.0,cm3/m2/day,1.0,1.0,0.86,Recommended,Score 0.86: Meets WVTR requirement with good evidence; condition matching unavailable due to missing storage temperature.,0.8,Preliminary Screening,Literature-Informed AI-Assisted,Requires source verification (formerly cited incorrect NPL Report)
24.0,"moisture_gain, storage_temperature",3.23312405784513,3.40532705562615,0.17220299778102,0.100047267710676,,,30.0,,EVOH Laminate,MAT-06,Laminate,50.0,10.0,g/m2/day,10.0,10.0,0.5,cm3/m2/day,0.5,0.5,0.9,Recommended,Score 0.90: Meets WVTR requirement with good evidence; condition matching unavailable due to missing storage temperature.,1.0,Preliminary Screening,Literature-Informed AI-Assisted,"Mokwena, K.K., et al. (2009). Oxygen transmission of multilayer EVOH films after microwave sterilization. Journal of Food Engineering 92, 291-296"
25.0,"moisture_gain, storage_temperature",3.32103897106133,5.2615062007675,1.94046722970617,0.32837920088737,,,5.0,,LDPE,MAT-01,PE,50.0,15.0,g/m2/day,15.0,15.0,6000.0,cm3/m2/day,6000.0,6000.0,0.2,Not Recommended,Score 0.20: Fails WVTR screening limit or has severe data quality issues; condition matching unavailable due to missing storage temperature.,1.0,Preliminary Screening,Literature-Informed AI-Assisted,"Massey, L. (2003). Permeability Properties of Plastics and Elastomers, 2nd Ed. Plastics Design Library"
25.0,"moisture_gain, storage_temperature",3.32103897106133,5.2615062007675,1.94046722970617,0.32837920088737,,,5.0,,HDPE,MAT-02,PE,50.0,5.0,g/m2/day,5.0,5.0,1500.0,cm3/m2/day,1500.0,1500.0,0.9,Recommended,Score 0.90: Meets WVTR requirement with good evidence; condition matching unavailable due to missing storage temperature.,1.0,Preliminary Screening,Literature-Informed AI-Assisted,"Massey, L. (2003). Permeability Properties of Plastics and Elastomers, 2nd Ed. Plastics Design Library"
25.0,"moisture_gain, storage_temperature",3.32103897106133,5.2615062007675,1.94046722970617,0.32837920088737,,,5.0,,BOPP,MAT-03,PP,30.0,5.0,g/m2/day,5.0,5.0,1500.0,cm3/m2/day,1500.0,1500.0,0.9,Recommended,Score 0.90: Meets WVTR requirement with good evidence; condition matching unavailable due to missing storage temperature.,1.0,Preliminary Screening,Literature-Informed AI-Assisted,"Lange, J., & Wyser, Y. (2003). Recent innovations in barrier technologies for plastic packaging. Packaging Technology and Science"
25.0,"moisture_gain, storage_temperature",3.32103897106133,5.2615062007675,1.94046722970617,0.32837920088737,,,5.0,,PET,MAT-04,Polyester,25.0,20.0,g/m2/day,20.0,20.0,75.0,cm3/m2/day,75.0,75.0,0.2,Not Recommended,Score 0.20: Fails WVTR screening limit or has severe data quality issues; condition matching unavailable due to missing storage temperature.,1.0,Preliminary Screening,Literature-Informed AI-Assisted,"Lange, J., & Wyser, Y. (2003). Recent innovations in barrier technologies for plastic packaging. Packaging Technology and Science"
25.0,"moisture_gain, storage_temperature",3.32103897106133,5.2615062007675,1.94046722970617,0.32837920088737,,,5.0,,Metallized PET,MAT-05,Laminate,15.0,1.0,g/m2/day,1.0,1.0,1.0,cm3/m2/day,1.0,1.0,0.86,Recommended,Score 0.86: Meets WVTR requirement with good evidence; condition matching unavailable due to missing storage temperature.,0.8,Preliminary Screening,Literature-Informed AI-Assisted,Requires source verification (formerly cited incorrect NPL Report)
25.0,"moisture_gain, storage_temperature",3.32103897106133,5.2615062007675,1.94046722970617,0.32837920088737,,,5.0,,EVOH Laminate,MAT-06,Laminate,50.0,10.0,g/m2/day,10.0,10.0,0.5,cm3/m2/day,0.5,0.5,0.2,Not Recommended,Score 0.20: Fails WVTR screening limit or has severe data quality issues; condition matching unavailable due to missing storage temperature.,1.0,Preliminary Screening,Literature-Informed AI-Assisted,"Mokwena, K.K., et al. (2009). Oxygen transmission of multilayer EVOH films after microwave sterilization. Journal of Food Engineering 92, 291-296"
26.0,"moisture_gain, storage_temperature",3.13105312007997,4.17535448898562,1.0443013689056495,0.253581119806884,,,5.0,,LDPE,MAT-01,PE,50.0,15.0,g/m2/day,15.0,15.0,6000.0,cm3/m2/day,6000.0,6000.0,0.2,Not Recommended,Score 0.20: Fails WVTR screening limit or has severe data quality issues; condition matching unavailable due to missing storage temperature.,1.0,Preliminary Screening,Literature-Informed AI-Assisted,"Massey, L. (2003). Permeability Properties of Plastics and Elastomers, 2nd Ed. Plastics Design Library"
26.0,"moisture_gain, storage_temperature",3.13105312007997,4.17535448898562,1.0443013689056495,0.253581119806884,,,5.0,,HDPE,MAT-02,PE,50.0,5.0,g/m2/day,5.0,5.0,1500.0,cm3/m2/day,1500.0,1500.0,0.9,Recommended,Score 0.90: Meets WVTR requirement with good evidence; condition matching unavailable due to missing storage temperature.,1.0,Preliminary Screening,Literature-Informed AI-Assisted,"Massey, L. (2003). Permeability Properties of Plastics and Elastomers, 2nd Ed. Plastics Design Library"
26.0,"moisture_gain, storage_temperature",3.13105312007997,4.17535448898562,1.0443013689056495,0.253581119806884,,,5.0,,BOPP,MAT-03,PP,30.0,5.0,g/m2/day,5.0,5.0,1500.0,cm3/m2/day,1500.0,1500.0,0.9,Recommended,Score 0.90: Meets WVTR requirement with good evidence; condition matching unavailable due to missing storage temperature.,1.0,Preliminary Screening,Literature-Informed AI-Assisted,"Lange, J., & Wyser, Y. (2003). Recent innovations in barrier technologies for plastic packaging. Packaging Technology and Science"
26.0,"moisture_gain, storage_temperature",3.13105312007997,4.17535448898562,1.0443013689056495,0.253581119806884,,,5.0,,PET,MAT-04,Polyester,25.0,20.0,g/m2/day,20.0,20.0,75.0,cm3/m2/day,75.0,75.0,0.2,Not Recommended,Score 0.20: Fails WVTR screening limit or has severe data quality issues; condition matching unavailable due to missing storage temperature.,1.0,Preliminary Screening,Literature-Informed AI-Assisted,"Lange, J., & Wyser, Y. (2003). Recent innovations in barrier technologies for plastic packaging. Packaging Technology and Science"
26.0,"moisture_gain, storage_temperature",3.13105312007997,4.17535448898562,1.0443013689056495,0.253581119806884,,,5.0,,Metallized PET,MAT-05,Laminate,15.0,1.0,g/m2/day,1.0,1.0,1.0,cm3/m2/day,1.0,1.0,0.86,Recommended,Score 0.86: Meets WVTR requirement with good evidence; condition matching unavailable due to missing storage temperature.,0.8,Preliminary Screening,Literature-Informed AI-Assisted,Requires source verification (formerly cited incorrect NPL Report)
26.0,"moisture_gain, storage_temperature",3.13105312007997,4.17535448898562,1.0443013689056495,0.253581119806884,,,5.0,,EVOH Laminate,MAT-06,Laminate,50.0,10.0,g/m2/day,10.0,10.0,0.5,cm3/m2/day,0.5,0.5,0.2,Not Recommended,Score 0.20: Fails WVTR screening limit or has severe data quality issues; condition matching unavailable due to missing storage temperature.,1.0,Preliminary Screening,Literature-Informed AI-Assisted,"Mokwena, K.K., et al. (2009). Oxygen transmission of multilayer EVOH films after microwave sterilization. Journal of Food Engineering 92, 291-296"
27.0,"moisture_gain, storage_temperature",3.20010464324658,3.45542166100963,0.25531701776304994,0.161053671923639,,,30.0,,LDPE,MAT-01,PE,50.0,15.0,g/m2/day,15.0,15.0,6000.0,cm3/m2/day,6000.0,6000.0,0.9,Recommended,Score 0.90: Meets WVTR requirement with good evidence; condition matching unavailable due to missing storage temperature.,1.0,Preliminary Screening,Literature-Informed AI-Assisted,"Massey, L. (2003). Permeability Properties of Plastics and Elastomers, 2nd Ed. Plastics Design Library"
27.0,"moisture_gain, storage_temperature",3.20010464324658,3.45542166100963,0.25531701776304994,0.161053671923639,,,30.0,,HDPE,MAT-02,PE,50.0,5.0,g/m2/day,5.0,5.0,1500.0,cm3/m2/day,1500.0,1500.0,0.9,Recommended,Score 0.90: Meets WVTR requirement with good evidence; condition matching unavailable due to missing storage temperature.,1.0,Preliminary Screening,Literature-Informed AI-Assisted,"Massey, L. (2003). Permeability Properties of Plastics and Elastomers, 2nd Ed. Plastics Design Library"
27.0,"moisture_gain, storage_temperature",3.20010464324658,3.45542166100963,0.25531701776304994,0.161053671923639,,,30.0,,BOPP,MAT-03,PP,30.0,5.0,g/m2/day,5.0,5.0,1500.0,cm3/m2/day,1500.0,1500.0,0.9,Recommended,Score 0.90: Meets WVTR requirement with good evidence; condition matching unavailable due to missing storage temperature.,1.0,Preliminary Screening,Literature-Informed AI-Assisted,"Lange, J., & Wyser, Y. (2003). Recent innovations in barrier technologies for plastic packaging. Packaging Technology and Science"
27.0,"moisture_gain, storage_temperature",3.20010464324658,3.45542166100963,0.25531701776304994,0.161053671923639,,,30.0,,PET,MAT-04,Polyester,25.0,20.0,g/m2/day,20.0,20.0,75.0,cm3/m2/day,75.0,75.0,0.9,Recommended,Score 0.90: Meets WVTR requirement with good evidence; condition matching unavailable due to missing storage temperature.,1.0,Preliminary Screening,Literature-Informed AI-Assisted,"Lange, J., & Wyser, Y. (2003). Recent innovations in barrier technologies for plastic packaging. Packaging Technology and Science"
27.0,"moisture_gain, storage_temperature",3.20010464324658,3.45542166100963,0.25531701776304994,0.161053671923639,,,30.0,,Metallized PET,MAT-05,Laminate,15.0,1.0,g/m2/day,1.0,1.0,1.0,cm3/m2/day,1.0,1.0,0.86,Recommended,Score 0.86: Meets WVTR requirement with good evidence; condition matching unavailable due to missing storage temperature.,0.8,Preliminary Screening,Literature-Informed AI-Assisted,Requires source verification (formerly cited incorrect NPL Report)
27.0,"moisture_gain, storage_temperature",3.20010464324658,3.45542166100963,0.25531701776304994,0.161053671923639,,,30.0,,EVOH Laminate,MAT-06,Laminate,50.0,10.0,g/m2/day,10.0,10.0,0.5,cm3/m2/day,0.5,0.5,0.9,Recommended,Score 0.90: Meets WVTR requirement with good evidence; condition matching unavailable due to missing storage temperature.,1.0,Preliminary Screening,Literature-Informed AI-Assisted,"Mokwena, K.K., et al. (2009). Oxygen transmission of multilayer EVOH films after microwave sterilization. Journal of Food Engineering 92, 291-296"
28.0,"moisture_gain, storage_temperature",,,,0.248361444964636,,,,,LDPE,MAT-01,PE,50.0,15.0,g/m2/day,15.0,15.0,6000.0,cm3/m2/day,6000.0,6000.0,,Insufficient Data,Required biscuit moisture or material WVTR information is unavailable,1.0,Preliminary Screening,Literature-Informed AI-Assisted,"Massey, L. (2003). Permeability Properties of Plastics and Elastomers, 2nd Ed. Plastics Design Library"
28.0,"moisture_gain, storage_temperature",,,,0.248361444964636,,,,,HDPE,MAT-02,PE,50.0,5.0,g/m2/day,5.0,5.0,1500.0,cm3/m2/day,1500.0,1500.0,,Insufficient Data,Required biscuit moisture or material WVTR information is unavailable,1.0,Preliminary Screening,Literature-Informed AI-Assisted,"Massey, L. (2003). Permeability Properties of Plastics and Elastomers, 2nd Ed. Plastics Design Library"
28.0,"moisture_gain, storage_temperature",,,,0.248361444964636,,,,,BOPP,MAT-03,PP,30.0,5.0,g/m2/day,5.0,5.0,1500.0,cm3/m2/day,1500.0,1500.0,,Insufficient Data,Required biscuit moisture or material WVTR information is unavailable,1.0,Preliminary Screening,Literature-Informed AI-Assisted,"Lange, J., & Wyser, Y. (2003). Recent innovations in barrier technologies for plastic packaging. Packaging Technology and Science"
28.0,"moisture_gain, storage_temperature",,,,0.248361444964636,,,,,PET,MAT-04,Polyester,25.0,20.0,g/m2/day,20.0,20.0,75.0,cm3/m2/day,75.0,75.0,,Insufficient Data,Required biscuit moisture or material WVTR information is unavailable,1.0,Preliminary Screening,Literature-Informed AI-Assisted,"Lange, J., & Wyser, Y. (2003). Recent innovations in barrier technologies for plastic packaging. Packaging Technology and Science"
28.0,"moisture_gain, storage_temperature",,,,0.248361444964636,,,,,Metallized PET,MAT-05,Laminate,15.0,1.0,g/m2/day,1.0,1.0,1.0,cm3/m2/day,1.0,1.0,,Insufficient Data,Required biscuit moisture or material WVTR information is unavailable,0.8,Preliminary Screening,Literature-Informed AI-Assisted,Requires source verification (formerly cited incorrect NPL Report)
28.0,"moisture_gain, storage_temperature",,,,0.248361444964636,,,,,EVOH Laminate,MAT-06,Laminate,50.0,10.0,g/m2/day,10.0,10.0,0.5,cm3/m2/day,0.5,0.5,,Insufficient Data,Required biscuit moisture or material WVTR information is unavailable,1.0,Preliminary Screening,Literature-Informed AI-Assisted,"Mokwena, K.K., et al. (2009). Oxygen transmission of multilayer EVOH films after microwave sterilization. Journal of Food Engineering 92, 291-296"
29.0,"moisture_gain, storage_temperature",,,,0.332459424844539,,,,,LDPE,MAT-01,PE,50.0,15.0,g/m2/day,15.0,15.0,6000.0,cm3/m2/day,6000.0,6000.0,,Insufficient Data,Required biscuit moisture or material WVTR information is unavailable,1.0,Preliminary Screening,Literature-Informed AI-Assisted,"Massey, L. (2003). Permeability Properties of Plastics and Elastomers, 2nd Ed. Plastics Design Library"
29.0,"moisture_gain, storage_temperature",,,,0.332459424844539,,,,,HDPE,MAT-02,PE,50.0,5.0,g/m2/day,5.0,5.0,1500.0,cm3/m2/day,1500.0,1500.0,,Insufficient Data,Required biscuit moisture or material WVTR information is unavailable,1.0,Preliminary Screening,Literature-Informed AI-Assisted,"Massey, L. (2003). Permeability Properties of Plastics and Elastomers, 2nd Ed. Plastics Design Library"
29.0,"moisture_gain, storage_temperature",,,,0.332459424844539,,,,,BOPP,MAT-03,PP,30.0,5.0,g/m2/day,5.0,5.0,1500.0,cm3/m2/day,1500.0,1500.0,,Insufficient Data,Required biscuit moisture or material WVTR information is unavailable,1.0,Preliminary Screening,Literature-Informed AI-Assisted,"Lange, J., & Wyser, Y. (2003). Recent innovations in barrier technologies for plastic packaging. Packaging Technology and Science"
29.0,"moisture_gain, storage_temperature",,,,0.332459424844539,,,,,PET,MAT-04,Polyester,25.0,20.0,g/m2/day,20.0,20.0,75.0,cm3/m2/day,75.0,75.0,,Insufficient Data,Required biscuit moisture or material WVTR information is unavailable,1.0,Preliminary Screening,Literature-Informed AI-Assisted,"Lange, J., & Wyser, Y. (2003). Recent innovations in barrier technologies for plastic packaging. Packaging Technology and Science"
29.0,"moisture_gain, storage_temperature",,,,0.332459424844539,,,,,Metallized PET,MAT-05,Laminate,15.0,1.0,g/m2/day,1.0,1.0,1.0,cm3/m2/day,1.0,1.0,,Insufficient Data,Required biscuit moisture or material WVTR information is unavailable,0.8,Preliminary Screening,Literature-Informed AI-Assisted,Requires source verification (formerly cited incorrect NPL Report)
29.0,"moisture_gain, storage_temperature",,,,0.332459424844539,,,,,EVOH Laminate,MAT-06,Laminate,50.0,10.0,g/m2/day,10.0,10.0,0.5,cm3/m2/day,0.5,0.5,,Insufficient Data,Required biscuit moisture or material WVTR information is unavailable,1.0,Preliminary Screening,Literature-Informed AI-Assisted,"Mokwena, K.K., et al. (2009). Oxygen transmission of multilayer EVOH films after microwave sterilization. Journal of Food Engineering 92, 291-296"
30.0,"moisture_gain, storage_temperature",,,,0.103209106419195,,,,,LDPE,MAT-01,PE,50.0,15.0,g/m2/day,15.0,15.0,6000.0,cm3/m2/day,6000.0,6000.0,,Insufficient Data,Required biscuit moisture or material WVTR information is unavailable,1.0,Preliminary Screening,Literature-Informed AI-Assisted,"Massey, L. (2003). Permeability Properties of Plastics and Elastomers, 2nd Ed. Plastics Design Library"
30.0,"moisture_gain, storage_temperature",,,,0.103209106419195,,,,,HDPE,MAT-02,PE,50.0,5.0,g/m2/day,5.0,5.0,1500.0,cm3/m2/day,1500.0,1500.0,,Insufficient Data,Required biscuit moisture or material WVTR information is unavailable,1.0,Preliminary Screening,Literature-Informed AI-Assisted,"Massey, L. (2003). Permeability Properties of Plastics and Elastomers, 2nd Ed. Plastics Design Library"
30.0,"moisture_gain, storage_temperature",,,,0.103209106419195,,,,,BOPP,MAT-03,PP,30.0,5.0,g/m2/day,5.0,5.0,1500.0,cm3/m2/day,1500.0,1500.0,,Insufficient Data,Required biscuit moisture or material WVTR information is unavailable,1.0,Preliminary Screening,Literature-Informed AI-Assisted,"Lange, J., & Wyser, Y. (2003). Recent innovations in barrier technologies for plastic packaging. Packaging Technology and Science"
30.0,"moisture_gain, storage_temperature",,,,0.103209106419195,,,,,PET,MAT-04,Polyester,25.0,20.0,g/m2/day,20.0,20.0,75.0,cm3/m2/day,75.0,75.0,,Insufficient Data,Required biscuit moisture or material WVTR information is unavailable,1.0,Preliminary Screening,Literature-Informed AI-Assisted,"Lange, J., & Wyser, Y. (2003). Recent innovations in barrier technologies for plastic packaging. Packaging Technology and Science"
30.0,"moisture_gain, storage_temperature",,,,0.103209106419195,,,,,Metallized PET,MAT-05,Laminate,15.0,1.0,g/m2/day,1.0,1.0,1.0,cm3/m2/day,1.0,1.0,,Insufficient Data,Required biscuit moisture or material WVTR information is unavailable,0.8,Preliminary Screening,Literature-Informed AI-Assisted,Requires source verification (formerly cited incorrect NPL Report)
30.0,"moisture_gain, storage_temperature",,,,0.103209106419195,,,,,EVOH Laminate,MAT-06,Laminate,50.0,10.0,g/m2/day,10.0,10.0,0.5,cm3/m2/day,0.5,0.5,,Insufficient Data,Required biscuit moisture or material WVTR information is unavailable,1.0,Preliminary Screening,Literature-Informed AI-Assisted,"Mokwena, K.K., et al. (2009). Oxygen transmission of multilayer EVOH films after microwave sterilization. Journal of Food Engineering 92, 291-296"
31.0,"moisture_gain, storage_temperature",,,,0.330166562501227,,,,,LDPE,MAT-01,PE,50.0,15.0,g/m2/day,15.0,15.0,6000.0,cm3/m2/day,6000.0,6000.0,,Insufficient Data,Required biscuit moisture or material WVTR information is unavailable,1.0,Preliminary Screening,Literature-Informed AI-Assisted,"Massey, L. (2003). Permeability Properties of Plastics and Elastomers, 2nd Ed. Plastics Design Library"
31.0,"moisture_gain, storage_temperature",,,,0.330166562501227,,,,,HDPE,MAT-02,PE,50.0,5.0,g/m2/day,5.0,5.0,1500.0,cm3/m2/day,1500.0,1500.0,,Insufficient Data,Required biscuit moisture or material WVTR information is unavailable,1.0,Preliminary Screening,Literature-Informed AI-Assisted,"Massey, L. (2003). Permeability Properties of Plastics and Elastomers, 2nd Ed. Plastics Design Library"
31.0,"moisture_gain, storage_temperature",,,,0.330166562501227,,,,,BOPP,MAT-03,PP,30.0,5.0,g/m2/day,5.0,5.0,1500.0,cm3/m2/day,1500.0,1500.0,,Insufficient Data,Required biscuit moisture or material WVTR information is unavailable,1.0,Preliminary Screening,Literature-Informed AI-Assisted,"Lange, J., & Wyser, Y. (2003). Recent innovations in barrier technologies for plastic packaging. Packaging Technology and Science"
31.0,"moisture_gain, storage_temperature",,,,0.330166562501227,,,,,PET,MAT-04,Polyester,25.0,20.0,g/m2/day,20.0,20.0,75.0,cm3/m2/day,75.0,75.0,,Insufficient Data,Required biscuit moisture or material WVTR information is unavailable,1.0,Preliminary Screening,Literature-Informed AI-Assisted,"Lange, J., & Wyser, Y. (2003). Recent innovations in barrier technologies for plastic packaging. Packaging Technology and Science"
31.0,"moisture_gain, storage_temperature",,,,0.330166562501227,,,,,Metallized PET,MAT-05,Laminate,15.0,1.0,g/m2/day,1.0,1.0,1.0,cm3/m2/day,1.0,1.0,,Insufficient Data,Required biscuit moisture or material WVTR information is unavailable,0.8,Preliminary Screening,Literature-Informed AI-Assisted,Requires source verification (formerly cited incorrect NPL Report)
31.0,"moisture_gain, storage_temperature",,,,0.330166562501227,,,,,EVOH Laminate,MAT-06,Laminate,50.0,10.0,g/m2/day,10.0,10.0,0.5,cm3/m2/day,0.5,0.5,,Insufficient Data,Required biscuit moisture or material WVTR information is unavailable,1.0,Preliminary Screening,Literature-Informed AI-Assisted,"Mokwena, K.K., et al. (2009). Oxygen transmission of multilayer EVOH films after microwave sterilization. Journal of Food Engineering 92, 291-296"
32.0,"moisture_gain, storage_temperature",,,,0.247989064010493,,,,,LDPE,MAT-01,PE,50.0,15.0,g/m2/day,15.0,15.0,6000.0,cm3/m2/day,6000.0,6000.0,,Insufficient Data,Required biscuit moisture or material WVTR information is unavailable,1.0,Preliminary Screening,Literature-Informed AI-Assisted,"Massey, L. (2003). Permeability Properties of Plastics and Elastomers, 2nd Ed. Plastics Design Library"
32.0,"moisture_gain, storage_temperature",,,,0.247989064010493,,,,,HDPE,MAT-02,PE,50.0,5.0,g/m2/day,5.0,5.0,1500.0,cm3/m2/day,1500.0,1500.0,,Insufficient Data,Required biscuit moisture or material WVTR information is unavailable,1.0,Preliminary Screening,Literature-Informed AI-Assisted,"Massey, L. (2003). Permeability Properties of Plastics and Elastomers, 2nd Ed. Plastics Design Library"
32.0,"moisture_gain, storage_temperature",,,,0.247989064010493,,,,,BOPP,MAT-03,PP,30.0,5.0,g/m2/day,5.0,5.0,1500.0,cm3/m2/day,1500.0,1500.0,,Insufficient Data,Required biscuit moisture or material WVTR information is unavailable,1.0,Preliminary Screening,Literature-Informed AI-Assisted,"Lange, J., & Wyser, Y. (2003). Recent innovations in barrier technologies for plastic packaging. Packaging Technology and Science"
32.0,"moisture_gain, storage_temperature",,,,0.247989064010493,,,,,PET,MAT-04,Polyester,25.0,20.0,g/m2/day,20.0,20.0,75.0,cm3/m2/day,75.0,75.0,,Insufficient Data,Required biscuit moisture or material WVTR information is unavailable,1.0,Preliminary Screening,Literature-Informed AI-Assisted,"Lange, J., & Wyser, Y. (2003). Recent innovations in barrier technologies for plastic packaging. Packaging Technology and Science"
32.0,"moisture_gain, storage_temperature",,,,0.247989064010493,,,,,Metallized PET,MAT-05,Laminate,15.0,1.0,g/m2/day,1.0,1.0,1.0,cm3/m2/day,1.0,1.0,,Insufficient Data,Required biscuit moisture or material WVTR information is unavailable,0.8,Preliminary Screening,Literature-Informed AI-Assisted,Requires source verification (formerly cited incorrect NPL Report)
32.0,"moisture_gain, storage_temperature",,,,0.247989064010493,,,,,EVOH Laminate,MAT-06,Laminate,50.0,10.0,g/m2/day,10.0,10.0,0.5,cm3/m2/day,0.5,0.5,,Insufficient Data,Required biscuit moisture or material WVTR information is unavailable,1.0,Preliminary Screening,Literature-Informed AI-Assisted,"Mokwena, K.K., et al. (2009). Oxygen transmission of multilayer EVOH films after microwave sterilization. Journal of Food Engineering 92, 291-296"
33.0,"moisture_gain, storage_temperature",,,,0.251403762458851,,,,,LDPE,MAT-01,PE,50.0,15.0,g/m2/day,15.0,15.0,6000.0,cm3/m2/day,6000.0,6000.0,,Insufficient Data,Required biscuit moisture or material WVTR information is unavailable,1.0,Preliminary Screening,Literature-Informed AI-Assisted,"Massey, L. (2003). Permeability Properties of Plastics and Elastomers, 2nd Ed. Plastics Design Library"
33.0,"moisture_gain, storage_temperature",,,,0.251403762458851,,,,,HDPE,MAT-02,PE,50.0,5.0,g/m2/day,5.0,5.0,1500.0,cm3/m2/day,1500.0,1500.0,,Insufficient Data,Required biscuit moisture or material WVTR information is unavailable,1.0,Preliminary Screening,Literature-Informed AI-Assisted,"Massey, L. (2003). Permeability Properties of Plastics and Elastomers, 2nd Ed. Plastics Design Library"
33.0,"moisture_gain, storage_temperature",,,,0.251403762458851,,,,,BOPP,MAT-03,PP,30.0,5.0,g/m2/day,5.0,5.0,1500.0,cm3/m2/day,1500.0,1500.0,,Insufficient Data,Required biscuit moisture or material WVTR information is unavailable,1.0,Preliminary Screening,Literature-Informed AI-Assisted,"Lange, J., & Wyser, Y. (2003). Recent innovations in barrier technologies for plastic packaging. Packaging Technology and Science"
33.0,"moisture_gain, storage_temperature",,,,0.251403762458851,,,,,PET,MAT-04,Polyester,25.0,20.0,g/m2/day,20.0,20.0,75.0,cm3/m2/day,75.0,75.0,,Insufficient Data,Required biscuit moisture or material WVTR information is unavailable,1.0,Preliminary Screening,Literature-Informed AI-Assisted,"Lange, J., & Wyser, Y. (2003). Recent innovations in barrier technologies for plastic packaging. Packaging Technology and Science"
33.0,"moisture_gain, storage_temperature",,,,0.251403762458851,,,,,Metallized PET,MAT-05,Laminate,15.0,1.0,g/m2/day,1.0,1.0,1.0,cm3/m2/day,1.0,1.0,,Insufficient Data,Required biscuit moisture or material WVTR information is unavailable,0.8,Preliminary Screening,Literature-Informed AI-Assisted,Requires source verification (formerly cited incorrect NPL Report)
33.0,"moisture_gain, storage_temperature",,,,0.251403762458851,,,,,EVOH Laminate,MAT-06,Laminate,50.0,10.0,g/m2/day,10.0,10.0,0.5,cm3/m2/day,0.5,0.5,,Insufficient Data,Required biscuit moisture or material WVTR information is unavailable,1.0,Preliminary Screening,Literature-Informed AI-Assisted,"Mokwena, K.K., et al. (2009). Oxygen transmission of multilayer EVOH films after microwave sterilization. Journal of Food Engineering 92, 291-296"
34.0,"moisture_gain, storage_temperature",,,,0.236454172699012,,,,,LDPE,MAT-01,PE,50.0,15.0,g/m2/day,15.0,15.0,6000.0,cm3/m2/day,6000.0,6000.0,,Insufficient Data,Required biscuit moisture or material WVTR information is unavailable,1.0,Preliminary Screening,Literature-Informed AI-Assisted,"Massey, L. (2003). Permeability Properties of Plastics and Elastomers, 2nd Ed. Plastics Design Library"
34.0,"moisture_gain, storage_temperature",,,,0.236454172699012,,,,,HDPE,MAT-02,PE,50.0,5.0,g/m2/day,5.0,5.0,1500.0,cm3/m2/day,1500.0,1500.0,,Insufficient Data,Required biscuit moisture or material WVTR information is unavailable,1.0,Preliminary Screening,Literature-Informed AI-Assisted,"Massey, L. (2003). Permeability Properties of Plastics and Elastomers, 2nd Ed. Plastics Design Library"
34.0,"moisture_gain, storage_temperature",,,,0.236454172699012,,,,,BOPP,MAT-03,PP,30.0,5.0,g/m2/day,5.0,5.0,1500.0,cm3/m2/day,1500.0,1500.0,,Insufficient Data,Required biscuit moisture or material WVTR information is unavailable,1.0,Preliminary Screening,Literature-Informed AI-Assisted,"Lange, J., & Wyser, Y. (2003). Recent innovations in barrier technologies for plastic packaging. Packaging Technology and Science"
34.0,"moisture_gain, storage_temperature",,,,0.236454172699012,,,,,PET,MAT-04,Polyester,25.0,20.0,g/m2/day,20.0,20.0,75.0,cm3/m2/day,75.0,75.0,,Insufficient Data,Required biscuit moisture or material WVTR information is unavailable,1.0,Preliminary Screening,Literature-Informed AI-Assisted,"Lange, J., & Wyser, Y. (2003). Recent innovations in barrier technologies for plastic packaging. Packaging Technology and Science"
34.0,"moisture_gain, storage_temperature",,,,0.236454172699012,,,,,Metallized PET,MAT-05,Laminate,15.0,1.0,g/m2/day,1.0,1.0,1.0,cm3/m2/day,1.0,1.0,,Insufficient Data,Required biscuit moisture or material WVTR information is unavailable,0.8,Preliminary Screening,Literature-Informed AI-Assisted,Requires source verification (formerly cited incorrect NPL Report)
34.0,"moisture_gain, storage_temperature",,,,0.236454172699012,,,,,EVOH Laminate,MAT-06,Laminate,50.0,10.0,g/m2/day,10.0,10.0,0.5,cm3/m2/day,0.5,0.5,,Insufficient Data,Required biscuit moisture or material WVTR information is unavailable,1.0,Preliminary Screening,Literature-Informed AI-Assisted,"Mokwena, K.K., et al. (2009). Oxygen transmission of multilayer EVOH films after microwave sterilization. Journal of Food Engineering 92, 291-296"
35.0,"moisture_gain, storage_temperature",,,,0.16142582067083,,,,,LDPE,MAT-01,PE,50.0,15.0,g/m2/day,15.0,15.0,6000.0,cm3/m2/day,6000.0,6000.0,,Insufficient Data,Required biscuit moisture or material WVTR information is unavailable,1.0,Preliminary Screening,Literature-Informed AI-Assisted,"Massey, L. (2003). Permeability Properties of Plastics and Elastomers, 2nd Ed. Plastics Design Library"
35.0,"moisture_gain, storage_temperature",,,,0.16142582067083,,,,,HDPE,MAT-02,PE,50.0,5.0,g/m2/day,5.0,5.0,1500.0,cm3/m2/day,1500.0,1500.0,,Insufficient Data,Required biscuit moisture or material WVTR information is unavailable,1.0,Preliminary Screening,Literature-Informed AI-Assisted,"Massey, L. (2003). Permeability Properties of Plastics and Elastomers, 2nd Ed. Plastics Design Library"
35.0,"moisture_gain, storage_temperature",,,,0.16142582067083,,,,,BOPP,MAT-03,PP,30.0,5.0,g/m2/day,5.0,5.0,1500.0,cm3/m2/day,1500.0,1500.0,,Insufficient Data,Required biscuit moisture or material WVTR information is unavailable,1.0,Preliminary Screening,Literature-Informed AI-Assisted,"Lange, J., & Wyser, Y. (2003). Recent innovations in barrier technologies for plastic packaging. Packaging Technology and Science"
35.0,"moisture_gain, storage_temperature",,,,0.16142582067083,,,,,PET,MAT-04,Polyester,25.0,20.0,g/m2/day,20.0,20.0,75.0,cm3/m2/day,75.0,75.0,,Insufficient Data,Required biscuit moisture or material WVTR information is unavailable,1.0,Preliminary Screening,Literature-Informed AI-Assisted,"Lange, J., & Wyser, Y. (2003). Recent innovations in barrier technologies for plastic packaging. Packaging Technology and Science"
35.0,"moisture_gain, storage_temperature",,,,0.16142582067083,,,,,Metallized PET,MAT-05,Laminate,15.0,1.0,g/m2/day,1.0,1.0,1.0,cm3/m2/day,1.0,1.0,,Insufficient Data,Required biscuit moisture or material WVTR information is unavailable,0.8,Preliminary Screening,Literature-Informed AI-Assisted,Requires source verification (formerly cited incorrect NPL Report)
35.0,"moisture_gain, storage_temperature",,,,0.16142582067083,,,,,EVOH Laminate,MAT-06,Laminate,50.0,10.0,g/m2/day,10.0,10.0,0.5,cm3/m2/day,0.5,0.5,,Insufficient Data,Required biscuit moisture or material WVTR information is unavailable,1.0,Preliminary Screening,Literature-Informed AI-Assisted,"Mokwena, K.K., et al. (2009). Oxygen transmission of multilayer EVOH films after microwave sterilization. Journal of Food Engineering 92, 291-296"
