source_archive,source_archive_path,source_dataset,source_file,source_sheet,source_row,record_id,dataset_type,replicate_id,storage_temperature,adsorption_water_activity,adsorption_moisture_content
storage.zip,raw_data\phase1_biscuit\achira_storage\storage.zip,achira_storage,Water Adsorption Isotherms_Achira biscuits.xlsx,Sheet1,2,d735df212702abe4013d7436ec260494,Water Adsorption Isotherms,1,25,0.0972,2.12
storage.zip,raw_data\phase1_biscuit\achira_storage\storage.zip,achira_storage,Water Adsorption Isotherms_Achira biscuits.xlsx,Sheet1,3,1230465dc6a9f5f1a68568f8e36a9656,Water Adsorption Isotherms,1,25,0.1105,2.1
storage.zip,raw_data\phase1_biscuit\achira_storage\storage.zip,achira_storage,Water Adsorption Isotherms_Achira biscuits.xlsx,Sheet1,4,518d1c3c2b033a15631109710028b3fe,Water Adsorption Isotherms,1,25,0.1227,2.13
storage.zip,raw_data\phase1_biscuit\achira_storage\storage.zip,achira_storage,Water Adsorption Isotherms_Achira biscuits.xlsx,Sheet1,5,3ee9dfaf33b9e99d62ae9e7fa4c881af,Water Adsorption Isotherms,1,25,0.1305,2.15
storage.zip,raw_data\phase1_biscuit\achira_storage\storage.zip,achira_storage,Water Adsorption Isotherms_Achira biscuits.xlsx,Sheet1,6,f72d66c243b9835c4c5f3a0b284bbe8b,Water Adsorption Isotherms,1,25,0.1363,2.18
storage.zip,raw_data\phase1_biscuit\achira_storage\storage.zip,achira_storage,Water Adsorption Isotherms_Achira biscuits.xlsx,Sheet1,7,8c3680dd70dbb46f0d211a519c327d90,Water Adsorption Isotherms,1,25,0.1438,2.19
storage.zip,raw_data\phase1_biscuit\achira_storage\storage.zip,achira_storage,Water Adsorption Isotherms_Achira biscuits.xlsx,Sheet1,8,44af4313fc2a3563b646348ccf5c3121,Water Adsorption Isotherms,1,25,0.1485,2.21
storage.zip,raw_data\phase1_biscuit\achira_storage\storage.zip,achira_storage,Water Adsorption Isotherms_Achira biscuits.xlsx,Sheet1,9,62cc01c503e94912843ffaa3f481e593,Water Adsorption Isotherms,1,25,0.1559,2.23
storage.zip,raw_data\phase1_biscuit\achira_storage\storage.zip,achira_storage,Water Adsorption Isotherms_Achira biscuits.xlsx,Sheet1,10,7f24a40c88ee15a3ac41c61cd5f78b56,Water Adsorption Isotherms,1,25,0.1635,2.2600000000000002
storage.zip,raw_data\phase1_biscuit\achira_storage\storage.zip,achira_storage,Water Adsorption Isotherms_Achira biscuits.xlsx,Sheet1,11,8f6ae3d92cf9185e104490d4d151ac46,Water Adsorption Isotherms,1,25,0.1732,2.29
storage.zip,raw_data\phase1_biscuit\achira_storage\storage.zip,achira_storage,Water Adsorption Isotherms_Achira biscuits.xlsx,Sheet1,12,3f53cd180c45f6817416c91719e51cd1,Water Adsorption Isotherms,1,25,0.1825,2.33
storage.zip,raw_data\phase1_biscuit\achira_storage\storage.zip,achira_storage,Water Adsorption Isotherms_Achira biscuits.xlsx,Sheet1,13,5c8c6d2683998154ed50847383fee381,Water Adsorption Isotherms,1,25,0.1914,2.36
storage.zip,raw_data\phase1_biscuit\achira_storage\storage.zip,achira_storage,Water Adsorption Isotherms_Achira biscuits.xlsx,Sheet1,14,0374c3f0e30a00968a0a3a1ccac8736e,Water Adsorption Isotherms,1,25,0.1987,2.4
storage.zip,raw_data\phase1_biscuit\achira_storage\storage.zip,achira_storage,Water Adsorption Isotherms_Achira biscuits.xlsx,Sheet1,15,3c05efba49eb7ac8e4a9c53f1d634a03,Water Adsorption Isotherms,1,25,0.209,2.44
storage.zip,raw_data\phase1_biscuit\achira_storage\storage.zip,achira_storage,Water Adsorption Isotherms_Achira biscuits.xlsx,Sheet1,16,7ce0fb600be3f90f4d82f5cbf05ba0e8,Water Adsorption Isotherms,1,25,0.2169,2.48
storage.zip,raw_data\phase1_biscuit\achira_storage\storage.zip,achira_storage,Water Adsorption Isotherms_Achira biscuits.xlsx,Sheet1,17,2aeac4b27827b97ee578a5bfb1f2dd16,Water Adsorption Isotherms,1,25,0.226,2.5300000000000002
storage.zip,raw_data\phase1_biscuit\achira_storage\storage.zip,achira_storage,Water Adsorption Isotherms_Achira biscuits.xlsx,Sheet1,18,bfdfdae1d8535babe179878473971734,Water Adsorption Isotherms,1,25,0.2332,2.56
storage.zip,raw_data\phase1_biscuit\achira_storage\storage.zip,achira_storage,Water Adsorption Isotherms_Achira biscuits.xlsx,Sheet1,19,72bd1c662ce90d162367d0f4baf17453,Water Adsorption Isotherms,1,25,0.2409,2.62
storage.zip,raw_data\phase1_biscuit\achira_storage\storage.zip,achira_storage,Water Adsorption Isotherms_Achira biscuits.xlsx,Sheet1,20,9f34d9ee2b7ab54e2e5aed36841a9b4e,Water Adsorption Isotherms,1,25,0.2515,2.67
storage.zip,raw_data\phase1_biscuit\achira_storage\storage.zip,achira_storage,Water Adsorption Isotherms_Achira biscuits.xlsx,Sheet1,21,9d063826b4d8eac80b8db81f4767b4d4,Water Adsorption Isotherms,1,25,0.2636,2.73
storage.zip,raw_data\phase1_biscuit\achira_storage\storage.zip,achira_storage,Water Adsorption Isotherms_Achira biscuits.xlsx,Sheet1,22,893b0abfeb63e3b32f9958447be73849,Water Adsorption Isotherms,1,25,0.2731,2.79
storage.zip,raw_data\phase1_biscuit\achira_storage\storage.zip,achira_storage,Water Adsorption Isotherms_Achira biscuits.xlsx,Sheet1,23,89e684af6b1cc7beb5f1796c7af35af6,Water Adsorption Isotherms,1,25,0.2819,2.8400000000000003
storage.zip,raw_data\phase1_biscuit\achira_storage\storage.zip,achira_storage,Water Adsorption Isotherms_Achira biscuits.xlsx,Sheet1,24,cb2721e555c8640bb970eaf7dbe6669b,Water Adsorption Isotherms,1,25,0.29,2.9
storage.zip,raw_data\phase1_biscuit\achira_storage\storage.zip,achira_storage,Water Adsorption Isotherms_Achira biscuits.xlsx,Sheet1,25,c6fd0ae6a8e9622c86a4acae724c869d,Water Adsorption Isotherms,1,25,0.3014,2.96
storage.zip,raw_data\phase1_biscuit\achira_storage\storage.zip,achira_storage,Water Adsorption Isotherms_Achira biscuits.xlsx,Sheet1,26,ec207371ff57a2280406387bd00bb668,Water Adsorption Isotherms,1,25,0.3113,3.0100000000000002
storage.zip,raw_data\phase1_biscuit\achira_storage\storage.zip,achira_storage,Water Adsorption Isotherms_Achira biscuits.xlsx,Sheet1,27,80e12f2b048c892ce533efaffedd82f1,Water Adsorption Isotherms,1,25,0.3199,3.0900000000000003
storage.zip,raw_data\phase1_biscuit\achira_storage\storage.zip,achira_storage,Water Adsorption Isotherms_Achira biscuits.xlsx,Sheet1,28,111195f6cf11f22653b9674d0efa0bc8,Water Adsorption Isotherms,1,25,0.3244,3.14
storage.zip,raw_data\phase1_biscuit\achira_storage\storage.zip,achira_storage,Water Adsorption Isotherms_Achira biscuits.xlsx,Sheet1,29,031ac7f22a9ecb5b8143637897339860,Water Adsorption Isotherms,1,25,0.3365,3.22
storage.zip,raw_data\phase1_biscuit\achira_storage\storage.zip,achira_storage,Water Adsorption Isotherms_Achira biscuits.xlsx,Sheet1,30,d7144fd841ddc43cd141295ee666fc52,Water Adsorption Isotherms,1,25,0.3526,3.2800000000000002
storage.zip,raw_data\phase1_biscuit\achira_storage\storage.zip,achira_storage,Water Adsorption Isotherms_Achira biscuits.xlsx,Sheet1,31,09edf4bdc06a513fa46015ed87173fcd,Water Adsorption Isotherms,1,25,0.3599,3.35
storage.zip,raw_data\phase1_biscuit\achira_storage\storage.zip,achira_storage,Water Adsorption Isotherms_Achira biscuits.xlsx,Sheet1,32,048606e7244c4f51f0eade1251df0ae0,Water Adsorption Isotherms,1,25,0.3664,3.41
storage.zip,raw_data\phase1_biscuit\achira_storage\storage.zip,achira_storage,Water Adsorption Isotherms_Achira biscuits.xlsx,Sheet1,33,6e1bf66303034d280c8a975ca24823db,Water Adsorption Isotherms,1,25,0.3735,3.49
storage.zip,raw_data\phase1_biscuit\achira_storage\storage.zip,achira_storage,Water Adsorption Isotherms_Achira biscuits.xlsx,Sheet1,34,375a2ce6fd8cae421c16a8daf8233d4a,Water Adsorption Isotherms,1,25,0.3858,3.56
storage.zip,raw_data\phase1_biscuit\achira_storage\storage.zip,achira_storage,Water Adsorption Isotherms_Achira biscuits.xlsx,Sheet1,35,cc604bc45dae3662d2ee12d1521c120e,Water Adsorption Isotherms,1,25,0.3972,3.63
storage.zip,raw_data\phase1_biscuit\achira_storage\storage.zip,achira_storage,Water Adsorption Isotherms_Achira biscuits.xlsx,Sheet1,36,f8c6876e52021a714e563792d40f0db0,Water Adsorption Isotherms,1,25,0.4056,3.7
storage.zip,raw_data\phase1_biscuit\achira_storage\storage.zip,achira_storage,Water Adsorption Isotherms_Achira biscuits.xlsx,Sheet1,37,915f926a3921b73a9ae8d260eb8f6c95,Water Adsorption Isotherms,1,25,0.4144,3.7800000000000002
storage.zip,raw_data\phase1_biscuit\achira_storage\storage.zip,achira_storage,Water Adsorption Isotherms_Achira biscuits.xlsx,Sheet1,38,f266a48e07417f02160798b733aee46e,Water Adsorption Isotherms,1,25,0.4256,3.85
storage.zip,raw_data\phase1_biscuit\achira_storage\storage.zip,achira_storage,Water Adsorption Isotherms_Achira biscuits.xlsx,Sheet1,39,4212e8a5ac946c3e213ed99191e03411,Water Adsorption Isotherms,1,25,0.4355,3.93
storage.zip,raw_data\phase1_biscuit\achira_storage\storage.zip,achira_storage,Water Adsorption Isotherms_Achira biscuits.xlsx,Sheet1,40,dae46e4473cf1292b2e8673bfde6478e,Water Adsorption Isotherms,1,25,0.4435,3.99
storage.zip,raw_data\phase1_biscuit\achira_storage\storage.zip,achira_storage,Water Adsorption Isotherms_Achira biscuits.xlsx,Sheet1,41,1b52ce0f83c78d1a702ea31dd3728c35,Water Adsorption Isotherms,1,25,0.4477,4.07
storage.zip,raw_data\phase1_biscuit\achira_storage\storage.zip,achira_storage,Water Adsorption Isotherms_Achira biscuits.xlsx,Sheet1,42,b98dfba74dd4a7828ee3073bc135f4c4,Water Adsorption Isotherms,1,25,0.4658,4.159999999999999
storage.zip,raw_data\phase1_biscuit\achira_storage\storage.zip,achira_storage,Water Adsorption Isotherms_Achira biscuits.xlsx,Sheet1,43,7957fb5d361b8cf4f0434f91e735ff89,Water Adsorption Isotherms,1,25,0.4714,4.239999999999999
storage.zip,raw_data\phase1_biscuit\achira_storage\storage.zip,achira_storage,Water Adsorption Isotherms_Achira biscuits.xlsx,Sheet1,44,716522e87158684c502b0ca8727e719e,Water Adsorption Isotherms,1,25,0.4802,4.33
storage.zip,raw_data\phase1_biscuit\achira_storage\storage.zip,achira_storage,Water Adsorption Isotherms_Achira biscuits.xlsx,Sheet1,45,f40fc4ee1aef221bd3d64628fbbe644d,Water Adsorption Isotherms,1,25,0.4918,4.42
storage.zip,raw_data\phase1_biscuit\achira_storage\storage.zip,achira_storage,Water Adsorption Isotherms_Achira biscuits.xlsx,Sheet1,46,1b7f21a008097b3bf63258e21b5bd75b,Water Adsorption Isotherms,1,25,0.5044,4.5
storage.zip,raw_data\phase1_biscuit\achira_storage\storage.zip,achira_storage,Water Adsorption Isotherms_Achira biscuits.xlsx,Sheet1,47,979d719cb2c21347a5297d85c3ff93b5,Water Adsorption Isotherms,1,25,0.5086,4.58
storage.zip,raw_data\phase1_biscuit\achira_storage\storage.zip,achira_storage,Water Adsorption Isotherms_Achira biscuits.xlsx,Sheet1,48,95ad1006f1636f7a094772663bf2631e,Water Adsorption Isotherms,1,25,0.5185,4.67
storage.zip,raw_data\phase1_biscuit\achira_storage\storage.zip,achira_storage,Water Adsorption Isotherms_Achira biscuits.xlsx,Sheet1,49,ac49b16cc141999f255bce0da991d440,Water Adsorption Isotherms,1,25,0.5297,4.77
storage.zip,raw_data\phase1_biscuit\achira_storage\storage.zip,achira_storage,Water Adsorption Isotherms_Achira biscuits.xlsx,Sheet1,50,6a2fa423dbaca2672e24899d86e414ec,Water Adsorption Isotherms,1,25,0.5376,4.85
storage.zip,raw_data\phase1_biscuit\achira_storage\storage.zip,achira_storage,Water Adsorption Isotherms_Achira biscuits.xlsx,Sheet1,51,77a6eef4582948c57b0baa40cebd212e,Water Adsorption Isotherms,1,25,0.5494,4.949999999999999
storage.zip,raw_data\phase1_biscuit\achira_storage\storage.zip,achira_storage,Water Adsorption Isotherms_Achira biscuits.xlsx,Sheet1,52,0c274ae07418e8c3234ee987d145ee97,Water Adsorption Isotherms,1,25,0.5569,5.04
storage.zip,raw_data\phase1_biscuit\achira_storage\storage.zip,achira_storage,Water Adsorption Isotherms_Achira biscuits.xlsx,Sheet1,53,41bd94ab22fa8c58eccc8a8bb4157265,Water Adsorption Isotherms,1,25,0.5666,5.14
storage.zip,raw_data\phase1_biscuit\achira_storage\storage.zip,achira_storage,Water Adsorption Isotherms_Achira biscuits.xlsx,Sheet1,54,7eea81c5eb4c5761fde588c00af58f3d,Water Adsorption Isotherms,1,25,0.5753,5.2299999999999995
storage.zip,raw_data\phase1_biscuit\achira_storage\storage.zip,achira_storage,Water Adsorption Isotherms_Achira biscuits.xlsx,Sheet1,55,d7a1c10fad7a472451d44cd7a6879eb6,Water Adsorption Isotherms,1,25,0.5876,5.34
storage.zip,raw_data\phase1_biscuit\achira_storage\storage.zip,achira_storage,Water Adsorption Isotherms_Achira biscuits.xlsx,Sheet1,56,57b0f2a08c282bfb3201156ca656f99a,Water Adsorption Isotherms,1,25,0.594,5.43
storage.zip,raw_data\phase1_biscuit\achira_storage\storage.zip,achira_storage,Water Adsorption Isotherms_Achira biscuits.xlsx,Sheet1,57,d4bf6b8bc39f8b356152cae79d96a161,Water Adsorption Isotherms,1,25,0.6071,5.54
storage.zip,raw_data\phase1_biscuit\achira_storage\storage.zip,achira_storage,Water Adsorption Isotherms_Achira biscuits.xlsx,Sheet1,58,9b5fed66273169a111fca440b0768151,Water Adsorption Isotherms,1,25,0.614,5.63
storage.zip,raw_data\phase1_biscuit\achira_storage\storage.zip,achira_storage,Water Adsorption Isotherms_Achira biscuits.xlsx,Sheet1,59,cf27f8c8cd980db8798d16716c1a3e8b,Water Adsorption Isotherms,1,25,0.6185,5.7299999999999995
storage.zip,raw_data\phase1_biscuit\achira_storage\storage.zip,achira_storage,Water Adsorption Isotherms_Achira biscuits.xlsx,Sheet1,60,520f6e2a0e47388ddd98aa16698b7c2f,Water Adsorption Isotherms,1,25,0.6334,5.859999999999999
storage.zip,raw_data\phase1_biscuit\achira_storage\storage.zip,achira_storage,Water Adsorption Isotherms_Achira biscuits.xlsx,Sheet1,61,c052e9a8f55af30c27863763db76d4f9,Water Adsorption Isotherms,1,25,0.6387,5.9799999999999995
storage.zip,raw_data\phase1_biscuit\achira_storage\storage.zip,achira_storage,Water Adsorption Isotherms_Achira biscuits.xlsx,Sheet1,62,895de7ed60604e578cdc1e29b45e3388,Water Adsorption Isotherms,1,25,0.6537,6.1
storage.zip,raw_data\phase1_biscuit\achira_storage\storage.zip,achira_storage,Water Adsorption Isotherms_Achira biscuits.xlsx,Sheet1,63,8b54895b39de427a3b0fffa7dc858a74,Water Adsorption Isotherms,1,25,0.6599,6.2299999999999995
storage.zip,raw_data\phase1_biscuit\achira_storage\storage.zip,achira_storage,Water Adsorption Isotherms_Achira biscuits.xlsx,Sheet1,64,697963b5275e5681b8971ed529144e8c,Water Adsorption Isotherms,1,25,0.6667,6.35
storage.zip,raw_data\phase1_biscuit\achira_storage\storage.zip,achira_storage,Water Adsorption Isotherms_Achira biscuits.xlsx,Sheet1,65,b92c84ad64b9ed8ddefaaaac3f2ae122,Water Adsorption Isotherms,1,25,0.6727,6.4799999999999995
storage.zip,raw_data\phase1_biscuit\achira_storage\storage.zip,achira_storage,Water Adsorption Isotherms_Achira biscuits.xlsx,Sheet1,66,e166dfb2bcff680ada9b79a80da6480e,Water Adsorption Isotherms,1,25,0.6806,6.63
storage.zip,raw_data\phase1_biscuit\achira_storage\storage.zip,achira_storage,Water Adsorption Isotherms_Achira biscuits.xlsx,Sheet1,67,14b7ad8516302250b025b6fbd6a23330,Water Adsorption Isotherms,1,25,0.6886,6.8
storage.zip,raw_data\phase1_biscuit\achira_storage\storage.zip,achira_storage,Water Adsorption Isotherms_Achira biscuits.xlsx,Sheet1,68,4b0ba5d30540134b677032e62e744135,Water Adsorption Isotherms,1,25,0.6997,6.989999999999999
storage.zip,raw_data\phase1_biscuit\achira_storage\storage.zip,achira_storage,Water Adsorption Isotherms_Achira biscuits.xlsx,Sheet1,69,b86dedc4e28d6a2fb4ef9e29c8c1bd57,Water Adsorption Isotherms,1,25,0.7059,7.17
storage.zip,raw_data\phase1_biscuit\achira_storage\storage.zip,achira_storage,Water Adsorption Isotherms_Achira biscuits.xlsx,Sheet1,70,eb6e5f63458488d973de63fdc30451af,Water Adsorption Isotherms,1,25,0.715,7.38
storage.zip,raw_data\phase1_biscuit\achira_storage\storage.zip,achira_storage,Water Adsorption Isotherms_Achira biscuits.xlsx,Sheet1,71,6a4c66a6f7ad079e6b62cd22e95ea083,Water Adsorption Isotherms,1,25,0.7216,7.54
storage.zip,raw_data\phase1_biscuit\achira_storage\storage.zip,achira_storage,Water Adsorption Isotherms_Achira biscuits.xlsx,Sheet1,72,d57459cb4743d5e1be80df1ec07f37a0,Water Adsorption Isotherms,1,25,0.7366,7.859999999999999
storage.zip,raw_data\phase1_biscuit\achira_storage\storage.zip,achira_storage,Water Adsorption Isotherms_Achira biscuits.xlsx,Sheet1,73,d54318e773722ac57c5dc28d46107ad1,Water Adsorption Isotherms,1,25,0.7468,8.12
storage.zip,raw_data\phase1_biscuit\achira_storage\storage.zip,achira_storage,Water Adsorption Isotherms_Achira biscuits.xlsx,Sheet1,74,42bc2078eeb3fa5d770a6ab69de6345c,Water Adsorption Isotherms,1,25,0.7636,8.379999999999999
storage.zip,raw_data\phase1_biscuit\achira_storage\storage.zip,achira_storage,Water Adsorption Isotherms_Achira biscuits.xlsx,Sheet1,75,0fb58dc66cd04d2cbf74928d8769ef0f,Water Adsorption Isotherms,1,25,0.7755,8.61
storage.zip,raw_data\phase1_biscuit\achira_storage\storage.zip,achira_storage,Water Adsorption Isotherms_Achira biscuits.xlsx,Sheet1,76,e3f144a8384aff330407aa6d479547b7,Water Adsorption Isotherms,1,25,0.7809,8.78
storage.zip,raw_data\phase1_biscuit\achira_storage\storage.zip,achira_storage,Water Adsorption Isotherms_Achira biscuits.xlsx,Sheet1,77,4cc76cd6936bd429aefe52c79a89bcc2,Water Adsorption Isotherms,1,25,0.7861,8.959999999999999
storage.zip,raw_data\phase1_biscuit\achira_storage\storage.zip,achira_storage,Water Adsorption Isotherms_Achira biscuits.xlsx,Sheet1,78,9273e7acd409006311bf309b2b00223b,Water Adsorption Isotherms,1,25,0.7963,9.19
storage.zip,raw_data\phase1_biscuit\achira_storage\storage.zip,achira_storage,Water Adsorption Isotherms_Achira biscuits.xlsx,Sheet1,79,e34d8dbba79ae7b7745310abfdfede8a,Water Adsorption Isotherms,1,25,0.8041,9.42
storage.zip,raw_data\phase1_biscuit\achira_storage\storage.zip,achira_storage,Water Adsorption Isotherms_Achira biscuits.xlsx,Sheet1,80,73219b096ba0c2c56ff42eca13cb4895,Water Adsorption Isotherms,2,25,0.0988,2.33
storage.zip,raw_data\phase1_biscuit\achira_storage\storage.zip,achira_storage,Water Adsorption Isotherms_Achira biscuits.xlsx,Sheet1,81,d3be2b04496d74185d983dd64bedface,Water Adsorption Isotherms,2,25,0.1175,2.3200000000000003
storage.zip,raw_data\phase1_biscuit\achira_storage\storage.zip,achira_storage,Water Adsorption Isotherms_Achira biscuits.xlsx,Sheet1,82,a7be8719c17bd4df198d5ac83270a851,Water Adsorption Isotherms,2,25,0.1355,2.3400000000000003
storage.zip,raw_data\phase1_biscuit\achira_storage\storage.zip,achira_storage,Water Adsorption Isotherms_Achira biscuits.xlsx,Sheet1,83,49c4490ba832799bf51b2ff1468763f7,Water Adsorption Isotherms,2,25,0.1445,2.3600000000000003
storage.zip,raw_data\phase1_biscuit\achira_storage\storage.zip,achira_storage,Water Adsorption Isotherms_Achira biscuits.xlsx,Sheet1,84,302260a28f05007e0bece8fa3393433b,Water Adsorption Isotherms,2,25,0.151,2.38
storage.zip,raw_data\phase1_biscuit\achira_storage\storage.zip,achira_storage,Water Adsorption Isotherms_Achira biscuits.xlsx,Sheet1,85,7f57da3af0193e6d337e69ea66e6b5c8,Water Adsorption Isotherms,2,25,0.1567,2.39
storage.zip,raw_data\phase1_biscuit\achira_storage\storage.zip,achira_storage,Water Adsorption Isotherms_Achira biscuits.xlsx,Sheet1,86,7abed2f3feaa00244bce1bd68b7b844e,Water Adsorption Isotherms,2,25,0.1595,2.41
storage.zip,raw_data\phase1_biscuit\achira_storage\storage.zip,achira_storage,Water Adsorption Isotherms_Achira biscuits.xlsx,Sheet1,87,d888c68efab794abf44024dd4c125ac3,Water Adsorption Isotherms,2,25,0.1706,2.43
storage.zip,raw_data\phase1_biscuit\achira_storage\storage.zip,achira_storage,Water Adsorption Isotherms_Achira biscuits.xlsx,Sheet1,88,3be252408355b4a60c79c775a1207922,Water Adsorption Isotherms,2,25,0.1786,2.46
storage.zip,raw_data\phase1_biscuit\achira_storage\storage.zip,achira_storage,Water Adsorption Isotherms_Achira biscuits.xlsx,Sheet1,89,421c675bc4da03afb42ff7c390e4e02d,Water Adsorption Isotherms,2,25,0.1868,2.49
storage.zip,raw_data\phase1_biscuit\achira_storage\storage.zip,achira_storage,Water Adsorption Isotherms_Achira biscuits.xlsx,Sheet1,90,514fbbfcf5f4212fcd6163f3a5c7829f,Water Adsorption Isotherms,2,25,0.1953,2.52
storage.zip,raw_data\phase1_biscuit\achira_storage\storage.zip,achira_storage,Water Adsorption Isotherms_Achira biscuits.xlsx,Sheet1,91,370f5d99814e2453d4890c6b86ba3978,Water Adsorption Isotherms,2,25,0.2048,2.5500000000000003
storage.zip,raw_data\phase1_biscuit\achira_storage\storage.zip,achira_storage,Water Adsorption Isotherms_Achira biscuits.xlsx,Sheet1,92,e8c927912cb1d5ccc624014e11da5717,Water Adsorption Isotherms,2,25,0.2134,2.58
storage.zip,raw_data\phase1_biscuit\achira_storage\storage.zip,achira_storage,Water Adsorption Isotherms_Achira biscuits.xlsx,Sheet1,93,58dca19b6828b345e81239c9f6a106f2,Water Adsorption Isotherms,2,25,0.2221,2.6100000000000003
storage.zip,raw_data\phase1_biscuit\achira_storage\storage.zip,achira_storage,Water Adsorption Isotherms_Achira biscuits.xlsx,Sheet1,94,770839d3bf7f73ba43a0a4668395268f,Water Adsorption Isotherms,2,25,0.2309,2.65
storage.zip,raw_data\phase1_biscuit\achira_storage\storage.zip,achira_storage,Water Adsorption Isotherms_Achira biscuits.xlsx,Sheet1,95,babc784f62e003dbcc27099a83687512,Water Adsorption Isotherms,2,25,0.24,2.7
storage.zip,raw_data\phase1_biscuit\achira_storage\storage.zip,achira_storage,Water Adsorption Isotherms_Achira biscuits.xlsx,Sheet1,96,71ff3e30fe2ca8823c5cafbca387130c,Water Adsorption Isotherms,2,25,0.2503,2.74
storage.zip,raw_data\phase1_biscuit\achira_storage\storage.zip,achira_storage,Water Adsorption Isotherms_Achira biscuits.xlsx,Sheet1,97,70b6cc2581f396a4463a3490cee94e00,Water Adsorption Isotherms,2,25,0.2591,2.77
storage.zip,raw_data\phase1_biscuit\achira_storage\storage.zip,achira_storage,Water Adsorption Isotherms_Achira biscuits.xlsx,Sheet1,98,08e0328707252e6c25249d3e877d28df,Water Adsorption Isotherms,2,25,0.2675,2.8200000000000003
storage.zip,raw_data\phase1_biscuit\achira_storage\storage.zip,achira_storage,Water Adsorption Isotherms_Achira biscuits.xlsx,Sheet1,99,49b344edf95e68837c215db680628cf7,Water Adsorption Isotherms,2,25,0.2701,2.8600000000000003
storage.zip,raw_data\phase1_biscuit\achira_storage\storage.zip,achira_storage,Water Adsorption Isotherms_Achira biscuits.xlsx,Sheet1,100,723c626cdaca1a5433dd9b384eb48369,Water Adsorption Isotherms,2,25,0.2928,2.92
storage.zip,raw_data\phase1_biscuit\achira_storage\storage.zip,achira_storage,Water Adsorption Isotherms_Achira biscuits.xlsx,Sheet1,101,0daad392ebc414ad0a1a2c650c1fe524,Water Adsorption Isotherms,2,25,0.2938,2.96
storage.zip,raw_data\phase1_biscuit\achira_storage\storage.zip,achira_storage,Water Adsorption Isotherms_Achira biscuits.xlsx,Sheet1,102,e71087790286d0f64fc14f1d0da361f3,Water Adsorption Isotherms,2,25,0.3015,3.02
storage.zip,raw_data\phase1_biscuit\achira_storage\storage.zip,achira_storage,Water Adsorption Isotherms_Achira biscuits.xlsx,Sheet1,103,eab6aae52298bcf0e8cec1b025bc575f,Water Adsorption Isotherms,2,25,0.3098,3.0700000000000003
storage.zip,raw_data\phase1_biscuit\achira_storage\storage.zip,achira_storage,Water Adsorption Isotherms_Achira biscuits.xlsx,Sheet1,104,ec987fc9625c3970d0bd58ab8cc90b9d,Water Adsorption Isotherms,2,25,0.3224,3.14
storage.zip,raw_data\phase1_biscuit\achira_storage\storage.zip,achira_storage,Water Adsorption Isotherms_Achira biscuits.xlsx,Sheet1,105,6608afcd07336af9b34949580229b622,Water Adsorption Isotherms,2,25,0.335,3.19
storage.zip,raw_data\phase1_biscuit\achira_storage\storage.zip,achira_storage,Water Adsorption Isotherms_Achira biscuits.xlsx,Sheet1,106,70589d90ed9e6e695dac0546746457dd,Water Adsorption Isotherms,2,25,0.3402,3.24
storage.zip,raw_data\phase1_biscuit\achira_storage\storage.zip,achira_storage,Water Adsorption Isotherms_Achira biscuits.xlsx,Sheet1,107,8c9b74a24a24ca24c94bbaa604a42097,Water Adsorption Isotherms,2,25,0.3517,3.3000000000000003
storage.zip,raw_data\phase1_biscuit\achira_storage\storage.zip,achira_storage,Water Adsorption Isotherms_Achira biscuits.xlsx,Sheet1,108,744922da2512d428b06f3ef0b62bad23,Water Adsorption Isotherms,2,25,0.3631,3.3600000000000003
storage.zip,raw_data\phase1_biscuit\achira_storage\storage.zip,achira_storage,Water Adsorption Isotherms_Achira biscuits.xlsx,Sheet1,109,b000793f5079dea309c7f47f12ce142b,Water Adsorption Isotherms,2,25,0.3669,3.41
storage.zip,raw_data\phase1_biscuit\achira_storage\storage.zip,achira_storage,Water Adsorption Isotherms_Achira biscuits.xlsx,Sheet1,110,4e0ba0245c309fe23ea48c8ecc47c7d1,Water Adsorption Isotherms,2,25,0.3815,3.47
storage.zip,raw_data\phase1_biscuit\achira_storage\storage.zip,achira_storage,Water Adsorption Isotherms_Achira biscuits.xlsx,Sheet1,111,2bba08923f28f69f594b21ad7a41feaf,Water Adsorption Isotherms,2,25,0.3795,3.52
storage.zip,raw_data\phase1_biscuit\achira_storage\storage.zip,achira_storage,Water Adsorption Isotherms_Achira biscuits.xlsx,Sheet1,112,95cbf06678e4bb12af6e3abfec60022e,Water Adsorption Isotherms,2,25,0.3982,3.5900000000000003
storage.zip,raw_data\phase1_biscuit\achira_storage\storage.zip,achira_storage,Water Adsorption Isotherms_Achira biscuits.xlsx,Sheet1,113,d524190530082a99314104498ac74e00,Water Adsorption Isotherms,2,25,0.4061,3.73
storage.zip,raw_data\phase1_biscuit\achira_storage\storage.zip,achira_storage,Water Adsorption Isotherms_Achira biscuits.xlsx,Sheet1,114,121359fa73ccd9aea4431b71af55c133,Water Adsorption Isotherms,2,25,0.4116,3.8000000000000003
storage.zip,raw_data\phase1_biscuit\achira_storage\storage.zip,achira_storage,Water Adsorption Isotherms_Achira biscuits.xlsx,Sheet1,115,a988aa3a3fedac74434236f6376da66e,Water Adsorption Isotherms,2,25,0.4221,3.85
storage.zip,raw_data\phase1_biscuit\achira_storage\storage.zip,achira_storage,Water Adsorption Isotherms_Achira biscuits.xlsx,Sheet1,116,fa1d4804cd639e58c033f494448b001b,Water Adsorption Isotherms,2,25,0.4227,3.9200000000000004
storage.zip,raw_data\phase1_biscuit\achira_storage\storage.zip,achira_storage,Water Adsorption Isotherms_Achira biscuits.xlsx,Sheet1,117,473dab77185fee9e50bb7af2fde40576,Water Adsorption Isotherms,2,25,0.442,4.0
storage.zip,raw_data\phase1_biscuit\achira_storage\storage.zip,achira_storage,Water Adsorption Isotherms_Achira biscuits.xlsx,Sheet1,118,be0603b2e4d175e46118657549a481ec,Water Adsorption Isotherms,2,25,0.4501,4.08
storage.zip,raw_data\phase1_biscuit\achira_storage\storage.zip,achira_storage,Water Adsorption Isotherms_Achira biscuits.xlsx,Sheet1,119,cc2b5a1a0ed244ad0d31965738870b05,Water Adsorption Isotherms,2,25,0.4559,4.14
storage.zip,raw_data\phase1_biscuit\achira_storage\storage.zip,achira_storage,Water Adsorption Isotherms_Achira biscuits.xlsx,Sheet1,120,d96c767ae948348e367d16a3f688f402,Water Adsorption Isotherms,2,25,0.4694,4.22
storage.zip,raw_data\phase1_biscuit\achira_storage\storage.zip,achira_storage,Water Adsorption Isotherms_Achira biscuits.xlsx,Sheet1,121,9dbd6419c9758fdc980e4948396ca840,Water Adsorption Isotherms,2,25,0.4745,4.29
storage.zip,raw_data\phase1_biscuit\achira_storage\storage.zip,achira_storage,Water Adsorption Isotherms_Achira biscuits.xlsx,Sheet1,122,5a2f55061ec7db2876a9b700de455216,Water Adsorption Isotherms,2,25,0.4893,4.37
storage.zip,raw_data\phase1_biscuit\achira_storage\storage.zip,achira_storage,Water Adsorption Isotherms_Achira biscuits.xlsx,Sheet1,123,267e6dd521380f35848a57d033931341,Water Adsorption Isotherms,2,25,0.4956,4.45
storage.zip,raw_data\phase1_biscuit\achira_storage\storage.zip,achira_storage,Water Adsorption Isotherms_Achira biscuits.xlsx,Sheet1,124,e20144c279a6a2a56017ad09bf5f268b,Water Adsorption Isotherms,2,25,0.5088,4.53
storage.zip,raw_data\phase1_biscuit\achira_storage\storage.zip,achira_storage,Water Adsorption Isotherms_Achira biscuits.xlsx,Sheet1,125,4724e9aec42694ed813ed558bb67a8af,Water Adsorption Isotherms,2,25,0.5139,4.6000000000000005
storage.zip,raw_data\phase1_biscuit\achira_storage\storage.zip,achira_storage,Water Adsorption Isotherms_Achira biscuits.xlsx,Sheet1,126,7a3c14278e60d429f9f1ade74c7b36f8,Water Adsorption Isotherms,2,25,0.5276,4.69
storage.zip,raw_data\phase1_biscuit\achira_storage\storage.zip,achira_storage,Water Adsorption Isotherms_Achira biscuits.xlsx,Sheet1,127,a8096851ceea8b00ca91d7010303f167,Water Adsorption Isotherms,2,25,0.5336,4.7700000000000005
storage.zip,raw_data\phase1_biscuit\achira_storage\storage.zip,achira_storage,Water Adsorption Isotherms_Achira biscuits.xlsx,Sheet1,128,b3ee7143fe9eac70d92c751e7c9ab28a,Water Adsorption Isotherms,2,25,0.5426,4.8500000000000005
storage.zip,raw_data\phase1_biscuit\achira_storage\storage.zip,achira_storage,Water Adsorption Isotherms_Achira biscuits.xlsx,Sheet1,129,cfaa8c39ec5011c2dd04635810e39045,Water Adsorption Isotherms,2,25,0.5561,4.930000000000001
storage.zip,raw_data\phase1_biscuit\achira_storage\storage.zip,achira_storage,Water Adsorption Isotherms_Achira biscuits.xlsx,Sheet1,130,7ff3a5d165d0e486c6bd34b364998014,Water Adsorption Isotherms,2,25,0.5628,5.01
storage.zip,raw_data\phase1_biscuit\achira_storage\storage.zip,achira_storage,Water Adsorption Isotherms_Achira biscuits.xlsx,Sheet1,131,ac35b0cf731ce1292d122771d7da1c07,Water Adsorption Isotherms,2,25,0.5687,5.09
storage.zip,raw_data\phase1_biscuit\achira_storage\storage.zip,achira_storage,Water Adsorption Isotherms_Achira biscuits.xlsx,Sheet1,132,e53bf69b9c4672da61fd4d7962eb49c0,Water Adsorption Isotherms,2,25,0.5833,5.2
storage.zip,raw_data\phase1_biscuit\achira_storage\storage.zip,achira_storage,Water Adsorption Isotherms_Achira biscuits.xlsx,Sheet1,133,4ae929de66226ba369281958cff91342,Water Adsorption Isotherms,2,25,0.5907,5.28
storage.zip,raw_data\phase1_biscuit\achira_storage\storage.zip,achira_storage,Water Adsorption Isotherms_Achira biscuits.xlsx,Sheet1,134,e0508bc4477487f8f94a0c1f0b6fa5d6,Water Adsorption Isotherms,2,25,0.5986,5.38
storage.zip,raw_data\phase1_biscuit\achira_storage\storage.zip,achira_storage,Water Adsorption Isotherms_Achira biscuits.xlsx,Sheet1,135,84f2f42c4236dc7914591c3f05b4128e,Water Adsorption Isotherms,2,25,0.6125,5.47
storage.zip,raw_data\phase1_biscuit\achira_storage\storage.zip,achira_storage,Water Adsorption Isotherms_Achira biscuits.xlsx,Sheet1,136,a5c79288d3656060ae0cd19d1786fb8c,Water Adsorption Isotherms,2,25,0.6185,5.57
storage.zip,raw_data\phase1_biscuit\achira_storage\storage.zip,achira_storage,Water Adsorption Isotherms_Achira biscuits.xlsx,Sheet1,137,806b96b10633c8dcac2b28e04d712eb6,Water Adsorption Isotherms,2,25,0.6255,5.66
storage.zip,raw_data\phase1_biscuit\achira_storage\storage.zip,achira_storage,Water Adsorption Isotherms_Achira biscuits.xlsx,Sheet1,138,385f1728aebc03dca4cd2f8fda236a69,Water Adsorption Isotherms,2,25,0.6348,5.76
storage.zip,raw_data\phase1_biscuit\achira_storage\storage.zip,achira_storage,Water Adsorption Isotherms_Achira biscuits.xlsx,Sheet1,139,f1bd07a0d08efa2860faf73c63832940,Water Adsorption Isotherms,2,25,0.6511,6.08
storage.zip,raw_data\phase1_biscuit\achira_storage\storage.zip,achira_storage,Water Adsorption Isotherms_Achira biscuits.xlsx,Sheet1,140,3c7563c38e15b8c359f01e33f84ffa57,Water Adsorption Isotherms,2,25,0.6563,6.180000000000001
storage.zip,raw_data\phase1_biscuit\achira_storage\storage.zip,achira_storage,Water Adsorption Isotherms_Achira biscuits.xlsx,Sheet1,141,23d26fa61b39a24f6e25b74cc605d640,Water Adsorption Isotherms,2,25,0.6686,6.28
storage.zip,raw_data\phase1_biscuit\achira_storage\storage.zip,achira_storage,Water Adsorption Isotherms_Achira biscuits.xlsx,Sheet1,142,2f552d17194801a6a96369147db815e3,Water Adsorption Isotherms,2,25,0.6754,6.390000000000001
storage.zip,raw_data\phase1_biscuit\achira_storage\storage.zip,achira_storage,Water Adsorption Isotherms_Achira biscuits.xlsx,Sheet1,143,7bad65d9b183ac8ae55f4d54a73680e3,Water Adsorption Isotherms,2,25,0.6815,6.49
storage.zip,raw_data\phase1_biscuit\achira_storage\storage.zip,achira_storage,Water Adsorption Isotherms_Achira biscuits.xlsx,Sheet1,144,ad887c855241e85d7835a27e50b3c52e,Water Adsorption Isotherms,2,25,0.6919,6.61
storage.zip,raw_data\phase1_biscuit\achira_storage\storage.zip,achira_storage,Water Adsorption Isotherms_Achira biscuits.xlsx,Sheet1,145,c0a82809e4623c429e4d622330a42e1e,Water Adsorption Isotherms,2,25,0.7009,6.9399999999999995
storage.zip,raw_data\phase1_biscuit\achira_storage\storage.zip,achira_storage,Water Adsorption Isotherms_Achira biscuits.xlsx,Sheet1,146,2b1c7c6a058d8f0361a3db4202f9d50f,Water Adsorption Isotherms,2,25,0.704,7.16
storage.zip,raw_data\phase1_biscuit\achira_storage\storage.zip,achira_storage,Water Adsorption Isotherms_Achira biscuits.xlsx,Sheet1,147,556b3e010717af8d48e32a72a956c9e2,Water Adsorption Isotherms,2,25,0.7095,7.3100000000000005
storage.zip,raw_data\phase1_biscuit\achira_storage\storage.zip,achira_storage,Water Adsorption Isotherms_Achira biscuits.xlsx,Sheet1,148,ff9e4d4d20b2a129c9a65f683ec5a1c8,Water Adsorption Isotherms,2,25,0.7283,7.51
storage.zip,raw_data\phase1_biscuit\achira_storage\storage.zip,achira_storage,Water Adsorption Isotherms_Achira biscuits.xlsx,Sheet1,149,b83c7192ce9d358389cef6130a68041c,Water Adsorption Isotherms,2,25,0.7355,7.67
storage.zip,raw_data\phase1_biscuit\achira_storage\storage.zip,achira_storage,Water Adsorption Isotherms_Achira biscuits.xlsx,Sheet1,150,eb9a1149e3d2b4bc131f9b346faad023,Water Adsorption Isotherms,2,25,0.7412,7.83
storage.zip,raw_data\phase1_biscuit\achira_storage\storage.zip,achira_storage,Water Adsorption Isotherms_Achira biscuits.xlsx,Sheet1,151,cfbe2d581d783414ad1c18848ea60c18,Water Adsorption Isotherms,2,25,0.7472,8.0
storage.zip,raw_data\phase1_biscuit\achira_storage\storage.zip,achira_storage,Water Adsorption Isotherms_Achira biscuits.xlsx,Sheet1,152,1053ea1164969d1b10513ffffe0a58c9,Water Adsorption Isotherms,2,25,0.7502,8.16
storage.zip,raw_data\phase1_biscuit\achira_storage\storage.zip,achira_storage,Water Adsorption Isotherms_Achira biscuits.xlsx,Sheet1,153,cd1b4b16311206dbca9a83db76b2490a,Water Adsorption Isotherms,2,25,0.7608,8.51
storage.zip,raw_data\phase1_biscuit\achira_storage\storage.zip,achira_storage,Water Adsorption Isotherms_Achira biscuits.xlsx,Sheet1,154,75cc38e47ca76fdd4bd3cb10565c413a,Water Adsorption Isotherms,2,25,0.793,8.93
storage.zip,raw_data\phase1_biscuit\achira_storage\storage.zip,achira_storage,Water Adsorption Isotherms_Achira biscuits.xlsx,Sheet1,155,a93a3774a325ae89049111d753000e13,Water Adsorption Isotherms,2,25,0.8047,9.229999999999999
storage.zip,raw_data\phase1_biscuit\achira_storage\storage.zip,achira_storage,Water Adsorption Isotherms_Achira biscuits.xlsx,Sheet1,156,0e1e53c004f49ca25a06c9df27cd28fe,Water Adsorption Isotherms,3,25,0.0989,2.12
storage.zip,raw_data\phase1_biscuit\achira_storage\storage.zip,achira_storage,Water Adsorption Isotherms_Achira biscuits.xlsx,Sheet1,157,38af6dbdee11ca079924fa15556bc212,Water Adsorption Isotherms,3,25,0.1156,2.08
storage.zip,raw_data\phase1_biscuit\achira_storage\storage.zip,achira_storage,Water Adsorption Isotherms_Achira biscuits.xlsx,Sheet1,158,c7dc96b9bbafa5215c57fc8ff9e65cde,Water Adsorption Isotherms,3,25,0.1322,2.07
storage.zip,raw_data\phase1_biscuit\achira_storage\storage.zip,achira_storage,Water Adsorption Isotherms_Achira biscuits.xlsx,Sheet1,159,6fc54ae38db29d99b7eb2666af11eea0,Water Adsorption Isotherms,3,25,0.1389,2.08
storage.zip,raw_data\phase1_biscuit\achira_storage\storage.zip,achira_storage,Water Adsorption Isotherms_Achira biscuits.xlsx,Sheet1,160,d58801db29fb25c9191c45ec2e424077,Water Adsorption Isotherms,3,25,0.1472,2.11
storage.zip,raw_data\phase1_biscuit\achira_storage\storage.zip,achira_storage,Water Adsorption Isotherms_Achira biscuits.xlsx,Sheet1,161,c017d0023576699e885f87cbe4aeff47,Water Adsorption Isotherms,3,25,0.1489,2.17
storage.zip,raw_data\phase1_biscuit\achira_storage\storage.zip,achira_storage,Water Adsorption Isotherms_Achira biscuits.xlsx,Sheet1,162,992e4dd5ab2b12d9c926ea5762dd9a83,Water Adsorption Isotherms,3,25,0.1571,2.22
storage.zip,raw_data\phase1_biscuit\achira_storage\storage.zip,achira_storage,Water Adsorption Isotherms_Achira biscuits.xlsx,Sheet1,163,b09fd21b8842c829d68c5c8241d2285b,Water Adsorption Isotherms,3,25,0.1608,2.17
storage.zip,raw_data\phase1_biscuit\achira_storage\storage.zip,achira_storage,Water Adsorption Isotherms_Achira biscuits.xlsx,Sheet1,164,b40e9596e610064c8f454c6b1ee7a78f,Water Adsorption Isotherms,3,25,0.1737,2.2
storage.zip,raw_data\phase1_biscuit\achira_storage\storage.zip,achira_storage,Water Adsorption Isotherms_Achira biscuits.xlsx,Sheet1,165,bb3b395154189f3e3a1e3fa90f38f403,Water Adsorption Isotherms,3,25,0.1788,2.23
storage.zip,raw_data\phase1_biscuit\achira_storage\storage.zip,achira_storage,Water Adsorption Isotherms_Achira biscuits.xlsx,Sheet1,166,193598adf6ed575b2500f234c7d26838,Water Adsorption Isotherms,3,25,0.1914,2.26
storage.zip,raw_data\phase1_biscuit\achira_storage\storage.zip,achira_storage,Water Adsorption Isotherms_Achira biscuits.xlsx,Sheet1,167,62d8bc541cdd6248cab83bef113d370c,Water Adsorption Isotherms,3,25,0.2003,2.29
storage.zip,raw_data\phase1_biscuit\achira_storage\storage.zip,achira_storage,Water Adsorption Isotherms_Achira biscuits.xlsx,Sheet1,168,f5bc3595533f9a04656d0a715a93cf36,Water Adsorption Isotherms,3,25,0.2088,2.35
storage.zip,raw_data\phase1_biscuit\achira_storage\storage.zip,achira_storage,Water Adsorption Isotherms_Achira biscuits.xlsx,Sheet1,169,69b4fa07994c6c562a6b1b229bba9620,Water Adsorption Isotherms,3,25,0.2118,2.4
storage.zip,raw_data\phase1_biscuit\achira_storage\storage.zip,achira_storage,Water Adsorption Isotherms_Achira biscuits.xlsx,Sheet1,170,3487da993bf2c1cc19c8bb70151d06f2,Water Adsorption Isotherms,3,25,0.2285,2.46
storage.zip,raw_data\phase1_biscuit\achira_storage\storage.zip,achira_storage,Water Adsorption Isotherms_Achira biscuits.xlsx,Sheet1,171,d3c7c14e7ba306d596bb59db578af219,Water Adsorption Isotherms,3,25,0.2322,2.5
storage.zip,raw_data\phase1_biscuit\achira_storage\storage.zip,achira_storage,Water Adsorption Isotherms_Achira biscuits.xlsx,Sheet1,172,f9474e0babf95a2280ffb5accf26f32d,Water Adsorption Isotherms,3,25,0.2489,2.55
storage.zip,raw_data\phase1_biscuit\achira_storage\storage.zip,achira_storage,Water Adsorption Isotherms_Achira biscuits.xlsx,Sheet1,173,4e9245cf7d55aa58a7b50969066290fc,Water Adsorption Isotherms,3,25,0.2506,2.6
storage.zip,raw_data\phase1_biscuit\achira_storage\storage.zip,achira_storage,Water Adsorption Isotherms_Achira biscuits.xlsx,Sheet1,174,073fe238f00b8f600571f9daf1dfc9dd,Water Adsorption Isotherms,3,25,0.26,2.66
storage.zip,raw_data\phase1_biscuit\achira_storage\storage.zip,achira_storage,Water Adsorption Isotherms_Achira biscuits.xlsx,Sheet1,175,fe5077c188f3a50bbf2924a99132b319,Water Adsorption Isotherms,3,25,0.2708,2.71
storage.zip,raw_data\phase1_biscuit\achira_storage\storage.zip,achira_storage,Water Adsorption Isotherms_Achira biscuits.xlsx,Sheet1,176,2dd79fee797ea3cd2be4cbac479c3265,Water Adsorption Isotherms,3,25,0.2798,2.77
storage.zip,raw_data\phase1_biscuit\achira_storage\storage.zip,achira_storage,Water Adsorption Isotherms_Achira biscuits.xlsx,Sheet1,177,b8adb84842cee71e041c5598d25af964,Water Adsorption Isotherms,3,25,0.2911,2.83
storage.zip,raw_data\phase1_biscuit\achira_storage\storage.zip,achira_storage,Water Adsorption Isotherms_Achira biscuits.xlsx,Sheet1,178,44678c241267eb0a3e95f0d3c2c5e7f3,Water Adsorption Isotherms,3,25,0.2981,2.89
storage.zip,raw_data\phase1_biscuit\achira_storage\storage.zip,achira_storage,Water Adsorption Isotherms_Achira biscuits.xlsx,Sheet1,179,aa76a3af15d088de044d05b3c0c451ac,Water Adsorption Isotherms,3,25,0.3067,2.95
storage.zip,raw_data\phase1_biscuit\achira_storage\storage.zip,achira_storage,Water Adsorption Isotherms_Achira biscuits.xlsx,Sheet1,180,e2b16db6a8fcb065cbbb0380ae2cc313,Water Adsorption Isotherms,3,25,0.3176,2.99
storage.zip,raw_data\phase1_biscuit\achira_storage\storage.zip,achira_storage,Water Adsorption Isotherms_Achira biscuits.xlsx,Sheet1,181,8bc17ff7e25a8efd517791dca9622a6a,Water Adsorption Isotherms,3,25,0.3287,3.04
storage.zip,raw_data\phase1_biscuit\achira_storage\storage.zip,achira_storage,Water Adsorption Isotherms_Achira biscuits.xlsx,Sheet1,182,12ffbaf4fe01c6bc9730c887bd55abb2,Water Adsorption Isotherms,3,25,0.3397,3.11
storage.zip,raw_data\phase1_biscuit\achira_storage\storage.zip,achira_storage,Water Adsorption Isotherms_Achira biscuits.xlsx,Sheet1,183,cb4e487cbe03f7f1803cdf4c2556095c,Water Adsorption Isotherms,3,25,0.3441,3.2
storage.zip,raw_data\phase1_biscuit\achira_storage\storage.zip,achira_storage,Water Adsorption Isotherms_Achira biscuits.xlsx,Sheet1,184,5c64d8555e62037e27b1bf039b2c3c6e,Water Adsorption Isotherms,3,25,0.3578,3.28
storage.zip,raw_data\phase1_biscuit\achira_storage\storage.zip,achira_storage,Water Adsorption Isotherms_Achira biscuits.xlsx,Sheet1,185,e3584ad4ebba511912f6d397c7cc8af7,Water Adsorption Isotherms,3,25,0.3657,3.35
storage.zip,raw_data\phase1_biscuit\achira_storage\storage.zip,achira_storage,Water Adsorption Isotherms_Achira biscuits.xlsx,Sheet1,186,12391d1be1b8b36013b228a8ed88c400,Water Adsorption Isotherms,3,25,0.3689,3.4
storage.zip,raw_data\phase1_biscuit\achira_storage\storage.zip,achira_storage,Water Adsorption Isotherms_Achira biscuits.xlsx,Sheet1,187,0addef0568b634a70ca414dfb8e2d6fa,Water Adsorption Isotherms,3,25,0.3915,3.49
storage.zip,raw_data\phase1_biscuit\achira_storage\storage.zip,achira_storage,Water Adsorption Isotherms_Achira biscuits.xlsx,Sheet1,188,de252731f1c858f2b39ac99de9e6a4d7,Water Adsorption Isotherms,3,25,0.3913,3.54
storage.zip,raw_data\phase1_biscuit\achira_storage\storage.zip,achira_storage,Water Adsorption Isotherms_Achira biscuits.xlsx,Sheet1,189,115f2ec4b3bab02ab5b4221746733331,Water Adsorption Isotherms,3,25,0.4001,3.61
storage.zip,raw_data\phase1_biscuit\achira_storage\storage.zip,achira_storage,Water Adsorption Isotherms_Achira biscuits.xlsx,Sheet1,190,10aec9693a7eb032dead409a5b225c3f,Water Adsorption Isotherms,3,25,0.4079,3.69
storage.zip,raw_data\phase1_biscuit\achira_storage\storage.zip,achira_storage,Water Adsorption Isotherms_Achira biscuits.xlsx,Sheet1,191,0e6f2ae7927dd7cb614323d480b51d90,Water Adsorption Isotherms,3,25,0.4215,3.77
storage.zip,raw_data\phase1_biscuit\achira_storage\storage.zip,achira_storage,Water Adsorption Isotherms_Achira biscuits.xlsx,Sheet1,192,73ca43a4a373734f65d101b9e31c71ab,Water Adsorption Isotherms,3,25,0.4308,3.84
storage.zip,raw_data\phase1_biscuit\achira_storage\storage.zip,achira_storage,Water Adsorption Isotherms_Achira biscuits.xlsx,Sheet1,193,01710a7eb84f01df243e8c3f471ab915,Water Adsorption Isotherms,3,25,0.438,3.92
storage.zip,raw_data\phase1_biscuit\achira_storage\storage.zip,achira_storage,Water Adsorption Isotherms_Achira biscuits.xlsx,Sheet1,194,6c4b187fec23baeda88079a23ac823c5,Water Adsorption Isotherms,3,25,0.449,4.0
storage.zip,raw_data\phase1_biscuit\achira_storage\storage.zip,achira_storage,Water Adsorption Isotherms_Achira biscuits.xlsx,Sheet1,195,51029b12d42d5c380827144c32f40494,Water Adsorption Isotherms,3,25,0.4588,4.09
storage.zip,raw_data\phase1_biscuit\achira_storage\storage.zip,achira_storage,Water Adsorption Isotherms_Achira biscuits.xlsx,Sheet1,196,14546e80ea05fd0055fce12da38143b9,Water Adsorption Isotherms,3,25,0.4683,4.15
storage.zip,raw_data\phase1_biscuit\achira_storage\storage.zip,achira_storage,Water Adsorption Isotherms_Achira biscuits.xlsx,Sheet1,197,4f163618d300e8f0da505a0562f697ba,Water Adsorption Isotherms,3,25,0.4744,4.23
storage.zip,raw_data\phase1_biscuit\achira_storage\storage.zip,achira_storage,Water Adsorption Isotherms_Achira biscuits.xlsx,Sheet1,198,2859efd5babed46c508ee4dc2af9d413,Water Adsorption Isotherms,3,25,0.4831,4.31
storage.zip,raw_data\phase1_biscuit\achira_storage\storage.zip,achira_storage,Water Adsorption Isotherms_Achira biscuits.xlsx,Sheet1,199,df0e3199bab25459fe43448c64aef093,Water Adsorption Isotherms,3,25,0.5017,4.38
storage.zip,raw_data\phase1_biscuit\achira_storage\storage.zip,achira_storage,Water Adsorption Isotherms_Achira biscuits.xlsx,Sheet1,200,e839793496464d9856c6ea3d5a443a7c,Water Adsorption Isotherms,3,25,0.5068,4.5
storage.zip,raw_data\phase1_biscuit\achira_storage\storage.zip,achira_storage,Water Adsorption Isotherms_Achira biscuits.xlsx,Sheet1,201,ac6ca06c770a0470c591357df6788664,Water Adsorption Isotherms,3,25,0.518,4.59
storage.zip,raw_data\phase1_biscuit\achira_storage\storage.zip,achira_storage,Water Adsorption Isotherms_Achira biscuits.xlsx,Sheet1,202,b13f6eac2498b5210e146d748abd852b,Water Adsorption Isotherms,3,25,0.5249,4.66
storage.zip,raw_data\phase1_biscuit\achira_storage\storage.zip,achira_storage,Water Adsorption Isotherms_Achira biscuits.xlsx,Sheet1,203,f27cb83896d03be266e4b7a4f8653898,Water Adsorption Isotherms,3,25,0.529,4.74
storage.zip,raw_data\phase1_biscuit\achira_storage\storage.zip,achira_storage,Water Adsorption Isotherms_Achira biscuits.xlsx,Sheet1,204,afb60872fdc0d4ed4567547576a21bbd,Water Adsorption Isotherms,3,25,0.5527,4.86
storage.zip,raw_data\phase1_biscuit\achira_storage\storage.zip,achira_storage,Water Adsorption Isotherms_Achira biscuits.xlsx,Sheet1,205,1c7ae5350531ec7a39777604bac305f2,Water Adsorption Isotherms,3,25,0.5521,4.97
storage.zip,raw_data\phase1_biscuit\achira_storage\storage.zip,achira_storage,Water Adsorption Isotherms_Achira biscuits.xlsx,Sheet1,206,a0c89dbf236571c69eb8dd5c690ad5de,Water Adsorption Isotherms,3,25,0.5669,5.06
storage.zip,raw_data\phase1_biscuit\achira_storage\storage.zip,achira_storage,Water Adsorption Isotherms_Achira biscuits.xlsx,Sheet1,207,448359cecb3d92b137d31842382963dc,Water Adsorption Isotherms,3,25,0.5731,5.14
storage.zip,raw_data\phase1_biscuit\achira_storage\storage.zip,achira_storage,Water Adsorption Isotherms_Achira biscuits.xlsx,Sheet1,208,48b442a568db700edff2a1e3eb76895a,Water Adsorption Isotherms,3,25,0.5795,5.21
storage.zip,raw_data\phase1_biscuit\achira_storage\storage.zip,achira_storage,Water Adsorption Isotherms_Achira biscuits.xlsx,Sheet1,209,25a77c6ed674a5f4892a3d13e1a67bd8,Water Adsorption Isotherms,3,25,0.5907,5.3
storage.zip,raw_data\phase1_biscuit\achira_storage\storage.zip,achira_storage,Water Adsorption Isotherms_Achira biscuits.xlsx,Sheet1,210,add36e87e0919bf38a930ad6574a64ef,Water Adsorption Isotherms,3,25,0.5982,5.39
storage.zip,raw_data\phase1_biscuit\achira_storage\storage.zip,achira_storage,Water Adsorption Isotherms_Achira biscuits.xlsx,Sheet1,211,8d278505c5ad89600055e13a09096392,Water Adsorption Isotherms,3,25,0.6119,5.5
storage.zip,raw_data\phase1_biscuit\achira_storage\storage.zip,achira_storage,Water Adsorption Isotherms_Achira biscuits.xlsx,Sheet1,212,d2a0c22d9fe2ca82557f55c37bf051bc,Water Adsorption Isotherms,3,25,0.6194,5.61
storage.zip,raw_data\phase1_biscuit\achira_storage\storage.zip,achira_storage,Water Adsorption Isotherms_Achira biscuits.xlsx,Sheet1,213,a7459a9d1e8f8ea1cf272f36cea6b17e,Water Adsorption Isotherms,3,25,0.6262,5.7
storage.zip,raw_data\phase1_biscuit\achira_storage\storage.zip,achira_storage,Water Adsorption Isotherms_Achira biscuits.xlsx,Sheet1,214,d13bf3712fbfa1463f468eb336267e9f,Water Adsorption Isotherms,3,25,0.6301,5.82
storage.zip,raw_data\phase1_biscuit\achira_storage\storage.zip,achira_storage,Water Adsorption Isotherms_Achira biscuits.xlsx,Sheet1,215,b4c9df61a4860614cdf067c8a71811d6,Water Adsorption Isotherms,3,25,0.6527,5.98
storage.zip,raw_data\phase1_biscuit\achira_storage\storage.zip,achira_storage,Water Adsorption Isotherms_Achira biscuits.xlsx,Sheet1,216,1c7184dd5eaec5adfe4fd362d0cfe450,Water Adsorption Isotherms,3,25,0.6592,6.09
storage.zip,raw_data\phase1_biscuit\achira_storage\storage.zip,achira_storage,Water Adsorption Isotherms_Achira biscuits.xlsx,Sheet1,217,6fe70e8b8f3e834412350d2055fe85f1,Water Adsorption Isotherms,3,25,0.6663,6.21
storage.zip,raw_data\phase1_biscuit\achira_storage\storage.zip,achira_storage,Water Adsorption Isotherms_Achira biscuits.xlsx,Sheet1,218,b993a9c0edfbb3a177f9fc864e7f0984,Water Adsorption Isotherms,3,25,0.6699,6.33
storage.zip,raw_data\phase1_biscuit\achira_storage\storage.zip,achira_storage,Water Adsorption Isotherms_Achira biscuits.xlsx,Sheet1,219,1467af7f472e2e6e48bfcdd98753567e,Water Adsorption Isotherms,3,25,0.6876,6.49
storage.zip,raw_data\phase1_biscuit\achira_storage\storage.zip,achira_storage,Water Adsorption Isotherms_Achira biscuits.xlsx,Sheet1,220,0a771c3305559542cd7e1f36faf9f232,Water Adsorption Isotherms,3,25,0.6962,6.62
storage.zip,raw_data\phase1_biscuit\achira_storage\storage.zip,achira_storage,Water Adsorption Isotherms_Achira biscuits.xlsx,Sheet1,221,f3c448e949d7e6fafa645168a0366bf6,Water Adsorption Isotherms,3,25,0.7034,6.96
storage.zip,raw_data\phase1_biscuit\achira_storage\storage.zip,achira_storage,Water Adsorption Isotherms_Achira biscuits.xlsx,Sheet1,222,38cb0398f32dac36d709acc7360af8fd,Water Adsorption Isotherms,3,25,0.7111,7.1000000000000005
storage.zip,raw_data\phase1_biscuit\achira_storage\storage.zip,achira_storage,Water Adsorption Isotherms_Achira biscuits.xlsx,Sheet1,223,ff54a98772b5012d18aa7c7cf8e0d130,Water Adsorption Isotherms,3,25,0.7212,7.26
storage.zip,raw_data\phase1_biscuit\achira_storage\storage.zip,achira_storage,Water Adsorption Isotherms_Achira biscuits.xlsx,Sheet1,224,91a4fd6e44098668c2a3dbfb09aa9b22,Water Adsorption Isotherms,3,25,0.7308,7.390000000000001
storage.zip,raw_data\phase1_biscuit\achira_storage\storage.zip,achira_storage,Water Adsorption Isotherms_Achira biscuits.xlsx,Sheet1,225,04d94ed87915d771652d585784a67aaa,Water Adsorption Isotherms,3,25,0.7376,7.54
storage.zip,raw_data\phase1_biscuit\achira_storage\storage.zip,achira_storage,Water Adsorption Isotherms_Achira biscuits.xlsx,Sheet1,226,ea8527a62ff98958ef1ec9ac942c44b2,Water Adsorption Isotherms,3,25,0.7424,7.71
storage.zip,raw_data\phase1_biscuit\achira_storage\storage.zip,achira_storage,Water Adsorption Isotherms_Achira biscuits.xlsx,Sheet1,227,c812d6c91846ca9c6ffca3b5976bbb32,Water Adsorption Isotherms,3,25,0.7578,7.930000000000001
storage.zip,raw_data\phase1_biscuit\achira_storage\storage.zip,achira_storage,Water Adsorption Isotherms_Achira biscuits.xlsx,Sheet1,228,bb7300cf61f600df1690eabe31fc52ec,Water Adsorption Isotherms,3,25,0.7663,8.12
storage.zip,raw_data\phase1_biscuit\achira_storage\storage.zip,achira_storage,Water Adsorption Isotherms_Achira biscuits.xlsx,Sheet1,229,96d5a3803b824944adc68e6220f043d3,Water Adsorption Isotherms,3,25,0.7745,8.319999999999999
storage.zip,raw_data\phase1_biscuit\achira_storage\storage.zip,achira_storage,Water Adsorption Isotherms_Achira biscuits.xlsx,Sheet1,230,477b627f679f3f22fe4a111008a7adfe,Water Adsorption Isotherms,3,25,0.7785,8.5
storage.zip,raw_data\phase1_biscuit\achira_storage\storage.zip,achira_storage,Water Adsorption Isotherms_Achira biscuits.xlsx,Sheet1,231,73c9a666dd151244b28b1649d4ac0e9c,Water Adsorption Isotherms,3,25,0.784,8.739999999999998
storage.zip,raw_data\phase1_biscuit\achira_storage\storage.zip,achira_storage,Water Adsorption Isotherms_Achira biscuits.xlsx,Sheet1,232,2bc901e1acc7d5e729795446337e50c1,Water Adsorption Isotherms,3,25,0.7819,8.989999999999998
storage.zip,raw_data\phase1_biscuit\achira_storage\storage.zip,achira_storage,Water Adsorption Isotherms_Achira biscuits.xlsx,Sheet1,233,d84c9e3e3a68f4cc5b9a47bc168c5043,Water Adsorption Isotherms,3,25,0.7849,9.01
storage.zip,raw_data\phase1_biscuit\achira_storage\storage.zip,achira_storage,Water Adsorption Isotherms_Achira biscuits.xlsx,Sheet1,234,3aad273e87a4b8aeb84bccf62d0293b5,Water Adsorption Isotherms,3,25,0.8,9.179487832844949
storage.zip,raw_data\phase1_biscuit\achira_storage\storage.zip,achira_storage,Water Adsorption Isotherms_Achira biscuits.xlsx,Sheet1,235,c6ecbb3fdc97e2d3037726758ea9c0a9,Water Adsorption Isotherms,4,25,0.097,2.33105263157895
storage.zip,raw_data\phase1_biscuit\achira_storage\storage.zip,achira_storage,Water Adsorption Isotherms_Achira biscuits.xlsx,Sheet1,236,e7831ea30a7d3304c263dc2aa1026d8a,Water Adsorption Isotherms,4,25,0.111448979591837,2.32344790547798
storage.zip,raw_data\phase1_biscuit\achira_storage\storage.zip,achira_storage,Water Adsorption Isotherms_Achira biscuits.xlsx,Sheet1,237,cda3cf345067fd46b8abef14f9aa7465,Water Adsorption Isotherms,4,25,0.125897959183673,2.0738137755102
storage.zip,raw_data\phase1_biscuit\achira_storage\storage.zip,achira_storage,Water Adsorption Isotherms_Achira biscuits.xlsx,Sheet1,238,83c2674f8ef632c3ebdfee1f32f2f117,Water Adsorption Isotherms,4,25,0.14034693877551,2.08505102040816
storage.zip,raw_data\phase1_biscuit\achira_storage\storage.zip,achira_storage,Water Adsorption Isotherms_Achira biscuits.xlsx,Sheet1,239,e99573c44a538883351805167ae2ba2b,Water Adsorption Isotherms,4,25,0.154795918367347,2.22655976676385
storage.zip,raw_data\phase1_biscuit\achira_storage\storage.zip,achira_storage,Water Adsorption Isotherms_Achira biscuits.xlsx,Sheet1,240,c683df37932fab61e205b39236874bc6,Water Adsorption Isotherms,4,25,0.169244897959184,2.18902668759812
storage.zip,raw_data\phase1_biscuit\achira_storage\storage.zip,achira_storage,Water Adsorption Isotherms_Achira biscuits.xlsx,Sheet1,241,ce5423ef1b5579fbae2ea206d24ce94f,Water Adsorption Isotherms,4,25,0.18369387755102,2.33260204081633
storage.zip,raw_data\phase1_biscuit\achira_storage\storage.zip,achira_storage,Water Adsorption Isotherms_Achira biscuits.xlsx,Sheet1,242,88645a3c4287e1b15ab7174036af7915,Water Adsorption Isotherms,4,25,0.198142857142857,2.52942857142857
storage.zip,raw_data\phase1_biscuit\achira_storage\storage.zip,achira_storage,Water Adsorption Isotherms_Achira biscuits.xlsx,Sheet1,243,984d4dd26bbe8a2c90135a65e12043b3,Water Adsorption Isotherms,4,25,0.212591836734694,2.5784693877551
storage.zip,raw_data\phase1_biscuit\achira_storage\storage.zip,achira_storage,Water Adsorption Isotherms_Achira biscuits.xlsx,Sheet1,244,0ccca6900b0a46f4d859cc6fcc26a5e2,Water Adsorption Isotherms,4,25,0.227040816326531,2.45308523409364
storage.zip,raw_data\phase1_biscuit\achira_storage\storage.zip,achira_storage,Water Adsorption Isotherms_Achira biscuits.xlsx,Sheet1,245,965ca204a1fe64e8ed70b371a17e7799,Water Adsorption Isotherms,4,25,0.241489795918367,2.70595918367347
storage.zip,raw_data\phase1_biscuit\achira_storage\storage.zip,achira_storage,Water Adsorption Isotherms_Achira biscuits.xlsx,Sheet1,246,8cd64c332440b31dc185400cec9e0e11,Water Adsorption Isotherms,4,25,0.255938775510204,2.63292517006803
storage.zip,raw_data\phase1_biscuit\achira_storage\storage.zip,achira_storage,Water Adsorption Isotherms_Achira biscuits.xlsx,Sheet1,247,b181d555b7e7625f73d901299dbff08e,Water Adsorption Isotherms,4,25,0.270387755102041,2.77258503401361
storage.zip,raw_data\phase1_biscuit\achira_storage\storage.zip,achira_storage,Water Adsorption Isotherms_Achira biscuits.xlsx,Sheet1,248,e44130f5ab0230b4e613e876aee8b404,Water Adsorption Isotherms,4,25,0.284836734693878,2.79638218923933
storage.zip,raw_data\phase1_biscuit\achira_storage\storage.zip,achira_storage,Water Adsorption Isotherms_Achira biscuits.xlsx,Sheet1,249,8ec6e4a9b8f6925561bfc153b901eab9,Water Adsorption Isotherms,4,25,0.299285714285714,2.99964285714286
storage.zip,raw_data\phase1_biscuit\achira_storage\storage.zip,achira_storage,Water Adsorption Isotherms_Achira biscuits.xlsx,Sheet1,250,0ac6cd6ab5f921236dcc6923ea9ab367,Water Adsorption Isotherms,4,25,0.313734693877551,3.09178571428571
storage.zip,raw_data\phase1_biscuit\achira_storage\storage.zip,achira_storage,Water Adsorption Isotherms_Achira biscuits.xlsx,Sheet1,251,11ceb4ce16d88bec386779e015e1f78a,Water Adsorption Isotherms,4,25,0.328183673469388,3.03628942486085
storage.zip,raw_data\phase1_biscuit\achira_storage\storage.zip,achira_storage,Water Adsorption Isotherms_Achira biscuits.xlsx,Sheet1,252,70c3da55410b3ff7fcbe78144c1127f0,Water Adsorption Isotherms,4,25,0.342632653061225,3.25316326530612
storage.zip,raw_data\phase1_biscuit\achira_storage\storage.zip,achira_storage,Water Adsorption Isotherms_Achira biscuits.xlsx,Sheet1,253,bb0e54024b95228951d66d541979dd3b,Water Adsorption Isotherms,4,25,0.357081632653061,3.32081632653061
storage.zip,raw_data\phase1_biscuit\achira_storage\storage.zip,achira_storage,Water Adsorption Isotherms_Achira biscuits.xlsx,Sheet1,254,11aaf73c29118225a2a8dfa5b0e834e3,Water Adsorption Isotherms,4,25,0.371530612244898,3.46530612244898
storage.zip,raw_data\phase1_biscuit\achira_storage\storage.zip,achira_storage,Water Adsorption Isotherms_Achira biscuits.xlsx,Sheet1,255,9ba4e1368c98d21286e06df74a3f18f0,Water Adsorption Isotherms,4,25,0.385979591836735,3.50805194805195
storage.zip,raw_data\phase1_biscuit\achira_storage\storage.zip,achira_storage,Water Adsorption Isotherms_Achira biscuits.xlsx,Sheet1,256,06f640781c25d0e82e1dbb1f71c25c7a,Water Adsorption Isotherms,4,25,0.400428571428571,3.65666666666667
storage.zip,raw_data\phase1_biscuit\achira_storage\storage.zip,achira_storage,Water Adsorption Isotherms_Achira biscuits.xlsx,Sheet1,257,167c153c443477ba769ba3219ad90c45,Water Adsorption Isotherms,4,25,0.414877551020408,3.78511904761905
storage.zip,raw_data\phase1_biscuit\achira_storage\storage.zip,achira_storage,Water Adsorption Isotherms_Achira biscuits.xlsx,Sheet1,258,9db63d4fcd2b78659e027b458db378af,Water Adsorption Isotherms,4,25,0.429326530612245,3.9466380236305
storage.zip,raw_data\phase1_biscuit\achira_storage\storage.zip,achira_storage,Water Adsorption Isotherms_Achira biscuits.xlsx,Sheet1,259,b799682b823b230491fb4a63514510fb,Water Adsorption Isotherms,4,25,0.443775510204082,3.96200371057514
storage.zip,raw_data\phase1_biscuit\achira_storage\storage.zip,achira_storage,Water Adsorption Isotherms_Achira biscuits.xlsx,Sheet1,260,d6352944b3c390397f7b5ea693810905,Water Adsorption Isotherms,4,25,0.458224489795918,4.08302040816327
storage.zip,raw_data\phase1_biscuit\achira_storage\storage.zip,achira_storage,Water Adsorption Isotherms_Achira biscuits.xlsx,Sheet1,261,af63dee1bdfefd2505742938a2515902,Water Adsorption Isotherms,4,25,0.472673469387755,4.25673469387755
storage.zip,raw_data\phase1_biscuit\achira_storage\storage.zip,achira_storage,Water Adsorption Isotherms_Achira biscuits.xlsx,Sheet1,262,3c97c48a2e55307a98144329e4aa219a,Water Adsorption Isotherms,4,25,0.487122448979592,4.35927113702624
storage.zip,raw_data\phase1_biscuit\achira_storage\storage.zip,achira_storage,Water Adsorption Isotherms_Achira biscuits.xlsx,Sheet1,263,4425ffba3668b6cba9d2a71b19807f2c,Water Adsorption Isotherms,4,25,0.501571428571429,4.48428571428572
storage.zip,raw_data\phase1_biscuit\achira_storage\storage.zip,achira_storage,Water Adsorption Isotherms_Achira biscuits.xlsx,Sheet1,264,05ae6d0dfeb1b1fe3c4e7e052ddfee27,Water Adsorption Isotherms,4,25,0.516020408163265,4.57380333951762
storage.zip,raw_data\phase1_biscuit\achira_storage\storage.zip,achira_storage,Water Adsorption Isotherms_Achira biscuits.xlsx,Sheet1,265,2ed436cfccf06e1f2062657140ed2887,Water Adsorption Isotherms,4,25,0.530469387755102,4.77469387755102
storage.zip,raw_data\phase1_biscuit\achira_storage\storage.zip,achira_storage,Water Adsorption Isotherms_Achira biscuits.xlsx,Sheet1,266,c2b6fc94c8045f166b32ce455426a883,Water Adsorption Isotherms,4,25,0.544918367346939,4.89918367346939
storage.zip,raw_data\phase1_biscuit\achira_storage\storage.zip,achira_storage,Water Adsorption Isotherms_Achira biscuits.xlsx,Sheet1,267,d6ae424ddd637bf41c06b9f74220e2e0,Water Adsorption Isotherms,4,25,0.559367346938776,4.96848396501458
storage.zip,raw_data\phase1_biscuit\achira_storage\storage.zip,achira_storage,Water Adsorption Isotherms_Achira biscuits.xlsx,Sheet1,268,4bc0444611d7ede40b1f8498b23f9a18,Water Adsorption Isotherms,4,25,0.573816326530612,5.12784256559767
storage.zip,raw_data\phase1_biscuit\achira_storage\storage.zip,achira_storage,Water Adsorption Isotherms_Achira biscuits.xlsx,Sheet1,269,3479a406dd4d88be4c0496f6705742bf,Water Adsorption Isotherms,4,25,0.588265306122449,5.34397959183674
storage.zip,raw_data\phase1_biscuit\achira_storage\storage.zip,achira_storage,Water Adsorption Isotherms_Achira biscuits.xlsx,Sheet1,270,af5b1cff33149d9c4148e40090fd85c4,Water Adsorption Isotherms,4,25,0.602714285714286,5.40387755102041
storage.zip,raw_data\phase1_biscuit\achira_storage\storage.zip,achira_storage,Water Adsorption Isotherms_Achira biscuits.xlsx,Sheet1,271,55ce64f12aabb655a6395152b8707e24,Water Adsorption Isotherms,4,25,0.617163265306123,5.53938775510204
storage.zip,raw_data\phase1_biscuit\achira_storage\storage.zip,achira_storage,Water Adsorption Isotherms_Achira biscuits.xlsx,Sheet1,272,41a41445bfb8c5db60dd6db4143f8107,Water Adsorption Isotherms,4,25,0.631612244897959,5.84711370262391
storage.zip,raw_data\phase1_biscuit\achira_storage\storage.zip,achira_storage,Water Adsorption Isotherms_Achira biscuits.xlsx,Sheet1,273,5d085e73c9de27a55119e97ee50194fd,Water Adsorption Isotherms,4,25,0.646061224489796,5.98122448979592
storage.zip,raw_data\phase1_biscuit\achira_storage\storage.zip,achira_storage,Water Adsorption Isotherms_Achira biscuits.xlsx,Sheet1,274,1ac77d7e6590edb5e505127c6423ad4f,Water Adsorption Isotherms,4,25,0.660510204081633,6.23874635568513
storage.zip,raw_data\phase1_biscuit\achira_storage\storage.zip,achira_storage,Water Adsorption Isotherms_Achira biscuits.xlsx,Sheet1,275,adb1fca0dadbccee8ccec68a611efb1f,Water Adsorption Isotherms,4,25,0.674959183673469,6.38925170068027
storage.zip,raw_data\phase1_biscuit\achira_storage\storage.zip,achira_storage,Water Adsorption Isotherms_Achira biscuits.xlsx,Sheet1,276,faed7d9cecc617ba964a2c8fb4d72a58,Water Adsorption Isotherms,4,25,0.689408163265306,6.57889795918367
storage.zip,raw_data\phase1_biscuit\achira_storage\storage.zip,achira_storage,Water Adsorption Isotherms_Achira biscuits.xlsx,Sheet1,277,38fb91de38683c24abee40a984fa3f83,Water Adsorption Isotherms,4,25,0.703857142857143,7.10571428571429
storage.zip,raw_data\phase1_biscuit\achira_storage\storage.zip,achira_storage,Water Adsorption Isotherms_Achira biscuits.xlsx,Sheet1,278,b36ac6652f1f25d57897308cf529861f,Water Adsorption Isotherms,4,25,0.71830612244898,7.45556851311953
storage.zip,raw_data\phase1_biscuit\achira_storage\storage.zip,achira_storage,Water Adsorption Isotherms_Achira biscuits.xlsx,Sheet1,279,c8bc5c3dffc97a36ec7a119e732ae1ac,Water Adsorption Isotherms,4,25,0.732755102040816,7.60510204081633
storage.zip,raw_data\phase1_biscuit\achira_storage\storage.zip,achira_storage,Water Adsorption Isotherms_Achira biscuits.xlsx,Sheet1,280,3edbdaf9d606fffc5c84f0c082c8f3a7,Water Adsorption Isotherms,4,25,0.747204081632653,8.1231212484994
storage.zip,raw_data\phase1_biscuit\achira_storage\storage.zip,achira_storage,Water Adsorption Isotherms_Achira biscuits.xlsx,Sheet1,281,acfe512f287f074668af6e3fdeade67a,Water Adsorption Isotherms,4,25,0.76165306122449,8.01676020408163
storage.zip,raw_data\phase1_biscuit\achira_storage\storage.zip,achira_storage,Water Adsorption Isotherms_Achira biscuits.xlsx,Sheet1,282,aa7e0cf3ff54c817e2da0d7d5169cb3b,Water Adsorption Isotherms,4,25,0.776102040816327,8.3695918367347
storage.zip,raw_data\phase1_biscuit\achira_storage\storage.zip,achira_storage,Water Adsorption Isotherms_Achira biscuits.xlsx,Sheet1,283,92deade063cedce8a0b0c0e2d541394f,Water Adsorption Isotherms,4,25,0.790551020408163,9.07254149659864
storage.zip,raw_data\phase1_biscuit\achira_storage\storage.zip,achira_storage,Water Adsorption Isotherms_Achira biscuits.xlsx,Sheet1,284,6314379a82ba0ef7de07cc522f128272,Water Adsorption Isotherms,4,25,0.805,9.23
storage.zip,raw_data\phase1_biscuit\achira_storage\storage.zip,achira_storage,Water Adsorption Isotherms_Achira biscuits.xlsx,Sheet1,285,1d46453e537d665433f0ce2d7a42848d,Water Adsorption Isotherms,5,25,0.097,2.33105263157895
storage.zip,raw_data\phase1_biscuit\achira_storage\storage.zip,achira_storage,Water Adsorption Isotherms_Achira biscuits.xlsx,Sheet1,286,cd56971085e138d159e3b10f1ca419dd,Water Adsorption Isotherms,5,25,0.111448979591837,2.10112244897959
storage.zip,raw_data\phase1_biscuit\achira_storage\storage.zip,achira_storage,Water Adsorption Isotherms_Achira biscuits.xlsx,Sheet1,287,ce039f4ddc878bd131c9ccec2c101531,Water Adsorption Isotherms,5,25,0.125897959183673,2.0738137755102
storage.zip,raw_data\phase1_biscuit\achira_storage\storage.zip,achira_storage,Water Adsorption Isotherms_Achira biscuits.xlsx,Sheet1,288,3357fee48daba93a3e6ecad865c8ffe3,Water Adsorption Isotherms,5,25,0.14034693877551,2.08505102040816
storage.zip,raw_data\phase1_biscuit\achira_storage\storage.zip,achira_storage,Water Adsorption Isotherms_Achira biscuits.xlsx,Sheet1,289,1a362c0b625668eb8593a305ffbf2296,Water Adsorption Isotherms,5,25,0.154795918367347,2.20622448979592
storage.zip,raw_data\phase1_biscuit\achira_storage\storage.zip,achira_storage,Water Adsorption Isotherms_Achira biscuits.xlsx,Sheet1,290,7de9e343b42b16792472917366098d32,Water Adsorption Isotherms,5,25,0.169244897959184,2.27748299319728
storage.zip,raw_data\phase1_biscuit\achira_storage\storage.zip,achira_storage,Water Adsorption Isotherms_Achira biscuits.xlsx,Sheet1,291,80722fd032bb979c25eb12261863874a,Water Adsorption Isotherms,5,25,0.18369387755102,2.47760204081633
storage.zip,raw_data\phase1_biscuit\achira_storage\storage.zip,achira_storage,Water Adsorption Isotherms_Achira biscuits.xlsx,Sheet1,292,5095dbb568b262a9d96f7cddd4d74a49,Water Adsorption Isotherms,5,25,0.198142857142857,2.39571428571429
storage.zip,raw_data\phase1_biscuit\achira_storage\storage.zip,achira_storage,Water Adsorption Isotherms_Achira biscuits.xlsx,Sheet1,293,8204d5dac0d4cf0a4e78f753fb916fe7,Water Adsorption Isotherms,5,25,0.212591836734694,2.5784693877551
storage.zip,raw_data\phase1_biscuit\achira_storage\storage.zip,achira_storage,Water Adsorption Isotherms_Achira biscuits.xlsx,Sheet1,294,6b4884cda1382796e8d47d5d49388137,Water Adsorption Isotherms,5,25,0.227040816326531,2.53446064139942
storage.zip,raw_data\phase1_biscuit\achira_storage\storage.zip,achira_storage,Water Adsorption Isotherms_Achira biscuits.xlsx,Sheet1,295,c85aaf80c152c9dad4e3b1dd8ab62a03,Water Adsorption Isotherms,5,25,0.241489795918367,2.62222634508349
storage.zip,raw_data\phase1_biscuit\achira_storage\storage.zip,achira_storage,Water Adsorption Isotherms_Achira biscuits.xlsx,Sheet1,296,64503763b8b6b732e45c31ffb82012a3,Water Adsorption Isotherms,5,25,0.255938775510204,2.68969387755102
storage.zip,raw_data\phase1_biscuit\achira_storage\storage.zip,achira_storage,Water Adsorption Isotherms_Achira biscuits.xlsx,Sheet1,297,a91cfa0540b4ea708caad4472e2e7a6f,Water Adsorption Isotherms,5,25,0.270387755102041,2.8610115350488
storage.zip,raw_data\phase1_biscuit\achira_storage\storage.zip,achira_storage,Water Adsorption Isotherms_Achira biscuits.xlsx,Sheet1,298,eb5211997541ecd21907d0441968a5ed,Water Adsorption Isotherms,5,25,0.284836734693878,2.86127551020408
storage.zip,raw_data\phase1_biscuit\achira_storage\storage.zip,achira_storage,Water Adsorption Isotherms_Achira biscuits.xlsx,Sheet1,299,c6b5e77c43fd54b02d708abb5595af5c,Water Adsorption Isotherms,5,25,0.299285714285714,2.99964285714286
storage.zip,raw_data\phase1_biscuit\achira_storage\storage.zip,achira_storage,Water Adsorption Isotherms_Achira biscuits.xlsx,Sheet1,300,5b7f3c0b4f37ca6e1be1a7bdb5476d6c,Water Adsorption Isotherms,5,25,0.313734693877551,3.09178571428571
storage.zip,raw_data\phase1_biscuit\achira_storage\storage.zip,achira_storage,Water Adsorption Isotherms_Achira biscuits.xlsx,Sheet1,301,6bb1a274f6ce9280e59fc3b37f8b9d26,Water Adsorption Isotherms,5,25,0.328183673469388,3.03628942486085
storage.zip,raw_data\phase1_biscuit\achira_storage\storage.zip,achira_storage,Water Adsorption Isotherms_Achira biscuits.xlsx,Sheet1,302,14e3bdd819102724bbeb14c2ea7caddb,Water Adsorption Isotherms,5,25,0.342632653061225,3.16923469387755
storage.zip,raw_data\phase1_biscuit\achira_storage\storage.zip,achira_storage,Water Adsorption Isotherms_Achira biscuits.xlsx,Sheet1,303,942c66305c9c8583c075013670f120ca,Water Adsorption Isotherms,5,25,0.357081632653061,3.32771799628943
storage.zip,raw_data\phase1_biscuit\achira_storage\storage.zip,achira_storage,Water Adsorption Isotherms_Achira biscuits.xlsx,Sheet1,304,82d25bd9aea3f840e9aac26548929cb3,Water Adsorption Isotherms,5,25,0.371530612244898,3.46530612244898
storage.zip,raw_data\phase1_biscuit\achira_storage\storage.zip,achira_storage,Water Adsorption Isotherms_Achira biscuits.xlsx,Sheet1,305,d3800d859cc7fcd1397c6e4e4297aded,Water Adsorption Isotherms,5,25,0.385979591836735,3.55988095238095
storage.zip,raw_data\phase1_biscuit\achira_storage\storage.zip,achira_storage,Water Adsorption Isotherms_Achira biscuits.xlsx,Sheet1,306,3fee3b62071cbfb7e49f82b3a14c003e,Water Adsorption Isotherms,5,25,0.400428571428571,3.65666666666667
storage.zip,raw_data\phase1_biscuit\achira_storage\storage.zip,achira_storage,Water Adsorption Isotherms_Achira biscuits.xlsx,Sheet1,307,18350183ef6774811cd7b47088ec132e,Water Adsorption Isotherms,5,25,0.414877551020408,3.81438775510204
storage.zip,raw_data\phase1_biscuit\achira_storage\storage.zip,achira_storage,Water Adsorption Isotherms_Achira biscuits.xlsx,Sheet1,308,1aa57a3541107973d63e84d792b6df1f,Water Adsorption Isotherms,5,25,0.429326530612245,3.9466380236305
storage.zip,raw_data\phase1_biscuit\achira_storage\storage.zip,achira_storage,Water Adsorption Isotherms_Achira biscuits.xlsx,Sheet1,309,3f903b6b544acde3c215211d510ccd71,Water Adsorption Isotherms,5,25,0.443775510204082,4.01775510204082
storage.zip,raw_data\phase1_biscuit\achira_storage\storage.zip,achira_storage,Water Adsorption Isotherms_Achira biscuits.xlsx,Sheet1,310,09d74095fbcb92cedd939abc64a854ab,Water Adsorption Isotherms,5,25,0.458224489795918,4.08302040816327
storage.zip,raw_data\phase1_biscuit\achira_storage\storage.zip,achira_storage,Water Adsorption Isotherms_Achira biscuits.xlsx,Sheet1,311,ec4f61b77001818551d263af8f14869f,Water Adsorption Isotherms,5,25,0.472673469387755,4.21231292517007
storage.zip,raw_data\phase1_biscuit\achira_storage\storage.zip,achira_storage,Water Adsorption Isotherms_Achira biscuits.xlsx,Sheet1,312,834206b48df875ace48217e92cf32376,Water Adsorption Isotherms,5,25,0.487122448979592,4.32518796992481
storage.zip,raw_data\phase1_biscuit\achira_storage\storage.zip,achira_storage,Water Adsorption Isotherms_Achira biscuits.xlsx,Sheet1,313,12cb27fb9ea54a5daccb4b184ce1198b,Water Adsorption Isotherms,5,25,0.501571428571429,4.48428571428572
storage.zip,raw_data\phase1_biscuit\achira_storage\storage.zip,achira_storage,Water Adsorption Isotherms_Achira biscuits.xlsx,Sheet1,314,8dc8792ab830f73dfdfafbb45d0c35a0,Water Adsorption Isotherms,5,25,0.516020408163265,4.64318367346939
storage.zip,raw_data\phase1_biscuit\achira_storage\storage.zip,achira_storage,Water Adsorption Isotherms_Achira biscuits.xlsx,Sheet1,315,0723339a3bc05602a58c26881e7b4a20,Water Adsorption Isotherms,5,25,0.530469387755102,4.77469387755102
storage.zip,raw_data\phase1_biscuit\achira_storage\storage.zip,achira_storage,Water Adsorption Isotherms_Achira biscuits.xlsx,Sheet1,316,868577b7a73f6156f0e325e65e40d205,Water Adsorption Isotherms,5,25,0.544918367346939,4.86180533751962
storage.zip,raw_data\phase1_biscuit\achira_storage\storage.zip,achira_storage,Water Adsorption Isotherms_Achira biscuits.xlsx,Sheet1,317,57c4346b643a35ca3151757ab40c44d1,Water Adsorption Isotherms,5,25,0.559367346938776,4.95096209912536
storage.zip,raw_data\phase1_biscuit\achira_storage\storage.zip,achira_storage,Water Adsorption Isotherms_Achira biscuits.xlsx,Sheet1,318,88d61ae7998c59b3e54d80cf2cfcf86d,Water Adsorption Isotherms,5,25,0.573816326530612,5.12784256559767
storage.zip,raw_data\phase1_biscuit\achira_storage\storage.zip,achira_storage,Water Adsorption Isotherms_Achira biscuits.xlsx,Sheet1,319,0bfa0bb9f14beabf239dae169555cbe5,Water Adsorption Isotherms,5,25,0.588265306122449,5.34397959183674
storage.zip,raw_data\phase1_biscuit\achira_storage\storage.zip,achira_storage,Water Adsorption Isotherms_Achira biscuits.xlsx,Sheet1,320,6eadffb4d4668888a0c2cb13be3fb6d2,Water Adsorption Isotherms,5,25,0.602714285714286,5.50373626373627
storage.zip,raw_data\phase1_biscuit\achira_storage\storage.zip,achira_storage,Water Adsorption Isotherms_Achira biscuits.xlsx,Sheet1,321,44a9a860c9650b95de0de222be0d0323,Water Adsorption Isotherms,5,25,0.617163265306123,5.69326530612245
storage.zip,raw_data\phase1_biscuit\achira_storage\storage.zip,achira_storage,Water Adsorption Isotherms_Achira biscuits.xlsx,Sheet1,322,001bd653d0a4b5dc050a3e27f238a45d,Water Adsorption Isotherms,5,25,0.631612244897959,5.84711370262391
storage.zip,raw_data\phase1_biscuit\achira_storage\storage.zip,achira_storage,Water Adsorption Isotherms_Achira biscuits.xlsx,Sheet1,323,901094c857d1bc5507d4cade06f3c251,Water Adsorption Isotherms,5,25,0.646061224489796,5.98122448979592
storage.zip,raw_data\phase1_biscuit\achira_storage\storage.zip,achira_storage,Water Adsorption Isotherms_Achira biscuits.xlsx,Sheet1,324,3b8dbf7b538016915970e8ffa96c838b,Water Adsorption Isotherms,5,25,0.660510204081633,6.21469387755102
storage.zip,raw_data\phase1_biscuit\achira_storage\storage.zip,achira_storage,Water Adsorption Isotherms_Achira biscuits.xlsx,Sheet1,325,4f4134aafc2fa5988a4e13ced5677c46,Water Adsorption Isotherms,5,25,0.674959183673469,6.38925170068027
storage.zip,raw_data\phase1_biscuit\achira_storage\storage.zip,achira_storage,Water Adsorption Isotherms_Achira biscuits.xlsx,Sheet1,326,113e171289d47ef3b816d6402f08ed73,Water Adsorption Isotherms,5,25,0.689408163265306,6.51288265306123
storage.zip,raw_data\phase1_biscuit\achira_storage\storage.zip,achira_storage,Water Adsorption Isotherms_Achira biscuits.xlsx,Sheet1,327,4c67907acc2f896aa25e73d24e71363c,Water Adsorption Isotherms,5,25,0.703857142857143,7.14952380952382
storage.zip,raw_data\phase1_biscuit\achira_storage\storage.zip,achira_storage,Water Adsorption Isotherms_Achira biscuits.xlsx,Sheet1,328,8fa8fc5f5e79e6c6963cd0cb5f849834,Water Adsorption Isotherms,5,25,0.71830612244898,7.21689795918367
storage.zip,raw_data\phase1_biscuit\achira_storage\storage.zip,achira_storage,Water Adsorption Isotherms_Achira biscuits.xlsx,Sheet1,329,ff90e7f1ec6ccf780b3d7c4720ac6691,Water Adsorption Isotherms,5,25,0.732755102040816,7.60510204081633
storage.zip,raw_data\phase1_biscuit\achira_storage\storage.zip,achira_storage,Water Adsorption Isotherms_Achira biscuits.xlsx,Sheet1,330,7a42fe11907ab46d6305702a08fbb4a4,Water Adsorption Isotherms,5,25,0.747204081632653,7.78155612244898
storage.zip,raw_data\phase1_biscuit\achira_storage\storage.zip,achira_storage,Water Adsorption Isotherms_Achira biscuits.xlsx,Sheet1,331,c671c608c577f46a540cf85522a00d5a,Water Adsorption Isotherms,5,25,0.76165306122449,8.3441056422569
storage.zip,raw_data\phase1_biscuit\achira_storage\storage.zip,achira_storage,Water Adsorption Isotherms_Achira biscuits.xlsx,Sheet1,332,7e1239921737fff045c423ecaa367d57,Water Adsorption Isotherms,5,25,0.776102040816327,8.3695918367347
storage.zip,raw_data\phase1_biscuit\achira_storage\storage.zip,achira_storage,Water Adsorption Isotherms_Achira biscuits.xlsx,Sheet1,333,cdd35df326c8bab8cb4b9dd09410368f,Water Adsorption Isotherms,5,25,0.790551020408163,9.06467346938776
storage.zip,raw_data\phase1_biscuit\achira_storage\storage.zip,achira_storage,Water Adsorption Isotherms_Achira biscuits.xlsx,Sheet1,334,66856cde38a5865afe6fc15647cce706,Water Adsorption Isotherms,5,25,0.805,9.23533333333334
storage.zip,raw_data\phase1_biscuit\achira_storage\storage.zip,achira_storage,Water Adsorption Isotherms_Achira biscuits.xlsx,Sheet1,335,910e6e21bcc5fcdad59d80e68f6fb8c6,Water Adsorption Isotherms,6,25,0.097,2.12470588235294
storage.zip,raw_data\phase1_biscuit\achira_storage\storage.zip,achira_storage,Water Adsorption Isotherms_Achira biscuits.xlsx,Sheet1,336,efc187c5dca775251dfa47f6828a7ebd,Water Adsorption Isotherms,6,25,0.111448979591837,2.10112244897959
storage.zip,raw_data\phase1_biscuit\achira_storage\storage.zip,achira_storage,Water Adsorption Isotherms_Achira biscuits.xlsx,Sheet1,337,7efcc68f5f6bb1dd1a3c3cfdf0134f88,Water Adsorption Isotherms,6,25,0.125897959183673,2.13724489795918
storage.zip,raw_data\phase1_biscuit\achira_storage\storage.zip,achira_storage,Water Adsorption Isotherms_Achira biscuits.xlsx,Sheet1,338,45b5225519b25acc807306441cd8891c,Water Adsorption Isotherms,6,25,0.14034693877551,2.18543367346939
storage.zip,raw_data\phase1_biscuit\achira_storage\storage.zip,achira_storage,Water Adsorption Isotherms_Achira biscuits.xlsx,Sheet1,339,8a4888e9ac30021fb3e30faeeec05c1c,Water Adsorption Isotherms,6,25,0.154795918367347,2.20622448979592
storage.zip,raw_data\phase1_biscuit\achira_storage\storage.zip,achira_storage,Water Adsorption Isotherms_Achira biscuits.xlsx,Sheet1,340,9435eb6f82412cfea96134363b2fc71c,Water Adsorption Isotherms,6,25,0.169244897959184,2.18902668759812
storage.zip,raw_data\phase1_biscuit\achira_storage\storage.zip,achira_storage,Water Adsorption Isotherms_Achira biscuits.xlsx,Sheet1,341,d3bf3ee1220abda1cdbfd95c8e8b97b9,Water Adsorption Isotherms,6,25,0.18369387755102,2.47760204081633
storage.zip,raw_data\phase1_biscuit\achira_storage\storage.zip,achira_storage,Water Adsorption Isotherms_Achira biscuits.xlsx,Sheet1,342,2ff7c619d33dfd16f68b8de254b689aa,Water Adsorption Isotherms,6,25,0.198142857142857,2.28380952380952
storage.zip,raw_data\phase1_biscuit\achira_storage\storage.zip,achira_storage,Water Adsorption Isotherms_Achira biscuits.xlsx,Sheet1,343,b4a1670941070172f5bd016080692148,Water Adsorption Isotherms,6,25,0.212591836734694,2.40208883553421
storage.zip,raw_data\phase1_biscuit\achira_storage\storage.zip,achira_storage,Water Adsorption Isotherms_Achira biscuits.xlsx,Sheet1,344,2ccc1708ef06eb3258f106f951e501b2,Water Adsorption Isotherms,6,25,0.227040816326531,2.53446064139942
storage.zip,raw_data\phase1_biscuit\achira_storage\storage.zip,achira_storage,Water Adsorption Isotherms_Achira biscuits.xlsx,Sheet1,345,3cdf5f55740235c1700fadafd4b1e6da,Water Adsorption Isotherms,6,25,0.241489795918367,2.70595918367347
storage.zip,raw_data\phase1_biscuit\achira_storage\storage.zip,achira_storage,Water Adsorption Isotherms_Achira biscuits.xlsx,Sheet1,346,cb89b29627e36814fe8cb814c9fc841d,Water Adsorption Isotherms,6,25,0.255938775510204,2.75979591836735
storage.zip,raw_data\phase1_biscuit\achira_storage\storage.zip,achira_storage,Water Adsorption Isotherms_Achira biscuits.xlsx,Sheet1,347,12bfe4133b723134f8a3e43626a6d738,Water Adsorption Isotherms,6,25,0.270387755102041,2.70721706864564
storage.zip,raw_data\phase1_biscuit\achira_storage\storage.zip,achira_storage,Water Adsorption Isotherms_Achira biscuits.xlsx,Sheet1,348,47ffaf9d817a3747a84fd6bf41418f63,Water Adsorption Isotherms,6,25,0.284836734693878,2.86127551020408
storage.zip,raw_data\phase1_biscuit\achira_storage\storage.zip,achira_storage,Water Adsorption Isotherms_Achira biscuits.xlsx,Sheet1,349,e316e689fe58221f03bab54f12d40960,Water Adsorption Isotherms,6,25,0.299285714285714,2.99964285714286
storage.zip,raw_data\phase1_biscuit\achira_storage\storage.zip,achira_storage,Water Adsorption Isotherms_Achira biscuits.xlsx,Sheet1,350,3e9ecfb8d5a8cb997db0ebbf5022f5b6,Water Adsorption Isotherms,6,25,0.313734693877551,3.09178571428571
storage.zip,raw_data\phase1_biscuit\achira_storage\storage.zip,achira_storage,Water Adsorption Isotherms_Achira biscuits.xlsx,Sheet1,351,50a1476d4deeb76665315e7442911282,Water Adsorption Isotherms,6,25,0.328183673469388,3.16378335949765
storage.zip,raw_data\phase1_biscuit\achira_storage\storage.zip,achira_storage,Water Adsorption Isotherms_Achira biscuits.xlsx,Sheet1,352,b83e0f00e7cd4b44f380bcd23c86574a,Water Adsorption Isotherms,6,25,0.342632653061225,3.16923469387755
storage.zip,raw_data\phase1_biscuit\achira_storage\storage.zip,achira_storage,Water Adsorption Isotherms_Achira biscuits.xlsx,Sheet1,353,8fcd1812b1ed6c4143806d1003b7e4b7,Water Adsorption Isotherms,6,25,0.357081632653061,3.32081632653061
storage.zip,raw_data\phase1_biscuit\achira_storage\storage.zip,achira_storage,Water Adsorption Isotherms_Achira biscuits.xlsx,Sheet1,354,80244bbb94b4b341cdc836171df2f04f,Water Adsorption Isotherms,6,25,0.371530612244898,3.4161038961039
storage.zip,raw_data\phase1_biscuit\achira_storage\storage.zip,achira_storage,Water Adsorption Isotherms_Achira biscuits.xlsx,Sheet1,355,345cc5dfc4bdff08fef1d286ebf1da1f,Water Adsorption Isotherms,6,25,0.385979591836735,3.49984693877551
storage.zip,raw_data\phase1_biscuit\achira_storage\storage.zip,achira_storage,Water Adsorption Isotherms_Achira biscuits.xlsx,Sheet1,356,5b4d176176a930ffb3f7c09664330025,Water Adsorption Isotherms,6,25,0.400428571428571,3.65666666666667
storage.zip,raw_data\phase1_biscuit\achira_storage\storage.zip,achira_storage,Water Adsorption Isotherms_Achira biscuits.xlsx,Sheet1,357,cfd701b3ea3414fe6f240c40dc804b8f,Water Adsorption Isotherms,6,25,0.414877551020408,3.78511904761905
storage.zip,raw_data\phase1_biscuit\achira_storage\storage.zip,achira_storage,Water Adsorption Isotherms_Achira biscuits.xlsx,Sheet1,358,5a64d8461f554ced3dee42beb5a07787,Water Adsorption Isotherms,6,25,0.429326530612245,3.82698412698413
storage.zip,raw_data\phase1_biscuit\achira_storage\storage.zip,achira_storage,Water Adsorption Isotherms_Achira biscuits.xlsx,Sheet1,359,b5482fbf6d1f5f9afb8765383367fdf7,Water Adsorption Isotherms,6,25,0.443775510204082,4.01775510204082
storage.zip,raw_data\phase1_biscuit\achira_storage\storage.zip,achira_storage,Water Adsorption Isotherms_Achira biscuits.xlsx,Sheet1,360,6f66eb1ff8611f3600b63b6b738cb73e,Water Adsorption Isotherms,6,25,0.458224489795918,4.12112244897959
storage.zip,raw_data\phase1_biscuit\achira_storage\storage.zip,achira_storage,Water Adsorption Isotherms_Achira biscuits.xlsx,Sheet1,361,d3ff933f2ee411b517ea5a9dccf35750,Water Adsorption Isotherms,6,25,0.472673469387755,4.26285714285714
storage.zip,raw_data\phase1_biscuit\achira_storage\storage.zip,achira_storage,Water Adsorption Isotherms_Achira biscuits.xlsx,Sheet1,362,107881f281d9be6d5f0096c21632823d,Water Adsorption Isotherms,6,25,0.487122448979592,4.35927113702624
storage.zip,raw_data\phase1_biscuit\achira_storage\storage.zip,achira_storage,Water Adsorption Isotherms_Achira biscuits.xlsx,Sheet1,363,1e7de4de4661c24b5302e02c67b15b70,Water Adsorption Isotherms,6,25,0.501571428571429,4.48380952380952
storage.zip,raw_data\phase1_biscuit\achira_storage\storage.zip,achira_storage,Water Adsorption Isotherms_Achira biscuits.xlsx,Sheet1,364,eae6e64f4653003993fd86896be52d6d,Water Adsorption Isotherms,6,25,0.516020408163265,4.57380333951762
storage.zip,raw_data\phase1_biscuit\achira_storage\storage.zip,achira_storage,Water Adsorption Isotherms_Achira biscuits.xlsx,Sheet1,365,0a78dbdcec96c61a81b6e734472389bb,Water Adsorption Isotherms,6,25,0.530469387755102,4.77469387755102
storage.zip,raw_data\phase1_biscuit\achira_storage\storage.zip,achira_storage,Water Adsorption Isotherms_Achira biscuits.xlsx,Sheet1,366,e9b4c94db8ccf7d18edddfc55764f60c,Water Adsorption Isotherms,6,25,0.544918367346939,4.89918367346939
storage.zip,raw_data\phase1_biscuit\achira_storage\storage.zip,achira_storage,Water Adsorption Isotherms_Achira biscuits.xlsx,Sheet1,367,16f7fe39bcbb102263123a42c6cd0ece,Water Adsorption Isotherms,6,25,0.559367346938776,5.06367346938776
storage.zip,raw_data\phase1_biscuit\achira_storage\storage.zip,achira_storage,Water Adsorption Isotherms_Achira biscuits.xlsx,Sheet1,368,bfe66c93a0cfac72a8c72cd31ed5a6ed,Water Adsorption Isotherms,6,25,0.573816326530612,5.14816326530612
storage.zip,raw_data\phase1_biscuit\achira_storage\storage.zip,achira_storage,Water Adsorption Isotherms_Achira biscuits.xlsx,Sheet1,369,7895fa63dd4486a445b2bb6b11a0f9ae,Water Adsorption Isotherms,6,25,0.588265306122449,5.34397959183674
storage.zip,raw_data\phase1_biscuit\achira_storage\storage.zip,achira_storage,Water Adsorption Isotherms_Achira biscuits.xlsx,Sheet1,370,1148946e70c3bacc876c124e753a1624,Water Adsorption Isotherms,6,25,0.602714285714286,5.50373626373627
storage.zip,raw_data\phase1_biscuit\achira_storage\storage.zip,achira_storage,Water Adsorption Isotherms_Achira biscuits.xlsx,Sheet1,371,1bb099f2380423b1be564858b9b76f5c,Water Adsorption Isotherms,6,25,0.617163265306123,5.69326530612245
storage.zip,raw_data\phase1_biscuit\achira_storage\storage.zip,achira_storage,Water Adsorption Isotherms_Achira biscuits.xlsx,Sheet1,372,b82ea81bf9ed7e171c80a86413c37a69,Water Adsorption Isotherms,6,25,0.631612244897959,5.72235827664399
storage.zip,raw_data\phase1_biscuit\achira_storage\storage.zip,achira_storage,Water Adsorption Isotherms_Achira biscuits.xlsx,Sheet1,373,7ec57bd6b449caae8a12f93bae851dc9,Water Adsorption Isotherms,6,25,0.646061224489796,5.93173025732032
storage.zip,raw_data\phase1_biscuit\achira_storage\storage.zip,achira_storage,Water Adsorption Isotherms_Achira biscuits.xlsx,Sheet1,374,39744e62c37f8ac530e089445e24e9a6,Water Adsorption Isotherms,6,25,0.660510204081633,6.21469387755102
storage.zip,raw_data\phase1_biscuit\achira_storage\storage.zip,achira_storage,Water Adsorption Isotherms_Achira biscuits.xlsx,Sheet1,375,83cc0ae9a12fd04317a45eb65a81403a,Water Adsorption Isotherms,6,25,0.674959183673469,6.38925170068027
storage.zip,raw_data\phase1_biscuit\achira_storage\storage.zip,achira_storage,Water Adsorption Isotherms_Achira biscuits.xlsx,Sheet1,376,9844dbac7a76a9d902b2a8d3a668e10b,Water Adsorption Isotherms,6,25,0.689408163265306,6.57889795918367
storage.zip,raw_data\phase1_biscuit\achira_storage\storage.zip,achira_storage,Water Adsorption Isotherms_Achira biscuits.xlsx,Sheet1,377,c0d7ace29edbb3eadb6e3f1ca8384708,Water Adsorption Isotherms,6,25,0.703857142857143,7.14952380952382
storage.zip,raw_data\phase1_biscuit\achira_storage\storage.zip,achira_storage,Water Adsorption Isotherms_Achira biscuits.xlsx,Sheet1,378,af0d26af5884c6f4da0e66cd999ba915,Water Adsorption Isotherms,6,25,0.71830612244898,7.21689795918367
storage.zip,raw_data\phase1_biscuit\achira_storage\storage.zip,achira_storage,Water Adsorption Isotherms_Achira biscuits.xlsx,Sheet1,379,7420abe3eb140f13c6b12f7511e0a2cd,Water Adsorption Isotherms,6,25,0.732755102040816,7.60510204081633
storage.zip,raw_data\phase1_biscuit\achira_storage\storage.zip,achira_storage,Water Adsorption Isotherms_Achira biscuits.xlsx,Sheet1,380,2614e8e158f8bd07ecd9b8a84c47405f,Water Adsorption Isotherms,6,25,0.747204081632653,7.78155612244898
storage.zip,raw_data\phase1_biscuit\achira_storage\storage.zip,achira_storage,Water Adsorption Isotherms_Achira biscuits.xlsx,Sheet1,381,b1ca0b4e5b9e0aa33b67879f2fc86f4f,Water Adsorption Isotherms,6,25,0.76165306122449,8.3441056422569
storage.zip,raw_data\phase1_biscuit\achira_storage\storage.zip,achira_storage,Water Adsorption Isotherms_Achira biscuits.xlsx,Sheet1,382,0890719ea368f57fa878e9e0d0d8c798,Water Adsorption Isotherms,6,25,0.776102040816327,8.3695918367347
storage.zip,raw_data\phase1_biscuit\achira_storage\storage.zip,achira_storage,Water Adsorption Isotherms_Achira biscuits.xlsx,Sheet1,383,a21d7e82696f7c7cf7e364c9c757fed5,Water Adsorption Isotherms,6,25,0.790551020408163,9.06467346938776
storage.zip,raw_data\phase1_biscuit\achira_storage\storage.zip,achira_storage,Water Adsorption Isotherms_Achira biscuits.xlsx,Sheet1,384,bc38991f8eb7de511ddd07087cb1a828,Water Adsorption Isotherms,6,25,0.805,9.44875
storage.zip,raw_data\phase1_biscuit\achira_storage\storage.zip,achira_storage,Water Adsorption Isotherms_Achira biscuits.xlsx,Sheet1,385,ae6f1523e414f9ced53d799e3e732d9e,Water Adsorption Isotherms,7,25,0.097,2.33105263157895
storage.zip,raw_data\phase1_biscuit\achira_storage\storage.zip,achira_storage,Water Adsorption Isotherms_Achira biscuits.xlsx,Sheet1,386,96ad66c2185e334c67a13a7c834e41f1,Water Adsorption Isotherms,7,25,0.111448979591837,2.32344790547798
storage.zip,raw_data\phase1_biscuit\achira_storage\storage.zip,achira_storage,Water Adsorption Isotherms_Achira biscuits.xlsx,Sheet1,387,cefa20bcac70328e6b687b3390fbd1d2,Water Adsorption Isotherms,7,25,0.125897959183673,2.32877551020408
storage.zip,raw_data\phase1_biscuit\achira_storage\storage.zip,achira_storage,Water Adsorption Isotherms_Achira biscuits.xlsx,Sheet1,388,47814ca5d143a4a2f3c3826cd782cd9b,Water Adsorption Isotherms,7,25,0.14034693877551,2.34965986394558
storage.zip,raw_data\phase1_biscuit\achira_storage\storage.zip,achira_storage,Water Adsorption Isotherms_Achira biscuits.xlsx,Sheet1,389,3f4822e3c92181fcbc5c69baf390722a,Water Adsorption Isotherms,7,25,0.154795918367347,2.20622448979592
storage.zip,raw_data\phase1_biscuit\achira_storage\storage.zip,achira_storage,Water Adsorption Isotherms_Achira biscuits.xlsx,Sheet1,390,74177dd3e955479a2d630d16e0cc3e1d,Water Adsorption Isotherms,7,25,0.169244897959184,2.42680890538033
storage.zip,raw_data\phase1_biscuit\achira_storage\storage.zip,achira_storage,Water Adsorption Isotherms_Achira biscuits.xlsx,Sheet1,391,f824f868896a6ea9dc253014dd8561b6,Water Adsorption Isotherms,7,25,0.18369387755102,2.47760204081633
storage.zip,raw_data\phase1_biscuit\achira_storage\storage.zip,achira_storage,Water Adsorption Isotherms_Achira biscuits.xlsx,Sheet1,392,c49ab2f649141cd783527f2795ab7bf2,Water Adsorption Isotherms,7,25,0.198142857142857,2.52942857142857
storage.zip,raw_data\phase1_biscuit\achira_storage\storage.zip,achira_storage,Water Adsorption Isotherms_Achira biscuits.xlsx,Sheet1,393,b36f7d8fa7a1748e0f2df8a9201042c8,Water Adsorption Isotherms,7,25,0.212591836734694,2.40208883553421
storage.zip,raw_data\phase1_biscuit\achira_storage\storage.zip,achira_storage,Water Adsorption Isotherms_Achira biscuits.xlsx,Sheet1,394,c91422ab2a5c85381c26544024144661,Water Adsorption Isotherms,7,25,0.227040816326531,2.45308523409364
storage.zip,raw_data\phase1_biscuit\achira_storage\storage.zip,achira_storage,Water Adsorption Isotherms_Achira biscuits.xlsx,Sheet1,395,a62ac302117f95499ed1c75359d2e236,Water Adsorption Isotherms,7,25,0.241489795918367,2.62222634508349
storage.zip,raw_data\phase1_biscuit\achira_storage\storage.zip,achira_storage,Water Adsorption Isotherms_Achira biscuits.xlsx,Sheet1,396,c33c3a89e148c407fcffaac67a366598,Water Adsorption Isotherms,7,25,0.255938775510204,2.75979591836735
storage.zip,raw_data\phase1_biscuit\achira_storage\storage.zip,achira_storage,Water Adsorption Isotherms_Achira biscuits.xlsx,Sheet1,397,6e6e550a3b253246c99a6ae84df9afa9,Water Adsorption Isotherms,7,25,0.270387755102041,2.8610115350488
storage.zip,raw_data\phase1_biscuit\achira_storage\storage.zip,achira_storage,Water Adsorption Isotherms_Achira biscuits.xlsx,Sheet1,398,08c6e41f5bb888b7e5a89173f21e941d,Water Adsorption Isotherms,7,25,0.284836734693878,2.89870452528838
storage.zip,raw_data\phase1_biscuit\achira_storage\storage.zip,achira_storage,Water Adsorption Isotherms_Achira biscuits.xlsx,Sheet1,399,ed548b5090a7dc53b68a656bf120d9a7,Water Adsorption Isotherms,7,25,0.299285714285714,2.89857142857143
storage.zip,raw_data\phase1_biscuit\achira_storage\storage.zip,achira_storage,Water Adsorption Isotherms_Achira biscuits.xlsx,Sheet1,400,f756d85f9d7d7ecad84ed39007a7fec3,Water Adsorption Isotherms,7,25,0.313734693877551,3.03430839002268
storage.zip,raw_data\phase1_biscuit\achira_storage\storage.zip,achira_storage,Water Adsorption Isotherms_Achira biscuits.xlsx,Sheet1,401,cc9eb601ff076713a6f0a9733b836e2c,Water Adsorption Isotherms,7,25,0.328183673469388,3.16574568288854
storage.zip,raw_data\phase1_biscuit\achira_storage\storage.zip,achira_storage,Water Adsorption Isotherms_Achira biscuits.xlsx,Sheet1,402,8181a3f88cb10192083ed3093569f54e,Water Adsorption Isotherms,7,25,0.342632653061225,3.24112244897959
storage.zip,raw_data\phase1_biscuit\achira_storage\storage.zip,achira_storage,Water Adsorption Isotherms_Achira biscuits.xlsx,Sheet1,403,e5485f07f6eac94a203374107e911cac,Water Adsorption Isotherms,7,25,0.357081632653061,3.27475218658892
storage.zip,raw_data\phase1_biscuit\achira_storage\storage.zip,achira_storage,Water Adsorption Isotherms_Achira biscuits.xlsx,Sheet1,404,1876ea6359cbc925cb4d6adfb2dae2bb,Water Adsorption Isotherms,7,25,0.371530612244898,3.44833594976452
storage.zip,raw_data\phase1_biscuit\achira_storage\storage.zip,achira_storage,Water Adsorption Isotherms_Achira biscuits.xlsx,Sheet1,405,a90f824d861cd5ddac34ff72d8b5d28f,Water Adsorption Isotherms,7,25,0.385979591836735,3.49984693877551
storage.zip,raw_data\phase1_biscuit\achira_storage\storage.zip,achira_storage,Water Adsorption Isotherms_Achira biscuits.xlsx,Sheet1,406,375b10d16107ed0382a0dfc2db9c0123,Water Adsorption Isotherms,7,25,0.400428571428571,3.6325
storage.zip,raw_data\phase1_biscuit\achira_storage\storage.zip,achira_storage,Water Adsorption Isotherms_Achira biscuits.xlsx,Sheet1,407,bb73a3925951655cea61feea29fa35a1,Water Adsorption Isotherms,7,25,0.414877551020408,3.81438775510204
storage.zip,raw_data\phase1_biscuit\achira_storage\storage.zip,achira_storage,Water Adsorption Isotherms_Achira biscuits.xlsx,Sheet1,408,9e423eb3214e606d4e12b62b79c545df,Water Adsorption Isotherms,7,25,0.429326530612245,3.9466380236305
storage.zip,raw_data\phase1_biscuit\achira_storage\storage.zip,achira_storage,Water Adsorption Isotherms_Achira biscuits.xlsx,Sheet1,409,914bae8fb3c9216adaa9b7a94a07f1f3,Water Adsorption Isotherms,7,25,0.443775510204082,4.01775510204082
storage.zip,raw_data\phase1_biscuit\achira_storage\storage.zip,achira_storage,Water Adsorption Isotherms_Achira biscuits.xlsx,Sheet1,410,684f6613522608b7ac34121cc48d8318,Water Adsorption Isotherms,7,25,0.458224489795918,4.08302040816327
storage.zip,raw_data\phase1_biscuit\achira_storage\storage.zip,achira_storage,Water Adsorption Isotherms_Achira biscuits.xlsx,Sheet1,411,22bcb1108b3e500ecdc36830edc49eb5,Water Adsorption Isotherms,7,25,0.472673469387755,4.26285714285714
storage.zip,raw_data\phase1_biscuit\achira_storage\storage.zip,achira_storage,Water Adsorption Isotherms_Achira biscuits.xlsx,Sheet1,412,a84d3cc405a4ba810bcb6dad39fd790d,Water Adsorption Isotherms,7,25,0.487122448979592,4.32518796992481
storage.zip,raw_data\phase1_biscuit\achira_storage\storage.zip,achira_storage,Water Adsorption Isotherms_Achira biscuits.xlsx,Sheet1,413,ae674e1c7a190479112758769c7630d5,Water Adsorption Isotherms,7,25,0.501571428571429,4.48380952380952
storage.zip,raw_data\phase1_biscuit\achira_storage\storage.zip,achira_storage,Water Adsorption Isotherms_Achira biscuits.xlsx,Sheet1,414,6f58a4c13b3019cb15060cc996cbbded,Water Adsorption Isotherms,7,25,0.516020408163265,4.64318367346939
storage.zip,raw_data\phase1_biscuit\achira_storage\storage.zip,achira_storage,Water Adsorption Isotherms_Achira biscuits.xlsx,Sheet1,415,64def281a43e2615e2e2d50fc2f8eb75,Water Adsorption Isotherms,7,25,0.530469387755102,4.77469387755102
storage.zip,raw_data\phase1_biscuit\achira_storage\storage.zip,achira_storage,Water Adsorption Isotherms_Achira biscuits.xlsx,Sheet1,416,f116a66814b95d7e421a2aae9a1fc1bd,Water Adsorption Isotherms,7,25,0.544918367346939,4.91289424860854
storage.zip,raw_data\phase1_biscuit\achira_storage\storage.zip,achira_storage,Water Adsorption Isotherms_Achira biscuits.xlsx,Sheet1,417,9b5e9871268526706f1469010e730b15,Water Adsorption Isotherms,7,25,0.559367346938776,4.96848396501458
storage.zip,raw_data\phase1_biscuit\achira_storage\storage.zip,achira_storage,Water Adsorption Isotherms_Achira biscuits.xlsx,Sheet1,418,fc3cf451ebadcb24b18bf945a586e4b8,Water Adsorption Isotherms,7,25,0.573816326530612,5.12784256559767
storage.zip,raw_data\phase1_biscuit\achira_storage\storage.zip,achira_storage,Water Adsorption Isotherms_Achira biscuits.xlsx,Sheet1,419,7b384e60321a652ea45e446c581dc72e,Water Adsorption Isotherms,7,25,0.588265306122449,5.25265306122449
storage.zip,raw_data\phase1_biscuit\achira_storage\storage.zip,achira_storage,Water Adsorption Isotherms_Achira biscuits.xlsx,Sheet1,420,d301553ca5ab96d2b722b2c1195d9899,Water Adsorption Isotherms,7,25,0.602714285714286,5.42704081632653
storage.zip,raw_data\phase1_biscuit\achira_storage\storage.zip,achira_storage,Water Adsorption Isotherms_Achira biscuits.xlsx,Sheet1,421,b679401fcb4c100023235c9525c66ca5,Water Adsorption Isotherms,7,25,0.617163265306123,5.53938775510204
storage.zip,raw_data\phase1_biscuit\achira_storage\storage.zip,achira_storage,Water Adsorption Isotherms_Achira biscuits.xlsx,Sheet1,422,084f9dc62fe2c0606f1f4eefe6c6e1dc,Water Adsorption Isotherms,7,25,0.631612244897959,5.83121561668146
storage.zip,raw_data\phase1_biscuit\achira_storage\storage.zip,achira_storage,Water Adsorption Isotherms_Achira biscuits.xlsx,Sheet1,423,2d4bc598a39487e7f8952c9ade3dbee7,Water Adsorption Isotherms,7,25,0.646061224489796,5.93173025732032
storage.zip,raw_data\phase1_biscuit\achira_storage\storage.zip,achira_storage,Water Adsorption Isotherms_Achira biscuits.xlsx,Sheet1,424,40ee0a4580e3010632993fce89f462bd,Water Adsorption Isotherms,7,25,0.660510204081633,6.11588921282799
storage.zip,raw_data\phase1_biscuit\achira_storage\storage.zip,achira_storage,Water Adsorption Isotherms_Achira biscuits.xlsx,Sheet1,425,70fc82c6a3b3d514ac2b37bdfa19f1da,Water Adsorption Isotherms,7,25,0.674959183673469,6.51673469387755
storage.zip,raw_data\phase1_biscuit\achira_storage\storage.zip,achira_storage,Water Adsorption Isotherms_Achira biscuits.xlsx,Sheet1,426,6e39e2dcc8adb60e15c9e6fdd1755378,Water Adsorption Isotherms,7,25,0.689408163265306,6.80705009276438
storage.zip,raw_data\phase1_biscuit\achira_storage\storage.zip,achira_storage,Water Adsorption Isotherms_Achira biscuits.xlsx,Sheet1,427,2a9b53bdd8b2173c51afc7c0ba145c7b,Water Adsorption Isotherms,7,25,0.703857142857143,6.975
storage.zip,raw_data\phase1_biscuit\achira_storage\storage.zip,achira_storage,Water Adsorption Isotherms_Achira biscuits.xlsx,Sheet1,428,0eeb9c6f2fa1be05b68b0a28386541e6,Water Adsorption Isotherms,7,25,0.71830612244898,7.45556851311953
storage.zip,raw_data\phase1_biscuit\achira_storage\storage.zip,achira_storage,Water Adsorption Isotherms_Achira biscuits.xlsx,Sheet1,429,7a28bd4a49983e4ad6a7b1f84c6fcad3,Water Adsorption Isotherms,7,25,0.732755102040816,7.60510204081633
storage.zip,raw_data\phase1_biscuit\achira_storage\storage.zip,achira_storage,Water Adsorption Isotherms_Achira biscuits.xlsx,Sheet1,430,89c55f0f286df21e051ba38a543771d0,Water Adsorption Isotherms,7,25,0.747204081632653,8.0108843537415
storage.zip,raw_data\phase1_biscuit\achira_storage\storage.zip,achira_storage,Water Adsorption Isotherms_Achira biscuits.xlsx,Sheet1,431,d218bb1de964af78992797ec4d1d21a2,Water Adsorption Isotherms,7,25,0.76165306122449,8.01676020408163
storage.zip,raw_data\phase1_biscuit\achira_storage\storage.zip,achira_storage,Water Adsorption Isotherms_Achira biscuits.xlsx,Sheet1,432,031c1c77e02dccf8e413dcc22363e6c7,Water Adsorption Isotherms,7,25,0.776102040816327,8.70821428571429
storage.zip,raw_data\phase1_biscuit\achira_storage\storage.zip,achira_storage,Water Adsorption Isotherms_Achira biscuits.xlsx,Sheet1,433,008a8332581a49e07b904472a98f7ad9,Water Adsorption Isotherms,7,25,0.790551020408163,8.89785714285714
storage.zip,raw_data\phase1_biscuit\achira_storage\storage.zip,achira_storage,Water Adsorption Isotherms_Achira biscuits.xlsx,Sheet1,434,98c46ed4235ad7a740d93f3a0313e258,Water Adsorption Isotherms,7,25,0.805,9.23533333333334
storage.zip,raw_data\phase1_biscuit\achira_storage\storage.zip,achira_storage,Water Adsorption Isotherms_Achira biscuits.xlsx,Sheet1,435,b133e5b499ff129c491354df2b95103b,Water Adsorption Isotherms,8,25,0.097,2.12470588235294
storage.zip,raw_data\phase1_biscuit\achira_storage\storage.zip,achira_storage,Water Adsorption Isotherms_Achira biscuits.xlsx,Sheet1,436,52fe2cc44034b7010b46d3c87385a659,Water Adsorption Isotherms,8,25,0.111448979591837,2.32344790547798
storage.zip,raw_data\phase1_biscuit\achira_storage\storage.zip,achira_storage,Water Adsorption Isotherms_Achira biscuits.xlsx,Sheet1,437,0deef6481f6b194840f7b9796583bae3,Water Adsorption Isotherms,8,25,0.125897959183673,2.32877551020408
storage.zip,raw_data\phase1_biscuit\achira_storage\storage.zip,achira_storage,Water Adsorption Isotherms_Achira biscuits.xlsx,Sheet1,438,97b89038a589a871e5bc12f888538bd5,Water Adsorption Isotherms,8,25,0.14034693877551,2.18543367346939
storage.zip,raw_data\phase1_biscuit\achira_storage\storage.zip,achira_storage,Water Adsorption Isotherms_Achira biscuits.xlsx,Sheet1,439,15be00ea9c7cd126c617b0cfc7c28580,Water Adsorption Isotherms,8,25,0.154795918367347,2.38632653061225
storage.zip,raw_data\phase1_biscuit\achira_storage\storage.zip,achira_storage,Water Adsorption Isotherms_Achira biscuits.xlsx,Sheet1,440,9efcab1c4908bdfc9f114f7c9cc74a6d,Water Adsorption Isotherms,8,25,0.169244897959184,2.27748299319728
storage.zip,raw_data\phase1_biscuit\achira_storage\storage.zip,achira_storage,Water Adsorption Isotherms_Achira biscuits.xlsx,Sheet1,441,7d3e18c7c8552878f83020bfdd677e44,Water Adsorption Isotherms,8,25,0.18369387755102,2.33260204081633
storage.zip,raw_data\phase1_biscuit\achira_storage\storage.zip,achira_storage,Water Adsorption Isotherms_Achira biscuits.xlsx,Sheet1,442,128aeb5523c33cadef5aea36b536bbbb,Water Adsorption Isotherms,8,25,0.198142857142857,2.28380952380952
storage.zip,raw_data\phase1_biscuit\achira_storage\storage.zip,achira_storage,Water Adsorption Isotherms_Achira biscuits.xlsx,Sheet1,443,72d5d09255d2e067d1dc30f60f809fc4,Water Adsorption Isotherms,8,25,0.212591836734694,2.45795918367347
storage.zip,raw_data\phase1_biscuit\achira_storage\storage.zip,achira_storage,Water Adsorption Isotherms_Achira biscuits.xlsx,Sheet1,444,0c3d1576e54d453553a73899a3291672,Water Adsorption Isotherms,8,25,0.227040816326531,2.63240362811791
storage.zip,raw_data\phase1_biscuit\achira_storage\storage.zip,achira_storage,Water Adsorption Isotherms_Achira biscuits.xlsx,Sheet1,445,af0ad8327bb2da38d3a994a7c7f7f2fa,Water Adsorption Isotherms,8,25,0.241489795918367,2.52791116446579
storage.zip,raw_data\phase1_biscuit\achira_storage\storage.zip,achira_storage,Water Adsorption Isotherms_Achira biscuits.xlsx,Sheet1,446,9c815f8f4877e70c8dc9d953bde6b621,Water Adsorption Isotherms,8,25,0.255938775510204,2.75979591836735
storage.zip,raw_data\phase1_biscuit\achira_storage\storage.zip,achira_storage,Water Adsorption Isotherms_Achira biscuits.xlsx,Sheet1,447,c815cba5fac083ad9a93a04f228df5b2,Water Adsorption Isotherms,8,25,0.270387755102041,2.70721706864564
storage.zip,raw_data\phase1_biscuit\achira_storage\storage.zip,achira_storage,Water Adsorption Isotherms_Achira biscuits.xlsx,Sheet1,448,8cc4bbee0c7f05a4a749a1fa9ecf0c79,Water Adsorption Isotherms,8,25,0.284836734693878,2.89870452528838
storage.zip,raw_data\phase1_biscuit\achira_storage\storage.zip,achira_storage,Water Adsorption Isotherms_Achira biscuits.xlsx,Sheet1,449,c288bcbce0fa33c20b526107ee2e9982,Water Adsorption Isotherms,8,25,0.299285714285714,2.89857142857143
storage.zip,raw_data\phase1_biscuit\achira_storage\storage.zip,achira_storage,Water Adsorption Isotherms_Achira biscuits.xlsx,Sheet1,450,032b4b5c2242ffa2aa8cbb7533a3c286,Water Adsorption Isotherms,8,25,0.313734693877551,2.97448979591837
storage.zip,raw_data\phase1_biscuit\achira_storage\storage.zip,achira_storage,Water Adsorption Isotherms_Achira biscuits.xlsx,Sheet1,451,917da4266f5eaef29214b94556589a11,Water Adsorption Isotherms,8,25,0.328183673469388,3.16378335949765
storage.zip,raw_data\phase1_biscuit\achira_storage\storage.zip,achira_storage,Water Adsorption Isotherms_Achira biscuits.xlsx,Sheet1,452,67a5bc3bc42ef3da5e21c13e210a98ac,Water Adsorption Isotherms,8,25,0.342632653061225,3.24112244897959
storage.zip,raw_data\phase1_biscuit\achira_storage\storage.zip,achira_storage,Water Adsorption Isotherms_Achira biscuits.xlsx,Sheet1,453,357bba4602d71a1cf5473d2bdae6629e,Water Adsorption Isotherms,8,25,0.357081632653061,3.32081632653061
storage.zip,raw_data\phase1_biscuit\achira_storage\storage.zip,achira_storage,Water Adsorption Isotherms_Achira biscuits.xlsx,Sheet1,454,e7e7c4686c1a0d9f6948a80cacee6bfd,Water Adsorption Isotherms,8,25,0.371530612244898,3.44833594976452
storage.zip,raw_data\phase1_biscuit\achira_storage\storage.zip,achira_storage,Water Adsorption Isotherms_Achira biscuits.xlsx,Sheet1,455,f6a4e01c8fef73ef795727120832cdca,Water Adsorption Isotherms,8,25,0.385979591836735,3.55988095238095
storage.zip,raw_data\phase1_biscuit\achira_storage\storage.zip,achira_storage,Water Adsorption Isotherms_Achira biscuits.xlsx,Sheet1,456,6c00d2051a6a83f0651a86bf97019d6e,Water Adsorption Isotherms,8,25,0.400428571428571,3.65666666666667
storage.zip,raw_data\phase1_biscuit\achira_storage\storage.zip,achira_storage,Water Adsorption Isotherms_Achira biscuits.xlsx,Sheet1,457,33cb6e0430d1726d1c618c304be16d2e,Water Adsorption Isotherms,8,25,0.414877551020408,3.72930029154519
storage.zip,raw_data\phase1_biscuit\achira_storage\storage.zip,achira_storage,Water Adsorption Isotherms_Achira biscuits.xlsx,Sheet1,458,b53e9364ca964bce760b49e5c786c98f,Water Adsorption Isotherms,8,25,0.429326530612245,3.9466380236305
storage.zip,raw_data\phase1_biscuit\achira_storage\storage.zip,achira_storage,Water Adsorption Isotherms_Achira biscuits.xlsx,Sheet1,459,8c2d875791b848b7c5ebc69db4453b03,Water Adsorption Isotherms,8,25,0.443775510204082,3.96200371057514
storage.zip,raw_data\phase1_biscuit\achira_storage\storage.zip,achira_storage,Water Adsorption Isotherms_Achira biscuits.xlsx,Sheet1,460,6e31c3efeea14b738ad280d7c048b39a,Water Adsorption Isotherms,8,25,0.458224489795918,4.15368916797488
storage.zip,raw_data\phase1_biscuit\achira_storage\storage.zip,achira_storage,Water Adsorption Isotherms_Achira biscuits.xlsx,Sheet1,461,f602c2e84463c15ab2b105144f3815d8,Water Adsorption Isotherms,8,25,0.472673469387755,4.21231292517007
storage.zip,raw_data\phase1_biscuit\achira_storage\storage.zip,achira_storage,Water Adsorption Isotherms_Achira biscuits.xlsx,Sheet1,462,14e2b4c143b2a85bfec1309bae470f20,Water Adsorption Isotherms,8,25,0.487122448979592,4.35927113702624
storage.zip,raw_data\phase1_biscuit\achira_storage\storage.zip,achira_storage,Water Adsorption Isotherms_Achira biscuits.xlsx,Sheet1,463,b4b006955e9fc587f6317bb11c718925,Water Adsorption Isotherms,8,25,0.501571428571429,4.37842105263158
storage.zip,raw_data\phase1_biscuit\achira_storage\storage.zip,achira_storage,Water Adsorption Isotherms_Achira biscuits.xlsx,Sheet1,464,82811df788df82bc64f0959af773b043,Water Adsorption Isotherms,8,25,0.516020408163265,4.57380333951762
storage.zip,raw_data\phase1_biscuit\achira_storage\storage.zip,achira_storage,Water Adsorption Isotherms_Achira biscuits.xlsx,Sheet1,465,a7c810ec97c373b4b69ba1b66c23efcb,Water Adsorption Isotherms,8,25,0.530469387755102,4.72292517006803
storage.zip,raw_data\phase1_biscuit\achira_storage\storage.zip,achira_storage,Water Adsorption Isotherms_Achira biscuits.xlsx,Sheet1,466,0bd5721207bc39cf8bd761525cbba6d6,Water Adsorption Isotherms,8,25,0.544918367346939,4.91289424860854
storage.zip,raw_data\phase1_biscuit\achira_storage\storage.zip,achira_storage,Water Adsorption Isotherms_Achira biscuits.xlsx,Sheet1,467,e6a9614afc9fca3943d53d4af9c7420a,Water Adsorption Isotherms,8,25,0.559367346938776,4.95096209912536
storage.zip,raw_data\phase1_biscuit\achira_storage\storage.zip,achira_storage,Water Adsorption Isotherms_Achira biscuits.xlsx,Sheet1,468,f4e29ca3884fb7770ec9a02b73782ef4,Water Adsorption Isotherms,8,25,0.573816326530612,5.14816326530612
storage.zip,raw_data\phase1_biscuit\achira_storage\storage.zip,achira_storage,Water Adsorption Isotherms_Achira biscuits.xlsx,Sheet1,469,2fc4fe3b930841104d84b287a4704938,Water Adsorption Isotherms,8,25,0.588265306122449,5.34397959183674
storage.zip,raw_data\phase1_biscuit\achira_storage\storage.zip,achira_storage,Water Adsorption Isotherms_Achira biscuits.xlsx,Sheet1,470,d3eeeac034612f95acc799ad5968281d,Water Adsorption Isotherms,8,25,0.602714285714286,5.42704081632653
storage.zip,raw_data\phase1_biscuit\achira_storage\storage.zip,achira_storage,Water Adsorption Isotherms_Achira biscuits.xlsx,Sheet1,471,287382682755a4e1f8b92d0e4d5f3626,Water Adsorption Isotherms,8,25,0.617163265306123,5.53938775510204
storage.zip,raw_data\phase1_biscuit\achira_storage\storage.zip,achira_storage,Water Adsorption Isotherms_Achira biscuits.xlsx,Sheet1,472,b33fbb60f0c7eb3604a8a1f4fed145f0,Water Adsorption Isotherms,8,25,0.631612244897959,5.83121561668146
storage.zip,raw_data\phase1_biscuit\achira_storage\storage.zip,achira_storage,Water Adsorption Isotherms_Achira biscuits.xlsx,Sheet1,473,ab81cf1d4d448cd36d21c2747370f142,Water Adsorption Isotherms,8,25,0.646061224489796,5.93173025732032
storage.zip,raw_data\phase1_biscuit\achira_storage\storage.zip,achira_storage,Water Adsorption Isotherms_Achira biscuits.xlsx,Sheet1,474,abda273cf6b528c1da0326573fc1e964,Water Adsorption Isotherms,8,25,0.660510204081633,6.23874635568513
storage.zip,raw_data\phase1_biscuit\achira_storage\storage.zip,achira_storage,Water Adsorption Isotherms_Achira biscuits.xlsx,Sheet1,475,bffa2f208c39065d3129cf071cd20c27,Water Adsorption Isotherms,8,25,0.674959183673469,6.37408163265306
storage.zip,raw_data\phase1_biscuit\achira_storage\storage.zip,achira_storage,Water Adsorption Isotherms_Achira biscuits.xlsx,Sheet1,476,b5da2ba12062be5f9c4465f43bfa547f,Water Adsorption Isotherms,8,25,0.689408163265306,6.51288265306123
storage.zip,raw_data\phase1_biscuit\achira_storage\storage.zip,achira_storage,Water Adsorption Isotherms_Achira biscuits.xlsx,Sheet1,477,ee1d3778af84e542873cd51af3992208,Water Adsorption Isotherms,8,25,0.703857142857143,7.14952380952382
storage.zip,raw_data\phase1_biscuit\achira_storage\storage.zip,achira_storage,Water Adsorption Isotherms_Achira biscuits.xlsx,Sheet1,478,f23233723b2dfd4f369daac7cc44d5ec,Water Adsorption Isotherms,8,25,0.71830612244898,7.21689795918367
storage.zip,raw_data\phase1_biscuit\achira_storage\storage.zip,achira_storage,Water Adsorption Isotherms_Achira biscuits.xlsx,Sheet1,479,ad864c12d5503c8eb36f228a4d8b030a,Water Adsorption Isotherms,8,25,0.732755102040816,7.60510204081633
storage.zip,raw_data\phase1_biscuit\achira_storage\storage.zip,achira_storage,Water Adsorption Isotherms_Achira biscuits.xlsx,Sheet1,480,987ae1470f1c768c920ce1bb35961557,Water Adsorption Isotherms,8,25,0.747204081632653,8.1231212484994
storage.zip,raw_data\phase1_biscuit\achira_storage\storage.zip,achira_storage,Water Adsorption Isotherms_Achira biscuits.xlsx,Sheet1,481,f8eb2e48bd2d9d15d2e2503960b64ef5,Water Adsorption Isotherms,8,25,0.76165306122449,8.3441056422569
storage.zip,raw_data\phase1_biscuit\achira_storage\storage.zip,achira_storage,Water Adsorption Isotherms_Achira biscuits.xlsx,Sheet1,482,faa4117c58a3b3b737739127bca906e8,Water Adsorption Isotherms,8,25,0.776102040816327,8.70821428571429
storage.zip,raw_data\phase1_biscuit\achira_storage\storage.zip,achira_storage,Water Adsorption Isotherms_Achira biscuits.xlsx,Sheet1,483,3e9257a9956706d9289cf47649ddaec3,Water Adsorption Isotherms,8,25,0.790551020408163,9.07254149659864
storage.zip,raw_data\phase1_biscuit\achira_storage\storage.zip,achira_storage,Water Adsorption Isotherms_Achira biscuits.xlsx,Sheet1,484,db2a6620142e21442a5d70c93aa47780,Water Adsorption Isotherms,8,25,0.805,9.23533333333334
storage.zip,raw_data\phase1_biscuit\achira_storage\storage.zip,achira_storage,Water Adsorption Isotherms_Achira biscuits.xlsx,Sheet1,485,768a811ce9eb296d9eff5997e9908ef2,Water Adsorption Isotherms,9,25,0.097,2.12470588235294
storage.zip,raw_data\phase1_biscuit\achira_storage\storage.zip,achira_storage,Water Adsorption Isotherms_Achira biscuits.xlsx,Sheet1,486,810a7297248b88ff89aa8aa86472d776,Water Adsorption Isotherms,9,25,0.111448979591837,2.10112244897959
storage.zip,raw_data\phase1_biscuit\achira_storage\storage.zip,achira_storage,Water Adsorption Isotherms_Achira biscuits.xlsx,Sheet1,487,5e21e6cdd0eab832149bf03798e2cfdf,Water Adsorption Isotherms,9,25,0.125897959183673,2.32877551020408
storage.zip,raw_data\phase1_biscuit\achira_storage\storage.zip,achira_storage,Water Adsorption Isotherms_Achira biscuits.xlsx,Sheet1,488,a5c95987a662f17cf02ed35e69bba4b8,Water Adsorption Isotherms,9,25,0.14034693877551,2.18543367346939
storage.zip,raw_data\phase1_biscuit\achira_storage\storage.zip,achira_storage,Water Adsorption Isotherms_Achira biscuits.xlsx,Sheet1,489,35c2e6e601b07865297e898915f3d0d6,Water Adsorption Isotherms,9,25,0.154795918367347,2.22655976676385
storage.zip,raw_data\phase1_biscuit\achira_storage\storage.zip,achira_storage,Water Adsorption Isotherms_Achira biscuits.xlsx,Sheet1,490,4f90387534c9d9c58251e64a17b9beec,Water Adsorption Isotherms,9,25,0.169244897959184,2.27748299319728
storage.zip,raw_data\phase1_biscuit\achira_storage\storage.zip,achira_storage,Water Adsorption Isotherms_Achira biscuits.xlsx,Sheet1,491,31852ca55c167efcada9fcb85d6e358d,Water Adsorption Isotherms,9,25,0.18369387755102,2.24173469387755
storage.zip,raw_data\phase1_biscuit\achira_storage\storage.zip,achira_storage,Water Adsorption Isotherms_Achira biscuits.xlsx,Sheet1,492,1b99c2ce43ca361054a2964e5fa87bf1,Water Adsorption Isotherms,9,25,0.198142857142857,2.52942857142857
storage.zip,raw_data\phase1_biscuit\achira_storage\storage.zip,achira_storage,Water Adsorption Isotherms_Achira biscuits.xlsx,Sheet1,493,29a82bfb74ccf65bb7a2921967c08269,Water Adsorption Isotherms,9,25,0.212591836734694,2.45795918367347
storage.zip,raw_data\phase1_biscuit\achira_storage\storage.zip,achira_storage,Water Adsorption Isotherms_Achira biscuits.xlsx,Sheet1,494,917f68bdd4e8a5307e997dd65c28385d,Water Adsorption Isotherms,9,25,0.227040816326531,2.63240362811791
storage.zip,raw_data\phase1_biscuit\achira_storage\storage.zip,achira_storage,Water Adsorption Isotherms_Achira biscuits.xlsx,Sheet1,495,225fd9029a7ddc2b6bcdf95ff5f5edd6,Water Adsorption Isotherms,9,25,0.241489795918367,2.62222634508349
storage.zip,raw_data\phase1_biscuit\achira_storage\storage.zip,achira_storage,Water Adsorption Isotherms_Achira biscuits.xlsx,Sheet1,496,1fa3a4232e759acffeafa6c9d806148d,Water Adsorption Isotherms,9,25,0.255938775510204,2.68969387755102
storage.zip,raw_data\phase1_biscuit\achira_storage\storage.zip,achira_storage,Water Adsorption Isotherms_Achira biscuits.xlsx,Sheet1,497,2f66fdc8cad14596fe5b7f744036a54c,Water Adsorption Isotherms,9,25,0.270387755102041,2.70721706864564
storage.zip,raw_data\phase1_biscuit\achira_storage\storage.zip,achira_storage,Water Adsorption Isotherms_Achira biscuits.xlsx,Sheet1,498,94db8e10336f66357b32bcc25098e533,Water Adsorption Isotherms,9,25,0.284836734693878,2.89870452528838
storage.zip,raw_data\phase1_biscuit\achira_storage\storage.zip,achira_storage,Water Adsorption Isotherms_Achira biscuits.xlsx,Sheet1,499,bdf8a8afdd974c8739a1049cbc4e4827,Water Adsorption Isotherms,9,25,0.299285714285714,2.89857142857143
storage.zip,raw_data\phase1_biscuit\achira_storage\storage.zip,achira_storage,Water Adsorption Isotherms_Achira biscuits.xlsx,Sheet1,500,a032b712708dc526c8fb7bc1dbc1921c,Water Adsorption Isotherms,9,25,0.313734693877551,2.97448979591837
storage.zip,raw_data\phase1_biscuit\achira_storage\storage.zip,achira_storage,Water Adsorption Isotherms_Achira biscuits.xlsx,Sheet1,501,85a35ab2eb42a8c5fbad5c37b425ac45,Water Adsorption Isotherms,9,25,0.328183673469388,3.16378335949765
storage.zip,raw_data\phase1_biscuit\achira_storage\storage.zip,achira_storage,Water Adsorption Isotherms_Achira biscuits.xlsx,Sheet1,502,7d8c2d73afd067ef034e50c96477ca43,Water Adsorption Isotherms,9,25,0.342632653061225,3.16923469387755
storage.zip,raw_data\phase1_biscuit\achira_storage\storage.zip,achira_storage,Water Adsorption Isotherms_Achira biscuits.xlsx,Sheet1,503,d2bff4acaf47ba0887b20530b32b10d7,Water Adsorption Isotherms,9,25,0.357081632653061,3.27475218658892
storage.zip,raw_data\phase1_biscuit\achira_storage\storage.zip,achira_storage,Water Adsorption Isotherms_Achira biscuits.xlsx,Sheet1,504,c4c992dbe13c5a0fe031c2a088595c2a,Water Adsorption Isotherms,9,25,0.371530612244898,3.4161038961039
storage.zip,raw_data\phase1_biscuit\achira_storage\storage.zip,achira_storage,Water Adsorption Isotherms_Achira biscuits.xlsx,Sheet1,505,0922a2d82b990562c48c57dc7f2d32c0,Water Adsorption Isotherms,9,25,0.385979591836735,3.55988095238095
storage.zip,raw_data\phase1_biscuit\achira_storage\storage.zip,achira_storage,Water Adsorption Isotherms_Achira biscuits.xlsx,Sheet1,506,9ff97e32199e56eb77a9a7c0c46a3aac,Water Adsorption Isotherms,9,25,0.400428571428571,3.61428571428571
storage.zip,raw_data\phase1_biscuit\achira_storage\storage.zip,achira_storage,Water Adsorption Isotherms_Achira biscuits.xlsx,Sheet1,507,45a8308877c702d0dde698dd4877ca6a,Water Adsorption Isotherms,9,25,0.414877551020408,3.81438775510204
storage.zip,raw_data\phase1_biscuit\achira_storage\storage.zip,achira_storage,Water Adsorption Isotherms_Achira biscuits.xlsx,Sheet1,508,a09f850dc9727d7eac259389a376a23e,Water Adsorption Isotherms,9,25,0.429326530612245,3.82698412698413
storage.zip,raw_data\phase1_biscuit\achira_storage\storage.zip,achira_storage,Water Adsorption Isotherms_Achira biscuits.xlsx,Sheet1,509,abd8e92098c8b3199b8ecc347f65cbb5,Water Adsorption Isotherms,9,25,0.443775510204082,4.01775510204082
storage.zip,raw_data\phase1_biscuit\achira_storage\storage.zip,achira_storage,Water Adsorption Isotherms_Achira biscuits.xlsx,Sheet1,510,530c8b3b572c2ba7002562baf2c76109,Water Adsorption Isotherms,9,25,0.458224489795918,4.15368916797488
storage.zip,raw_data\phase1_biscuit\achira_storage\storage.zip,achira_storage,Water Adsorption Isotherms_Achira biscuits.xlsx,Sheet1,511,7e92d6001abf5dcc4e3f376b566f9505,Water Adsorption Isotherms,9,25,0.472673469387755,4.21231292517007
storage.zip,raw_data\phase1_biscuit\achira_storage\storage.zip,achira_storage,Water Adsorption Isotherms_Achira biscuits.xlsx,Sheet1,512,6fb797bd63d2552d101300f621f2ac3d,Water Adsorption Isotherms,9,25,0.487122448979592,4.38341836734694
storage.zip,raw_data\phase1_biscuit\achira_storage\storage.zip,achira_storage,Water Adsorption Isotherms_Achira biscuits.xlsx,Sheet1,513,c4aac92dce058908b852c08776e6fb5a,Water Adsorption Isotherms,9,25,0.501571428571429,4.48428571428572
storage.zip,raw_data\phase1_biscuit\achira_storage\storage.zip,achira_storage,Water Adsorption Isotherms_Achira biscuits.xlsx,Sheet1,514,5a9d2c94f9afa91c20161b46d042a102,Water Adsorption Isotherms,9,25,0.516020408163265,4.57380333951762
storage.zip,raw_data\phase1_biscuit\achira_storage\storage.zip,achira_storage,Water Adsorption Isotherms_Achira biscuits.xlsx,Sheet1,515,f591c8bec355bd587c8c06ff133a0368,Water Adsorption Isotherms,9,25,0.530469387755102,4.72292517006803
storage.zip,raw_data\phase1_biscuit\achira_storage\storage.zip,achira_storage,Water Adsorption Isotherms_Achira biscuits.xlsx,Sheet1,516,d7c293a6a92602e1da336184a9afda4f,Water Adsorption Isotherms,9,25,0.544918367346939,4.89918367346939
storage.zip,raw_data\phase1_biscuit\achira_storage\storage.zip,achira_storage,Water Adsorption Isotherms_Achira biscuits.xlsx,Sheet1,517,40f5923d1db42d6d0027539be3f4c1ea,Water Adsorption Isotherms,9,25,0.559367346938776,4.95096209912536
storage.zip,raw_data\phase1_biscuit\achira_storage\storage.zip,achira_storage,Water Adsorption Isotherms_Achira biscuits.xlsx,Sheet1,518,b00e100f2b0a57b893474f2f5b287241,Water Adsorption Isotherms,9,25,0.573816326530612,5.12784256559767
storage.zip,raw_data\phase1_biscuit\achira_storage\storage.zip,achira_storage,Water Adsorption Isotherms_Achira biscuits.xlsx,Sheet1,519,7f9a3b52f0523a324bee584eed865629,Water Adsorption Isotherms,9,25,0.588265306122449,5.34397959183674
storage.zip,raw_data\phase1_biscuit\achira_storage\storage.zip,achira_storage,Water Adsorption Isotherms_Achira biscuits.xlsx,Sheet1,520,0ad9fd6b591202d9e65a955d690fda2c,Water Adsorption Isotherms,9,25,0.602714285714286,5.40387755102041
storage.zip,raw_data\phase1_biscuit\achira_storage\storage.zip,achira_storage,Water Adsorption Isotherms_Achira biscuits.xlsx,Sheet1,521,b2a10a3cb9f943d993ad1917c2b2430c,Water Adsorption Isotherms,9,25,0.617163265306123,5.69326530612245
storage.zip,raw_data\phase1_biscuit\achira_storage\storage.zip,achira_storage,Water Adsorption Isotherms_Achira biscuits.xlsx,Sheet1,522,02b0cc4e17610589ac252d3097865745,Water Adsorption Isotherms,9,25,0.631612244897959,5.72235827664399
storage.zip,raw_data\phase1_biscuit\achira_storage\storage.zip,achira_storage,Water Adsorption Isotherms_Achira biscuits.xlsx,Sheet1,523,778ddc99994974ffb709526efd7c832e,Water Adsorption Isotherms,9,25,0.646061224489796,5.98122448979592
storage.zip,raw_data\phase1_biscuit\achira_storage\storage.zip,achira_storage,Water Adsorption Isotherms_Achira biscuits.xlsx,Sheet1,524,9a7b5de69a62207d3efad9d00d5ea3e2,Water Adsorption Isotherms,9,25,0.660510204081633,6.11588921282799
storage.zip,raw_data\phase1_biscuit\achira_storage\storage.zip,achira_storage,Water Adsorption Isotherms_Achira biscuits.xlsx,Sheet1,525,9af597b4483cbb6de213812a0e4a2b66,Water Adsorption Isotherms,9,25,0.674959183673469,6.37408163265306
storage.zip,raw_data\phase1_biscuit\achira_storage\storage.zip,achira_storage,Water Adsorption Isotherms_Achira biscuits.xlsx,Sheet1,526,04272cfcbde8568eb2abd5bad54f11f2,Water Adsorption Isotherms,9,25,0.689408163265306,6.51288265306123
storage.zip,raw_data\phase1_biscuit\achira_storage\storage.zip,achira_storage,Water Adsorption Isotherms_Achira biscuits.xlsx,Sheet1,527,c0ff3143f499c463c6396a222c838214,Water Adsorption Isotherms,9,25,0.703857142857143,6.975
storage.zip,raw_data\phase1_biscuit\achira_storage\storage.zip,achira_storage,Water Adsorption Isotherms_Achira biscuits.xlsx,Sheet1,528,168fdb5b0c4bdf8e57e43d4269bf05a7,Water Adsorption Isotherms,9,25,0.71830612244898,7.40229024943311
storage.zip,raw_data\phase1_biscuit\achira_storage\storage.zip,achira_storage,Water Adsorption Isotherms_Achira biscuits.xlsx,Sheet1,529,f5b6ae0c68aca6deaeb0958520b3a158,Water Adsorption Isotherms,9,25,0.732755102040816,7.42760932944607
storage.zip,raw_data\phase1_biscuit\achira_storage\storage.zip,achira_storage,Water Adsorption Isotherms_Achira biscuits.xlsx,Sheet1,530,35b5acfe9af673c1384674d677eede10,Water Adsorption Isotherms,9,25,0.747204081632653,8.0108843537415
storage.zip,raw_data\phase1_biscuit\achira_storage\storage.zip,achira_storage,Water Adsorption Isotherms_Achira biscuits.xlsx,Sheet1,531,8312309a899c73d76c1d6738f6e400fd,Water Adsorption Isotherms,9,25,0.76165306122449,8.3441056422569
storage.zip,raw_data\phase1_biscuit\achira_storage\storage.zip,achira_storage,Water Adsorption Isotherms_Achira biscuits.xlsx,Sheet1,532,a4e6d478ab1b490ec03930c652f9ad68,Water Adsorption Isotherms,9,25,0.776102040816327,8.6134693877551
storage.zip,raw_data\phase1_biscuit\achira_storage\storage.zip,achira_storage,Water Adsorption Isotherms_Achira biscuits.xlsx,Sheet1,533,f604b57ea6077ce483883242dd5aa826,Water Adsorption Isotherms,9,25,0.790551020408163,9.07254149659864
storage.zip,raw_data\phase1_biscuit\achira_storage\storage.zip,achira_storage,Water Adsorption Isotherms_Achira biscuits.xlsx,Sheet1,534,3bc81d7597dee90489e27ca0a07bfb6c,Water Adsorption Isotherms,9,25,0.805,9.23
storage.zip,raw_data\phase1_biscuit\achira_storage\storage.zip,achira_storage,Water Adsorption Isotherms_Achira biscuits.xlsx,Sheet1,535,cc4e90ce8f2c3b8abb4238e512d6eadd,Water Adsorption Isotherms,1,35,0.1003,1.7000000000000002
storage.zip,raw_data\phase1_biscuit\achira_storage\storage.zip,achira_storage,Water Adsorption Isotherms_Achira biscuits.xlsx,Sheet1,536,d14a350e0469b8bf0144904aaa0607ea,Water Adsorption Isotherms,1,35,0.1203,1.62
storage.zip,raw_data\phase1_biscuit\achira_storage\storage.zip,achira_storage,Water Adsorption Isotherms_Achira biscuits.xlsx,Sheet1,537,d5ae66b36cebe194e340865171f6a430,Water Adsorption Isotherms,1,35,0.1389,1.6400000000000001
storage.zip,raw_data\phase1_biscuit\achira_storage\storage.zip,achira_storage,Water Adsorption Isotherms_Achira biscuits.xlsx,Sheet1,538,8a55245ab5551d1c33d067d5647658c3,Water Adsorption Isotherms,1,35,0.1486,1.69
storage.zip,raw_data\phase1_biscuit\achira_storage\storage.zip,achira_storage,Water Adsorption Isotherms_Achira biscuits.xlsx,Sheet1,539,d1632bf0ec578d89a6369934329ee4fe,Water Adsorption Isotherms,1,35,0.1572,1.7200000000000002
storage.zip,raw_data\phase1_biscuit\achira_storage\storage.zip,achira_storage,Water Adsorption Isotherms_Achira biscuits.xlsx,Sheet1,540,f5b7314dc2681bd4901211be42880827,Water Adsorption Isotherms,1,35,0.1636,1.75
storage.zip,raw_data\phase1_biscuit\achira_storage\storage.zip,achira_storage,Water Adsorption Isotherms_Achira biscuits.xlsx,Sheet1,541,7f18122aaf70bc660b0cd3ae0d79a6c9,Water Adsorption Isotherms,1,35,0.1699,1.79
storage.zip,raw_data\phase1_biscuit\achira_storage\storage.zip,achira_storage,Water Adsorption Isotherms_Achira biscuits.xlsx,Sheet1,542,e83733a8ef03479747bbb8de25b21067,Water Adsorption Isotherms,1,35,0.1775,1.77
storage.zip,raw_data\phase1_biscuit\achira_storage\storage.zip,achira_storage,Water Adsorption Isotherms_Achira biscuits.xlsx,Sheet1,543,9a5dabb989e9ee291356a92e10e37f96,Water Adsorption Isotherms,1,35,0.185,1.8200000000000003
storage.zip,raw_data\phase1_biscuit\achira_storage\storage.zip,achira_storage,Water Adsorption Isotherms_Achira biscuits.xlsx,Sheet1,544,8b3c05e86ae1b38bf9744548c951c73e,Water Adsorption Isotherms,1,35,0.1925,1.87
storage.zip,raw_data\phase1_biscuit\achira_storage\storage.zip,achira_storage,Water Adsorption Isotherms_Achira biscuits.xlsx,Sheet1,545,63d07ec2771b5253216966dcf591d093,Water Adsorption Isotherms,1,35,0.203,1.9
storage.zip,raw_data\phase1_biscuit\achira_storage\storage.zip,achira_storage,Water Adsorption Isotherms_Achira biscuits.xlsx,Sheet1,546,8476c9a6bae5f852b91b70742737972e,Water Adsorption Isotherms,1,35,0.2148,1.9500000000000002
storage.zip,raw_data\phase1_biscuit\achira_storage\storage.zip,achira_storage,Water Adsorption Isotherms_Achira biscuits.xlsx,Sheet1,547,942577951f92624bb716c3c4eabfac21,Water Adsorption Isotherms,1,35,0.2191,2.0
storage.zip,raw_data\phase1_biscuit\achira_storage\storage.zip,achira_storage,Water Adsorption Isotherms_Achira biscuits.xlsx,Sheet1,548,5aa6cc62304358eec2555ee58832e5cc,Water Adsorption Isotherms,1,35,0.2317,2.0700000000000003
storage.zip,raw_data\phase1_biscuit\achira_storage\storage.zip,achira_storage,Water Adsorption Isotherms_Achira biscuits.xlsx,Sheet1,549,a14d7bc86c91062be80636e44b0cbb8f,Water Adsorption Isotherms,1,35,0.2393,2.1
storage.zip,raw_data\phase1_biscuit\achira_storage\storage.zip,achira_storage,Water Adsorption Isotherms_Achira biscuits.xlsx,Sheet1,550,06b90e58d79dbbdb03e354d6ff54a0c1,Water Adsorption Isotherms,1,35,0.247,2.16
storage.zip,raw_data\phase1_biscuit\achira_storage\storage.zip,achira_storage,Water Adsorption Isotherms_Achira biscuits.xlsx,Sheet1,551,45600d9dacd6aa6a80853b7870725663,Water Adsorption Isotherms,1,35,0.2575,2.22
storage.zip,raw_data\phase1_biscuit\achira_storage\storage.zip,achira_storage,Water Adsorption Isotherms_Achira biscuits.xlsx,Sheet1,552,5b23f97aad50cede4531f306ff64133e,Water Adsorption Isotherms,1,35,0.268,2.29
storage.zip,raw_data\phase1_biscuit\achira_storage\storage.zip,achira_storage,Water Adsorption Isotherms_Achira biscuits.xlsx,Sheet1,553,87d9ec2e8c8314ae039bd55f4a98a0d2,Water Adsorption Isotherms,1,35,0.2776,2.35
storage.zip,raw_data\phase1_biscuit\achira_storage\storage.zip,achira_storage,Water Adsorption Isotherms_Achira biscuits.xlsx,Sheet1,554,b4b694a8d7a2aac9912da94a17b9fbba,Water Adsorption Isotherms,1,35,0.2844,2.41
storage.zip,raw_data\phase1_biscuit\achira_storage\storage.zip,achira_storage,Water Adsorption Isotherms_Achira biscuits.xlsx,Sheet1,555,8b35651fccceff2999cff1b4b86a5962,Water Adsorption Isotherms,1,35,0.2948,2.47
storage.zip,raw_data\phase1_biscuit\achira_storage\storage.zip,achira_storage,Water Adsorption Isotherms_Achira biscuits.xlsx,Sheet1,556,8d239ebe739d29b551ab07bb4b32d98f,Water Adsorption Isotherms,1,35,0.3064,2.54
storage.zip,raw_data\phase1_biscuit\achira_storage\storage.zip,achira_storage,Water Adsorption Isotherms_Achira biscuits.xlsx,Sheet1,557,56a57743aa2f2e23ccac06148a6409be,Water Adsorption Isotherms,1,35,0.3095,2.61
storage.zip,raw_data\phase1_biscuit\achira_storage\storage.zip,achira_storage,Water Adsorption Isotherms_Achira biscuits.xlsx,Sheet1,558,a73a063917e5e038412cd728fe396ebe,Water Adsorption Isotherms,1,35,0.3268,2.68
storage.zip,raw_data\phase1_biscuit\achira_storage\storage.zip,achira_storage,Water Adsorption Isotherms_Achira biscuits.xlsx,Sheet1,559,5260d1bb3253292319a6d65ce492017b,Water Adsorption Isotherms,1,35,0.3296,2.75
storage.zip,raw_data\phase1_biscuit\achira_storage\storage.zip,achira_storage,Water Adsorption Isotherms_Achira biscuits.xlsx,Sheet1,560,b79c5785e902f37be04068a6d9bca311,Water Adsorption Isotherms,1,35,0.3414,2.8200000000000003
storage.zip,raw_data\phase1_biscuit\achira_storage\storage.zip,achira_storage,Water Adsorption Isotherms_Achira biscuits.xlsx,Sheet1,561,99c457207630ab114f38059e2cb1fac5,Water Adsorption Isotherms,1,35,0.3516,2.9
storage.zip,raw_data\phase1_biscuit\achira_storage\storage.zip,achira_storage,Water Adsorption Isotherms_Achira biscuits.xlsx,Sheet1,562,32cff9f0ce9fba5167d9ba2391a6708c,Water Adsorption Isotherms,1,35,0.3622,2.95
storage.zip,raw_data\phase1_biscuit\achira_storage\storage.zip,achira_storage,Water Adsorption Isotherms_Achira biscuits.xlsx,Sheet1,563,d6e485762b609bbf49df0d3884ca5b8d,Water Adsorption Isotherms,1,35,0.3709,3.04
storage.zip,raw_data\phase1_biscuit\achira_storage\storage.zip,achira_storage,Water Adsorption Isotherms_Achira biscuits.xlsx,Sheet1,564,d1138ef92948bd07cb32a255ecf79789,Water Adsorption Isotherms,1,35,0.3777,3.11
storage.zip,raw_data\phase1_biscuit\achira_storage\storage.zip,achira_storage,Water Adsorption Isotherms_Achira biscuits.xlsx,Sheet1,565,206545c13e048864a433b0bc93346630,Water Adsorption Isotherms,1,35,0.3901,3.19
storage.zip,raw_data\phase1_biscuit\achira_storage\storage.zip,achira_storage,Water Adsorption Isotherms_Achira biscuits.xlsx,Sheet1,566,091a542599320600725101085b9b2a84,Water Adsorption Isotherms,1,35,0.3953,3.2600000000000002
storage.zip,raw_data\phase1_biscuit\achira_storage\storage.zip,achira_storage,Water Adsorption Isotherms_Achira biscuits.xlsx,Sheet1,567,b6c65beb795ac160d86316125d79da4e,Water Adsorption Isotherms,1,35,0.4101,3.33
storage.zip,raw_data\phase1_biscuit\achira_storage\storage.zip,achira_storage,Water Adsorption Isotherms_Achira biscuits.xlsx,Sheet1,568,0f9727ab71ae81a7dda87e005c4b9d4f,Water Adsorption Isotherms,1,35,0.4179,3.41
storage.zip,raw_data\phase1_biscuit\achira_storage\storage.zip,achira_storage,Water Adsorption Isotherms_Achira biscuits.xlsx,Sheet1,569,b9103bf251a1674662cd69bcebac574c,Water Adsorption Isotherms,1,35,0.4239,3.5
storage.zip,raw_data\phase1_biscuit\achira_storage\storage.zip,achira_storage,Water Adsorption Isotherms_Achira biscuits.xlsx,Sheet1,570,d0eaf5759c655f63c8f2eba0e891fa2a,Water Adsorption Isotherms,1,35,0.4394,3.58
storage.zip,raw_data\phase1_biscuit\achira_storage\storage.zip,achira_storage,Water Adsorption Isotherms_Achira biscuits.xlsx,Sheet1,571,3a045027d83451644a7f820f89de178d,Water Adsorption Isotherms,1,35,0.4438,3.65
storage.zip,raw_data\phase1_biscuit\achira_storage\storage.zip,achira_storage,Water Adsorption Isotherms_Achira biscuits.xlsx,Sheet1,572,04c1128548575165ca0e189bfc690be7,Water Adsorption Isotherms,1,35,0.454,3.7399999999999998
storage.zip,raw_data\phase1_biscuit\achira_storage\storage.zip,achira_storage,Water Adsorption Isotherms_Achira biscuits.xlsx,Sheet1,573,7df4ddecb94deadfb8746df5506c1ba7,Water Adsorption Isotherms,1,35,0.4632,3.7900000000000005
storage.zip,raw_data\phase1_biscuit\achira_storage\storage.zip,achira_storage,Water Adsorption Isotherms_Achira biscuits.xlsx,Sheet1,574,5e598417043c0e411e6b187ed1464737,Water Adsorption Isotherms,1,35,0.4755,3.8800000000000003
storage.zip,raw_data\phase1_biscuit\achira_storage\storage.zip,achira_storage,Water Adsorption Isotherms_Achira biscuits.xlsx,Sheet1,575,8e3933482b4d0879b252e304e8d8d82e,Water Adsorption Isotherms,1,35,0.4827,3.93
storage.zip,raw_data\phase1_biscuit\achira_storage\storage.zip,achira_storage,Water Adsorption Isotherms_Achira biscuits.xlsx,Sheet1,576,acb52a9fa9b8cc830321a30f50a4207a,Water Adsorption Isotherms,1,35,0.4918,4.0
storage.zip,raw_data\phase1_biscuit\achira_storage\storage.zip,achira_storage,Water Adsorption Isotherms_Achira biscuits.xlsx,Sheet1,577,2bda83ff6a61c393a924dfea7b5f651f,Water Adsorption Isotherms,1,35,0.5047,4.109999999999999
storage.zip,raw_data\phase1_biscuit\achira_storage\storage.zip,achira_storage,Water Adsorption Isotherms_Achira biscuits.xlsx,Sheet1,578,be6881f20ba2d5e4f7bf0b9213d0b80a,Water Adsorption Isotherms,1,35,0.5071,4.22
storage.zip,raw_data\phase1_biscuit\achira_storage\storage.zip,achira_storage,Water Adsorption Isotherms_Achira biscuits.xlsx,Sheet1,579,e31bdfaacf4a0649b8b01c221d78abf9,Water Adsorption Isotherms,1,35,0.5227,4.3
storage.zip,raw_data\phase1_biscuit\achira_storage\storage.zip,achira_storage,Water Adsorption Isotherms_Achira biscuits.xlsx,Sheet1,580,27253ed0956047ac8569d6c052314940,Water Adsorption Isotherms,1,35,0.5308,4.38
storage.zip,raw_data\phase1_biscuit\achira_storage\storage.zip,achira_storage,Water Adsorption Isotherms_Achira biscuits.xlsx,Sheet1,581,ed988bccee5fb7c1739c6cf58a5e84e4,Water Adsorption Isotherms,1,35,0.5376,4.47
storage.zip,raw_data\phase1_biscuit\achira_storage\storage.zip,achira_storage,Water Adsorption Isotherms_Achira biscuits.xlsx,Sheet1,582,1765c75e52966f6fed852ab89cd376ba,Water Adsorption Isotherms,1,35,0.5498,4.569999999999999
storage.zip,raw_data\phase1_biscuit\achira_storage\storage.zip,achira_storage,Water Adsorption Isotherms_Achira biscuits.xlsx,Sheet1,583,4de1e23eae1f492129de4721bed07be9,Water Adsorption Isotherms,1,35,0.5589,4.67
storage.zip,raw_data\phase1_biscuit\achira_storage\storage.zip,achira_storage,Water Adsorption Isotherms_Achira biscuits.xlsx,Sheet1,584,12907f46354a6913d17f70c6eafe315d,Water Adsorption Isotherms,1,35,0.5672,4.76
storage.zip,raw_data\phase1_biscuit\achira_storage\storage.zip,achira_storage,Water Adsorption Isotherms_Achira biscuits.xlsx,Sheet1,585,bb0da2dc32eef8dcc2ee2568f3f4e7e4,Water Adsorption Isotherms,1,35,0.5746,4.85
storage.zip,raw_data\phase1_biscuit\achira_storage\storage.zip,achira_storage,Water Adsorption Isotherms_Achira biscuits.xlsx,Sheet1,586,d1a5c1099709757c21827bc90aee2910,Water Adsorption Isotherms,1,35,0.5889,4.96
storage.zip,raw_data\phase1_biscuit\achira_storage\storage.zip,achira_storage,Water Adsorption Isotherms_Achira biscuits.xlsx,Sheet1,587,51d1e00197bd6b2a47c7eeb4f80acfab,Water Adsorption Isotherms,1,35,0.5973,5.05
storage.zip,raw_data\phase1_biscuit\achira_storage\storage.zip,achira_storage,Water Adsorption Isotherms_Achira biscuits.xlsx,Sheet1,588,bfbe5874a90041fd41ecca688cf66da7,Water Adsorption Isotherms,1,35,0.603,5.14
storage.zip,raw_data\phase1_biscuit\achira_storage\storage.zip,achira_storage,Water Adsorption Isotherms_Achira biscuits.xlsx,Sheet1,589,922ee1a24516b2dfa5b4161b79709e37,Water Adsorption Isotherms,1,35,0.6121,5.2299999999999995
storage.zip,raw_data\phase1_biscuit\achira_storage\storage.zip,achira_storage,Water Adsorption Isotherms_Achira biscuits.xlsx,Sheet1,590,278ad084a874550e33802836a76dc99f,Water Adsorption Isotherms,1,35,0.6263,5.34
storage.zip,raw_data\phase1_biscuit\achira_storage\storage.zip,achira_storage,Water Adsorption Isotherms_Achira biscuits.xlsx,Sheet1,591,5ada30ffef62fef0caaa96df483c4fe2,Water Adsorption Isotherms,1,35,0.633,5.43
storage.zip,raw_data\phase1_biscuit\achira_storage\storage.zip,achira_storage,Water Adsorption Isotherms_Achira biscuits.xlsx,Sheet1,592,db7455c7a99a46ff6e38fd373b753bcf,Water Adsorption Isotherms,1,35,0.6417,5.569999999999999
storage.zip,raw_data\phase1_biscuit\achira_storage\storage.zip,achira_storage,Water Adsorption Isotherms_Achira biscuits.xlsx,Sheet1,593,a67c88326fd46063f9f2056ae89ad334,Water Adsorption Isotherms,1,35,0.6505,5.6899999999999995
storage.zip,raw_data\phase1_biscuit\achira_storage\storage.zip,achira_storage,Water Adsorption Isotherms_Achira biscuits.xlsx,Sheet1,594,e8c3b9d37cc6c1e591ce20ad8f22732d,Water Adsorption Isotherms,1,35,0.6621,5.81
storage.zip,raw_data\phase1_biscuit\achira_storage\storage.zip,achira_storage,Water Adsorption Isotherms_Achira biscuits.xlsx,Sheet1,595,bcde6cf0aca41dcb221fb53b319b6323,Water Adsorption Isotherms,1,35,0.6715,5.9399999999999995
storage.zip,raw_data\phase1_biscuit\achira_storage\storage.zip,achira_storage,Water Adsorption Isotherms_Achira biscuits.xlsx,Sheet1,596,e7cf5363f11b41d1ca367d4fcf0a516c,Water Adsorption Isotherms,1,35,0.6816,6.029999999999999
storage.zip,raw_data\phase1_biscuit\achira_storage\storage.zip,achira_storage,Water Adsorption Isotherms_Achira biscuits.xlsx,Sheet1,597,3e94cbcd5a7e340f8462af4115469726,Water Adsorption Isotherms,1,35,0.6874,6.14
storage.zip,raw_data\phase1_biscuit\achira_storage\storage.zip,achira_storage,Water Adsorption Isotherms_Achira biscuits.xlsx,Sheet1,598,792399f603a43d91d527f9d955e16b0c,Water Adsorption Isotherms,1,35,0.6953,6.27
storage.zip,raw_data\phase1_biscuit\achira_storage\storage.zip,achira_storage,Water Adsorption Isotherms_Achira biscuits.xlsx,Sheet1,599,f1dafb1ad2ad2aec700056d50ae95138,Water Adsorption Isotherms,1,35,0.7071,6.3999999999999995
storage.zip,raw_data\phase1_biscuit\achira_storage\storage.zip,achira_storage,Water Adsorption Isotherms_Achira biscuits.xlsx,Sheet1,600,f07c61fa4a9a906541c7ced2ffc4262d,Water Adsorption Isotherms,1,35,0.7197,6.55
storage.zip,raw_data\phase1_biscuit\achira_storage\storage.zip,achira_storage,Water Adsorption Isotherms_Achira biscuits.xlsx,Sheet1,601,b68274aa5dd2d6ef78ab4b5985c53ab1,Water Adsorption Isotherms,1,35,0.7245,6.68
storage.zip,raw_data\phase1_biscuit\achira_storage\storage.zip,achira_storage,Water Adsorption Isotherms_Achira biscuits.xlsx,Sheet1,602,ccd2deb658e97ddfe062e0ee99a10dbc,Water Adsorption Isotherms,1,35,0.7316,6.83
storage.zip,raw_data\phase1_biscuit\achira_storage\storage.zip,achira_storage,Water Adsorption Isotherms_Achira biscuits.xlsx,Sheet1,603,592f000f7682d9aaaf65be3bbd2c9cd8,Water Adsorption Isotherms,1,35,0.7457,7.0
storage.zip,raw_data\phase1_biscuit\achira_storage\storage.zip,achira_storage,Water Adsorption Isotherms_Achira biscuits.xlsx,Sheet1,604,07404f022e509b2eb9c4f9dc4f24d1b3,Water Adsorption Isotherms,1,35,0.7531,7.159999999999999
storage.zip,raw_data\phase1_biscuit\achira_storage\storage.zip,achira_storage,Water Adsorption Isotherms_Achira biscuits.xlsx,Sheet1,605,cb6133b70a5a47bc593f9da225fe28e7,Water Adsorption Isotherms,1,35,0.7598,7.319999999999999
storage.zip,raw_data\phase1_biscuit\achira_storage\storage.zip,achira_storage,Water Adsorption Isotherms_Achira biscuits.xlsx,Sheet1,606,83cf93f34fa1bf4460c8f71228466ea7,Water Adsorption Isotherms,1,35,0.7714,7.4799999999999995
storage.zip,raw_data\phase1_biscuit\achira_storage\storage.zip,achira_storage,Water Adsorption Isotherms_Achira biscuits.xlsx,Sheet1,607,3aab6716fe9dc823fb1758d163162922,Water Adsorption Isotherms,1,35,0.7778,7.65
storage.zip,raw_data\phase1_biscuit\achira_storage\storage.zip,achira_storage,Water Adsorption Isotherms_Achira biscuits.xlsx,Sheet1,608,0124fb913e0740fc7a1e82bfb68fc803,Water Adsorption Isotherms,1,35,0.7862,7.84
storage.zip,raw_data\phase1_biscuit\achira_storage\storage.zip,achira_storage,Water Adsorption Isotherms_Achira biscuits.xlsx,Sheet1,609,bbe133a49c41e98e3fe740ed7523abca,Water Adsorption Isotherms,1,35,0.7944,8.04
storage.zip,raw_data\phase1_biscuit\achira_storage\storage.zip,achira_storage,Water Adsorption Isotherms_Achira biscuits.xlsx,Sheet1,610,c7c4c6c3c24b1af560634c6e02a4c417,Water Adsorption Isotherms,1,35,0.8021,8.25
storage.zip,raw_data\phase1_biscuit\achira_storage\storage.zip,achira_storage,Water Adsorption Isotherms_Achira biscuits.xlsx,Sheet1,611,10213319765cb8bb43847e21840b68d9,Water Adsorption Isotherms,2,35,0.0992,1.71
storage.zip,raw_data\phase1_biscuit\achira_storage\storage.zip,achira_storage,Water Adsorption Isotherms_Achira biscuits.xlsx,Sheet1,612,1b9759eeb4d271003751f3ee893f7967,Water Adsorption Isotherms,2,35,0.116,1.5799999999999998
storage.zip,raw_data\phase1_biscuit\achira_storage\storage.zip,achira_storage,Water Adsorption Isotherms_Achira biscuits.xlsx,Sheet1,613,8c5fa5e22be40d9b3d747acc56890aa4,Water Adsorption Isotherms,2,35,0.1323,1.6199999999999999
storage.zip,raw_data\phase1_biscuit\achira_storage\storage.zip,achira_storage,Water Adsorption Isotherms_Achira biscuits.xlsx,Sheet1,614,7f0b01d3fb75a4d3ebf09434aede4773,Water Adsorption Isotherms,2,35,0.1432,1.66
storage.zip,raw_data\phase1_biscuit\achira_storage\storage.zip,achira_storage,Water Adsorption Isotherms_Achira biscuits.xlsx,Sheet1,615,e4501027e6104b7d8d0016867cf65354,Water Adsorption Isotherms,2,35,0.1497,1.69
storage.zip,raw_data\phase1_biscuit\achira_storage\storage.zip,achira_storage,Water Adsorption Isotherms_Achira biscuits.xlsx,Sheet1,616,4f6ae7fc2895db39290b9bda25153b02,Water Adsorption Isotherms,2,35,0.1571,1.73
storage.zip,raw_data\phase1_biscuit\achira_storage\storage.zip,achira_storage,Water Adsorption Isotherms_Achira biscuits.xlsx,Sheet1,617,2e63e5dd79ee93e9a96bff2b702cda42,Water Adsorption Isotherms,2,35,0.1634,1.75
storage.zip,raw_data\phase1_biscuit\achira_storage\storage.zip,achira_storage,Water Adsorption Isotherms_Achira biscuits.xlsx,Sheet1,618,ba18375bdf1fb0ca4a46cebc4425a4fe,Water Adsorption Isotherms,2,35,0.1727,1.79
storage.zip,raw_data\phase1_biscuit\achira_storage\storage.zip,achira_storage,Water Adsorption Isotherms_Achira biscuits.xlsx,Sheet1,619,5df249d6ce79851edd27e72a7cc5cb2d,Water Adsorption Isotherms,2,35,0.1803,1.79
storage.zip,raw_data\phase1_biscuit\achira_storage\storage.zip,achira_storage,Water Adsorption Isotherms_Achira biscuits.xlsx,Sheet1,620,66b852f4bf7f68f77befae7963845465,Water Adsorption Isotherms,2,35,0.1875,1.8399999999999999
storage.zip,raw_data\phase1_biscuit\achira_storage\storage.zip,achira_storage,Water Adsorption Isotherms_Achira biscuits.xlsx,Sheet1,621,aa0894a99a7c4af69be3cb42a165789e,Water Adsorption Isotherms,2,35,0.1971,1.8900000000000001
storage.zip,raw_data\phase1_biscuit\achira_storage\storage.zip,achira_storage,Water Adsorption Isotherms_Achira biscuits.xlsx,Sheet1,622,b25864a8e9a61c9569897276ecd3aaf9,Water Adsorption Isotherms,2,35,0.2064,1.9299999999999997
storage.zip,raw_data\phase1_biscuit\achira_storage\storage.zip,achira_storage,Water Adsorption Isotherms_Achira biscuits.xlsx,Sheet1,623,765c1b9291bd28551b7dcd41fb9f955e,Water Adsorption Isotherms,2,35,0.2154,1.98
storage.zip,raw_data\phase1_biscuit\achira_storage\storage.zip,achira_storage,Water Adsorption Isotherms_Achira biscuits.xlsx,Sheet1,624,fa218913ead3492fda73fa4f55cbcc09,Water Adsorption Isotherms,2,35,0.2241,2.03
storage.zip,raw_data\phase1_biscuit\achira_storage\storage.zip,achira_storage,Water Adsorption Isotherms_Achira biscuits.xlsx,Sheet1,625,f228191f7476bde6cdf1d87701d5b8fc,Water Adsorption Isotherms,2,35,0.2337,2.08
storage.zip,raw_data\phase1_biscuit\achira_storage\storage.zip,achira_storage,Water Adsorption Isotherms_Achira biscuits.xlsx,Sheet1,626,67c01d51d152c7a6721e5781b792c207,Water Adsorption Isotherms,2,35,0.2399,2.14
storage.zip,raw_data\phase1_biscuit\achira_storage\storage.zip,achira_storage,Water Adsorption Isotherms_Achira biscuits.xlsx,Sheet1,627,0647e63fdcfc108b6860e2453d0b43ff,Water Adsorption Isotherms,2,35,0.2519,2.19
storage.zip,raw_data\phase1_biscuit\achira_storage\storage.zip,achira_storage,Water Adsorption Isotherms_Achira biscuits.xlsx,Sheet1,628,8a3e13ea029b3e904470c68b091a7104,Water Adsorption Isotherms,2,35,0.2617,2.2399999999999998
storage.zip,raw_data\phase1_biscuit\achira_storage\storage.zip,achira_storage,Water Adsorption Isotherms_Achira biscuits.xlsx,Sheet1,629,6c4a8a10765ec75f7fab61ee5eeeba8d,Water Adsorption Isotherms,2,35,0.2676,2.31
storage.zip,raw_data\phase1_biscuit\achira_storage\storage.zip,achira_storage,Water Adsorption Isotherms_Achira biscuits.xlsx,Sheet1,630,28ad04f5550b8e7d9f19c8dcfa553bac,Water Adsorption Isotherms,2,35,0.2809,2.38
storage.zip,raw_data\phase1_biscuit\achira_storage\storage.zip,achira_storage,Water Adsorption Isotherms_Achira biscuits.xlsx,Sheet1,631,0b31de300268dbb8171d9f41277dfab8,Water Adsorption Isotherms,2,35,0.2863,2.46
storage.zip,raw_data\phase1_biscuit\achira_storage\storage.zip,achira_storage,Water Adsorption Isotherms_Achira biscuits.xlsx,Sheet1,632,2d6e94d23d1ae12986a50b76abe13f4d,Water Adsorption Isotherms,2,35,0.2975,2.53
storage.zip,raw_data\phase1_biscuit\achira_storage\storage.zip,achira_storage,Water Adsorption Isotherms_Achira biscuits.xlsx,Sheet1,633,94cbaa30caece685e2628c05e9aeb71e,Water Adsorption Isotherms,2,35,0.3071,2.6
storage.zip,raw_data\phase1_biscuit\achira_storage\storage.zip,achira_storage,Water Adsorption Isotherms_Achira biscuits.xlsx,Sheet1,634,ff0a118a7cd5ec22403a2395c6b1a965,Water Adsorption Isotherms,2,35,0.3182,2.67
storage.zip,raw_data\phase1_biscuit\achira_storage\storage.zip,achira_storage,Water Adsorption Isotherms_Achira biscuits.xlsx,Sheet1,635,71b9b11a23e6c3a1906c6a4f743b362e,Water Adsorption Isotherms,2,35,0.3251,2.7399999999999998
storage.zip,raw_data\phase1_biscuit\achira_storage\storage.zip,achira_storage,Water Adsorption Isotherms_Achira biscuits.xlsx,Sheet1,636,6735ba650cfc6e857d3a95fc4c0165ed,Water Adsorption Isotherms,2,35,0.3333,2.83
storage.zip,raw_data\phase1_biscuit\achira_storage\storage.zip,achira_storage,Water Adsorption Isotherms_Achira biscuits.xlsx,Sheet1,637,f4017555228a6a08efba59fc1f42c2b1,Water Adsorption Isotherms,2,35,0.3471,2.9
storage.zip,raw_data\phase1_biscuit\achira_storage\storage.zip,achira_storage,Water Adsorption Isotherms_Achira biscuits.xlsx,Sheet1,638,3d38da763dcae7e9a88ec0d721558dae,Water Adsorption Isotherms,2,35,0.3552,2.9699999999999998
storage.zip,raw_data\phase1_biscuit\achira_storage\storage.zip,achira_storage,Water Adsorption Isotherms_Achira biscuits.xlsx,Sheet1,639,1368ca10eae6a541b5a11624329904da,Water Adsorption Isotherms,2,35,0.3611,3.05
storage.zip,raw_data\phase1_biscuit\achira_storage\storage.zip,achira_storage,Water Adsorption Isotherms_Achira biscuits.xlsx,Sheet1,640,2306ab1091f22608d94138585f742659,Water Adsorption Isotherms,2,35,0.3764,3.13
storage.zip,raw_data\phase1_biscuit\achira_storage\storage.zip,achira_storage,Water Adsorption Isotherms_Achira biscuits.xlsx,Sheet1,641,1f3adb79278dfac73f869c15b5ec6886,Water Adsorption Isotherms,2,35,0.3836,3.1799999999999997
storage.zip,raw_data\phase1_biscuit\achira_storage\storage.zip,achira_storage,Water Adsorption Isotherms_Achira biscuits.xlsx,Sheet1,642,1a5c9a76422e07ecf4b56a9220582829,Water Adsorption Isotherms,2,35,0.3893,3.25
storage.zip,raw_data\phase1_biscuit\achira_storage\storage.zip,achira_storage,Water Adsorption Isotherms_Achira biscuits.xlsx,Sheet1,643,5ac7e5289b7c0e0ad55b8a21bc36e052,Water Adsorption Isotherms,2,35,0.405,3.34
storage.zip,raw_data\phase1_biscuit\achira_storage\storage.zip,achira_storage,Water Adsorption Isotherms_Achira biscuits.xlsx,Sheet1,644,37bb21569c35d5f55509a71cb502c45e,Water Adsorption Isotherms,2,35,0.4143,3.42
storage.zip,raw_data\phase1_biscuit\achira_storage\storage.zip,achira_storage,Water Adsorption Isotherms_Achira biscuits.xlsx,Sheet1,645,a6d0a2bcc8402baa6f2f6e3f1e7e57d7,Water Adsorption Isotherms,2,35,0.4201,3.5
storage.zip,raw_data\phase1_biscuit\achira_storage\storage.zip,achira_storage,Water Adsorption Isotherms_Achira biscuits.xlsx,Sheet1,646,0fc43166a94bdc22cebd98d84f902547,Water Adsorption Isotherms,2,35,0.4305,3.58
storage.zip,raw_data\phase1_biscuit\achira_storage\storage.zip,achira_storage,Water Adsorption Isotherms_Achira biscuits.xlsx,Sheet1,647,393177cc1166a8236ca9a18713046a22,Water Adsorption Isotherms,2,35,0.4392,3.66
storage.zip,raw_data\phase1_biscuit\achira_storage\storage.zip,achira_storage,Water Adsorption Isotherms_Achira biscuits.xlsx,Sheet1,648,1f7cb743bd2020f96b261e1f634a3ac5,Water Adsorption Isotherms,2,35,0.4525,3.75
storage.zip,raw_data\phase1_biscuit\achira_storage\storage.zip,achira_storage,Water Adsorption Isotherms_Achira biscuits.xlsx,Sheet1,649,873958606bc76fba49fbd9ddcd11d1b0,Water Adsorption Isotherms,2,35,0.4596,3.83
storage.zip,raw_data\phase1_biscuit\achira_storage\storage.zip,achira_storage,Water Adsorption Isotherms_Achira biscuits.xlsx,Sheet1,650,4849c11795885473dfbdf056ef74556f,Water Adsorption Isotherms,2,35,0.4708,3.92
storage.zip,raw_data\phase1_biscuit\achira_storage\storage.zip,achira_storage,Water Adsorption Isotherms_Achira biscuits.xlsx,Sheet1,651,8a0eeb2e34987f0228e712f6dc984f5b,Water Adsorption Isotherms,2,35,0.4774,3.99
storage.zip,raw_data\phase1_biscuit\achira_storage\storage.zip,achira_storage,Water Adsorption Isotherms_Achira biscuits.xlsx,Sheet1,652,a508434c521cc5d3c8c6912d323192e8,Water Adsorption Isotherms,2,35,0.4849,4.06
storage.zip,raw_data\phase1_biscuit\achira_storage\storage.zip,achira_storage,Water Adsorption Isotherms_Achira biscuits.xlsx,Sheet1,653,2a6e7053296120e7de3100a2cdb91654,Water Adsorption Isotherms,2,35,0.5026,4.16
storage.zip,raw_data\phase1_biscuit\achira_storage\storage.zip,achira_storage,Water Adsorption Isotherms_Achira biscuits.xlsx,Sheet1,654,8303c0e10f6b00d4e5ca8c97cbd3a1f4,Water Adsorption Isotherms,2,35,0.506,4.24
storage.zip,raw_data\phase1_biscuit\achira_storage\storage.zip,achira_storage,Water Adsorption Isotherms_Achira biscuits.xlsx,Sheet1,655,c50352983ea3bd6863b7bcfa8c2ec0f7,Water Adsorption Isotherms,2,35,0.5179,4.34
storage.zip,raw_data\phase1_biscuit\achira_storage\storage.zip,achira_storage,Water Adsorption Isotherms_Achira biscuits.xlsx,Sheet1,656,d53533d1ebcfb65557c8d3787113eb23,Water Adsorption Isotherms,2,35,0.5251,4.41
storage.zip,raw_data\phase1_biscuit\achira_storage\storage.zip,achira_storage,Water Adsorption Isotherms_Achira biscuits.xlsx,Sheet1,657,3f40b562ae17e1f0709fc72b311dce01,Water Adsorption Isotherms,2,35,0.5376,4.51
storage.zip,raw_data\phase1_biscuit\achira_storage\storage.zip,achira_storage,Water Adsorption Isotherms_Achira biscuits.xlsx,Sheet1,658,0853829b951e42ae5009d40d74348be9,Water Adsorption Isotherms,2,35,0.546,4.6
storage.zip,raw_data\phase1_biscuit\achira_storage\storage.zip,achira_storage,Water Adsorption Isotherms_Achira biscuits.xlsx,Sheet1,659,9f60fa8317a7375e5ce0173c0e3df247,Water Adsorption Isotherms,2,35,0.5527,4.6899999999999995
storage.zip,raw_data\phase1_biscuit\achira_storage\storage.zip,achira_storage,Water Adsorption Isotherms_Achira biscuits.xlsx,Sheet1,660,8b87ec805dce95bff4f3b9e35e87da4f,Water Adsorption Isotherms,2,35,0.5684,4.79
storage.zip,raw_data\phase1_biscuit\achira_storage\storage.zip,achira_storage,Water Adsorption Isotherms_Achira biscuits.xlsx,Sheet1,661,cd2821f225b9992c1090195f35f17d17,Water Adsorption Isotherms,2,35,0.5738,4.86
storage.zip,raw_data\phase1_biscuit\achira_storage\storage.zip,achira_storage,Water Adsorption Isotherms_Achira biscuits.xlsx,Sheet1,662,517118efdf08e9f1f3149ef917925958,Water Adsorption Isotherms,2,35,0.581,4.96
storage.zip,raw_data\phase1_biscuit\achira_storage\storage.zip,achira_storage,Water Adsorption Isotherms_Achira biscuits.xlsx,Sheet1,663,730b43c4a204d86693345c36345c6152,Water Adsorption Isotherms,2,35,0.5912,5.07
storage.zip,raw_data\phase1_biscuit\achira_storage\storage.zip,achira_storage,Water Adsorption Isotherms_Achira biscuits.xlsx,Sheet1,664,68966b9d740eb292548263570b121966,Water Adsorption Isotherms,2,35,0.604,5.18
storage.zip,raw_data\phase1_biscuit\achira_storage\storage.zip,achira_storage,Water Adsorption Isotherms_Achira biscuits.xlsx,Sheet1,665,966104f1b5edf34fde0822b6ecbcebfa,Water Adsorption Isotherms,2,35,0.6125,5.28
storage.zip,raw_data\phase1_biscuit\achira_storage\storage.zip,achira_storage,Water Adsorption Isotherms_Achira biscuits.xlsx,Sheet1,666,8c746b731d53709f5f71889b6b2e599c,Water Adsorption Isotherms,2,35,0.6182,5.37
storage.zip,raw_data\phase1_biscuit\achira_storage\storage.zip,achira_storage,Water Adsorption Isotherms_Achira biscuits.xlsx,Sheet1,667,704233d1cf6b6bad565ed0da2976fe88,Water Adsorption Isotherms,2,35,0.6321,5.4799999999999995
storage.zip,raw_data\phase1_biscuit\achira_storage\storage.zip,achira_storage,Water Adsorption Isotherms_Achira biscuits.xlsx,Sheet1,668,18972e512c549c4614a41dd5320f277c,Water Adsorption Isotherms,2,35,0.639,5.6
storage.zip,raw_data\phase1_biscuit\achira_storage\storage.zip,achira_storage,Water Adsorption Isotherms_Achira biscuits.xlsx,Sheet1,669,a4ca6ed710c417db1a1b209fcad1950b,Water Adsorption Isotherms,2,35,0.6483,5.71
storage.zip,raw_data\phase1_biscuit\achira_storage\storage.zip,achira_storage,Water Adsorption Isotherms_Achira biscuits.xlsx,Sheet1,670,6c254a5e122c1884284c3ebc434b700d,Water Adsorption Isotherms,2,35,0.6558,5.82
storage.zip,raw_data\phase1_biscuit\achira_storage\storage.zip,achira_storage,Water Adsorption Isotherms_Achira biscuits.xlsx,Sheet1,671,01ec6e1cd046778e01b4fda04ae2c1ba,Water Adsorption Isotherms,2,35,0.6677,5.93
storage.zip,raw_data\phase1_biscuit\achira_storage\storage.zip,achira_storage,Water Adsorption Isotherms_Achira biscuits.xlsx,Sheet1,672,cac911ef95d5bfb7460e462d4950bda2,Water Adsorption Isotherms,2,35,0.6756,6.07
storage.zip,raw_data\phase1_biscuit\achira_storage\storage.zip,achira_storage,Water Adsorption Isotherms_Achira biscuits.xlsx,Sheet1,673,98626c978fda107e7796c8dea612fc4f,Water Adsorption Isotherms,2,35,0.6834,6.2
storage.zip,raw_data\phase1_biscuit\achira_storage\storage.zip,achira_storage,Water Adsorption Isotherms_Achira biscuits.xlsx,Sheet1,674,00ef52cc5361da6c285b413cb3f9af2d,Water Adsorption Isotherms,2,35,0.6951,6.33
storage.zip,raw_data\phase1_biscuit\achira_storage\storage.zip,achira_storage,Water Adsorption Isotherms_Achira biscuits.xlsx,Sheet1,675,046ff26401ae5e8a6a3a92758324d665,Water Adsorption Isotherms,2,35,0.7022,6.46
storage.zip,raw_data\phase1_biscuit\achira_storage\storage.zip,achira_storage,Water Adsorption Isotherms_Achira biscuits.xlsx,Sheet1,676,87817c9b530e26a3e9489c29185ef762,Water Adsorption Isotherms,2,35,0.7124,6.6
storage.zip,raw_data\phase1_biscuit\achira_storage\storage.zip,achira_storage,Water Adsorption Isotherms_Achira biscuits.xlsx,Sheet1,677,e5bd60f88026b2f5e8df297dc04dd0d0,Water Adsorption Isotherms,2,35,0.7198,6.75
storage.zip,raw_data\phase1_biscuit\achira_storage\storage.zip,achira_storage,Water Adsorption Isotherms_Achira biscuits.xlsx,Sheet1,678,725860fee4aa1e3135d8481cf5f56e44,Water Adsorption Isotherms,2,35,0.728,6.9
storage.zip,raw_data\phase1_biscuit\achira_storage\storage.zip,achira_storage,Water Adsorption Isotherms_Achira biscuits.xlsx,Sheet1,679,dd4204894ef09cbdeb224f73395c6651,Water Adsorption Isotherms,2,35,0.7397,7.06
storage.zip,raw_data\phase1_biscuit\achira_storage\storage.zip,achira_storage,Water Adsorption Isotherms_Achira biscuits.xlsx,Sheet1,680,5ecbbb07b32d06c492aee3104868fe84,Water Adsorption Isotherms,2,35,0.7488,7.2299999999999995
storage.zip,raw_data\phase1_biscuit\achira_storage\storage.zip,achira_storage,Water Adsorption Isotherms_Achira biscuits.xlsx,Sheet1,681,c5ad98d4076c1c9093413604a5a44d34,Water Adsorption Isotherms,2,35,0.7542,7.39
storage.zip,raw_data\phase1_biscuit\achira_storage\storage.zip,achira_storage,Water Adsorption Isotherms_Achira biscuits.xlsx,Sheet1,682,282e3a7d500aa8c6cee680c8441df6cb,Water Adsorption Isotherms,2,35,0.7619,7.57
storage.zip,raw_data\phase1_biscuit\achira_storage\storage.zip,achira_storage,Water Adsorption Isotherms_Achira biscuits.xlsx,Sheet1,683,bec11585decd075b83d21eaf944004df,Water Adsorption Isotherms,2,35,0.7741,7.789999999999999
storage.zip,raw_data\phase1_biscuit\achira_storage\storage.zip,achira_storage,Water Adsorption Isotherms_Achira biscuits.xlsx,Sheet1,684,73953bf81ecceb645e336de120cb96ef,Water Adsorption Isotherms,2,35,0.7831,8.01
storage.zip,raw_data\phase1_biscuit\achira_storage\storage.zip,achira_storage,Water Adsorption Isotherms_Achira biscuits.xlsx,Sheet1,685,d00b2386ed6530b37c412c1b86431caf,Water Adsorption Isotherms,2,35,0.7891,8.23
storage.zip,raw_data\phase1_biscuit\achira_storage\storage.zip,achira_storage,Water Adsorption Isotherms_Achira biscuits.xlsx,Sheet1,686,161231632433c5dfe4461a381b65f1b4,Water Adsorption Isotherms,2,35,0.7976,8.48
storage.zip,raw_data\phase1_biscuit\achira_storage\storage.zip,achira_storage,Water Adsorption Isotherms_Achira biscuits.xlsx,Sheet1,687,6513dcca9e8c80a2976cae5637c6f97e,Water Adsorption Isotherms,3,35,0.1003,1.63
storage.zip,raw_data\phase1_biscuit\achira_storage\storage.zip,achira_storage,Water Adsorption Isotherms_Achira biscuits.xlsx,Sheet1,688,c917030ac9a7f2703412422b6e2eba64,Water Adsorption Isotherms,3,35,0.1479,1.63
storage.zip,raw_data\phase1_biscuit\achira_storage\storage.zip,achira_storage,Water Adsorption Isotherms_Achira biscuits.xlsx,Sheet1,689,7a172b51f8897eea57cea1bae6eb5ed8,Water Adsorption Isotherms,3,35,0.1631,1.66
storage.zip,raw_data\phase1_biscuit\achira_storage\storage.zip,achira_storage,Water Adsorption Isotherms_Achira biscuits.xlsx,Sheet1,690,807d60adf7a6d066dae6b51bb8dd55f3,Water Adsorption Isotherms,3,35,0.1727,1.7
storage.zip,raw_data\phase1_biscuit\achira_storage\storage.zip,achira_storage,Water Adsorption Isotherms_Achira biscuits.xlsx,Sheet1,691,7e78955f0ee23908ac8283c8f573fd1d,Water Adsorption Isotherms,3,35,0.1773,1.73
storage.zip,raw_data\phase1_biscuit\achira_storage\storage.zip,achira_storage,Water Adsorption Isotherms_Achira biscuits.xlsx,Sheet1,692,4e0e7ac67d4d89ee1b383fb32d5be14e,Water Adsorption Isotherms,3,35,0.1825,1.77
storage.zip,raw_data\phase1_biscuit\achira_storage\storage.zip,achira_storage,Water Adsorption Isotherms_Achira biscuits.xlsx,Sheet1,693,c124b458ef560ef434c78ddece914b23,Water Adsorption Isotherms,3,35,0.1892,1.79
storage.zip,raw_data\phase1_biscuit\achira_storage\storage.zip,achira_storage,Water Adsorption Isotherms_Achira biscuits.xlsx,Sheet1,694,c9e4dae922678afd90f8f18750617fdc,Water Adsorption Isotherms,3,35,0.1985,1.8399999999999999
storage.zip,raw_data\phase1_biscuit\achira_storage\storage.zip,achira_storage,Water Adsorption Isotherms_Achira biscuits.xlsx,Sheet1,695,b0436322188815023c3731589894f478,Water Adsorption Isotherms,3,35,0.2066,1.8900000000000001
storage.zip,raw_data\phase1_biscuit\achira_storage\storage.zip,achira_storage,Water Adsorption Isotherms_Achira biscuits.xlsx,Sheet1,696,418ab61583e7bcecc48fb473ae846e85,Water Adsorption Isotherms,3,35,0.2158,1.9300000000000002
storage.zip,raw_data\phase1_biscuit\achira_storage\storage.zip,achira_storage,Water Adsorption Isotherms_Achira biscuits.xlsx,Sheet1,697,ffe3eba27488e78600123ba1de8b9fcd,Water Adsorption Isotherms,3,35,0.224,1.9699999999999998
storage.zip,raw_data\phase1_biscuit\achira_storage\storage.zip,achira_storage,Water Adsorption Isotherms_Achira biscuits.xlsx,Sheet1,698,024aca4193da14be350d191aab44b6a1,Water Adsorption Isotherms,3,35,0.2334,2.03
storage.zip,raw_data\phase1_biscuit\achira_storage\storage.zip,achira_storage,Water Adsorption Isotherms_Achira biscuits.xlsx,Sheet1,699,9f18330169a802c321c554184783e95a,Water Adsorption Isotherms,3,35,0.2401,2.06
storage.zip,raw_data\phase1_biscuit\achira_storage\storage.zip,achira_storage,Water Adsorption Isotherms_Achira biscuits.xlsx,Sheet1,700,bc35d62b51c57051f589f3bcc3741849,Water Adsorption Isotherms,3,35,0.25,2.13
storage.zip,raw_data\phase1_biscuit\achira_storage\storage.zip,achira_storage,Water Adsorption Isotherms_Achira biscuits.xlsx,Sheet1,701,ec343454113234259e372e06a142f2e5,Water Adsorption Isotherms,3,35,0.2593,2.18
storage.zip,raw_data\phase1_biscuit\achira_storage\storage.zip,achira_storage,Water Adsorption Isotherms_Achira biscuits.xlsx,Sheet1,702,37070a18c6eb9a2188c14ebc6bbcd290,Water Adsorption Isotherms,3,35,0.2702,2.2399999999999998
storage.zip,raw_data\phase1_biscuit\achira_storage\storage.zip,achira_storage,Water Adsorption Isotherms_Achira biscuits.xlsx,Sheet1,703,090de38a24cf88945d08714ae71255f7,Water Adsorption Isotherms,3,35,0.2774,2.31
storage.zip,raw_data\phase1_biscuit\achira_storage\storage.zip,achira_storage,Water Adsorption Isotherms_Achira biscuits.xlsx,Sheet1,704,b4a166a7a07d4a52823dfe4871570ba8,Water Adsorption Isotherms,3,35,0.2863,2.37
storage.zip,raw_data\phase1_biscuit\achira_storage\storage.zip,achira_storage,Water Adsorption Isotherms_Achira biscuits.xlsx,Sheet1,705,3be6b534fdb98bf6e70f5e43248408a9,Water Adsorption Isotherms,3,35,0.2959,2.42
storage.zip,raw_data\phase1_biscuit\achira_storage\storage.zip,achira_storage,Water Adsorption Isotherms_Achira biscuits.xlsx,Sheet1,706,e155afaf938f8fbc20b3b1f29a1badb7,Water Adsorption Isotherms,3,35,0.3059,2.4699999999999998
storage.zip,raw_data\phase1_biscuit\achira_storage\storage.zip,achira_storage,Water Adsorption Isotherms_Achira biscuits.xlsx,Sheet1,707,1d4992f130dc0523fc8205f8d7f82eea,Water Adsorption Isotherms,3,35,0.3149,2.54
storage.zip,raw_data\phase1_biscuit\achira_storage\storage.zip,achira_storage,Water Adsorption Isotherms_Achira biscuits.xlsx,Sheet1,708,33154659e970be6138d404412026594f,Water Adsorption Isotherms,3,35,0.3255,2.61
storage.zip,raw_data\phase1_biscuit\achira_storage\storage.zip,achira_storage,Water Adsorption Isotherms_Achira biscuits.xlsx,Sheet1,709,60c26a896299ef4830f53e44f18d7172,Water Adsorption Isotherms,3,35,0.3307,2.67
storage.zip,raw_data\phase1_biscuit\achira_storage\storage.zip,achira_storage,Water Adsorption Isotherms_Achira biscuits.xlsx,Sheet1,710,99a9670090fdb1958f3b2f846126ad19,Water Adsorption Isotherms,3,35,0.3415,2.75
storage.zip,raw_data\phase1_biscuit\achira_storage\storage.zip,achira_storage,Water Adsorption Isotherms_Achira biscuits.xlsx,Sheet1,711,871699aa9aac2755906b044e31614d8c,Water Adsorption Isotherms,3,35,0.355,2.83
storage.zip,raw_data\phase1_biscuit\achira_storage\storage.zip,achira_storage,Water Adsorption Isotherms_Achira biscuits.xlsx,Sheet1,712,2ce45edf8087b56543b36983d2c42ca9,Water Adsorption Isotherms,3,35,0.3604,2.91
storage.zip,raw_data\phase1_biscuit\achira_storage\storage.zip,achira_storage,Water Adsorption Isotherms_Achira biscuits.xlsx,Sheet1,713,6357667a9264175e4a97e3028e7c8baf,Water Adsorption Isotherms,3,35,0.3731,2.9699999999999998
storage.zip,raw_data\phase1_biscuit\achira_storage\storage.zip,achira_storage,Water Adsorption Isotherms_Achira biscuits.xlsx,Sheet1,714,64865c9abd425f2f363e958292a5abf7,Water Adsorption Isotherms,3,35,0.378,3.05
storage.zip,raw_data\phase1_biscuit\achira_storage\storage.zip,achira_storage,Water Adsorption Isotherms_Achira biscuits.xlsx,Sheet1,715,c19ebe336a904a133694e477edaab005,Water Adsorption Isotherms,3,35,0.3945,3.13
storage.zip,raw_data\phase1_biscuit\achira_storage\storage.zip,achira_storage,Water Adsorption Isotherms_Achira biscuits.xlsx,Sheet1,716,c40dcb304553295bc30fefb900345367,Water Adsorption Isotherms,3,35,0.3973,3.2
storage.zip,raw_data\phase1_biscuit\achira_storage\storage.zip,achira_storage,Water Adsorption Isotherms_Achira biscuits.xlsx,Sheet1,717,32a2fb5fb205a7e9361d1f405eb32089,Water Adsorption Isotherms,3,35,0.4121,3.29
storage.zip,raw_data\phase1_biscuit\achira_storage\storage.zip,achira_storage,Water Adsorption Isotherms_Achira biscuits.xlsx,Sheet1,718,b46c975ff6e3088e9bfb0b671d205221,Water Adsorption Isotherms,3,35,0.4193,3.36
storage.zip,raw_data\phase1_biscuit\achira_storage\storage.zip,achira_storage,Water Adsorption Isotherms_Achira biscuits.xlsx,Sheet1,719,945ebb5a0f75f27ce93dde7c6e5005da,Water Adsorption Isotherms,3,35,0.4273,3.43
storage.zip,raw_data\phase1_biscuit\achira_storage\storage.zip,achira_storage,Water Adsorption Isotherms_Achira biscuits.xlsx,Sheet1,720,1531ef15f1556d836b7f85472ec39aff,Water Adsorption Isotherms,3,35,0.4377,3.53
storage.zip,raw_data\phase1_biscuit\achira_storage\storage.zip,achira_storage,Water Adsorption Isotherms_Achira biscuits.xlsx,Sheet1,721,56880a3165b2c9bff945e12b7af41d92,Water Adsorption Isotherms,3,35,0.4454,3.62
storage.zip,raw_data\phase1_biscuit\achira_storage\storage.zip,achira_storage,Water Adsorption Isotherms_Achira biscuits.xlsx,Sheet1,722,8395ba2d4636cdb1c41d070736185ebe,Water Adsorption Isotherms,3,35,0.4581,3.71
storage.zip,raw_data\phase1_biscuit\achira_storage\storage.zip,achira_storage,Water Adsorption Isotherms_Achira biscuits.xlsx,Sheet1,723,8aac5ce581c65c28d120f8ce22ad2904,Water Adsorption Isotherms,3,35,0.466,3.8
storage.zip,raw_data\phase1_biscuit\achira_storage\storage.zip,achira_storage,Water Adsorption Isotherms_Achira biscuits.xlsx,Sheet1,724,094a7c82a3289b50af0b54e82f857ff2,Water Adsorption Isotherms,3,35,0.478,3.88
storage.zip,raw_data\phase1_biscuit\achira_storage\storage.zip,achira_storage,Water Adsorption Isotherms_Achira biscuits.xlsx,Sheet1,725,69c4639b6909dd9f7824a4c8f630dcc6,Water Adsorption Isotherms,3,35,0.487,3.96
storage.zip,raw_data\phase1_biscuit\achira_storage\storage.zip,achira_storage,Water Adsorption Isotherms_Achira biscuits.xlsx,Sheet1,726,5b4c3f49ca03cfc6a0c52633f7ce57b7,Water Adsorption Isotherms,3,35,0.4925,4.04
storage.zip,raw_data\phase1_biscuit\achira_storage\storage.zip,achira_storage,Water Adsorption Isotherms_Achira biscuits.xlsx,Sheet1,727,88bb4b04a0be6f127ed0ef592c1ff836,Water Adsorption Isotherms,3,35,0.5056,4.14
storage.zip,raw_data\phase1_biscuit\achira_storage\storage.zip,achira_storage,Water Adsorption Isotherms_Achira biscuits.xlsx,Sheet1,728,7591f0d1b89d172a94067b6b285fbaa7,Water Adsorption Isotherms,3,35,0.5141,4.22
storage.zip,raw_data\phase1_biscuit\achira_storage\storage.zip,achira_storage,Water Adsorption Isotherms_Achira biscuits.xlsx,Sheet1,729,1c251712788c363b2f994b82b0729838,Water Adsorption Isotherms,3,35,0.5275,4.31
storage.zip,raw_data\phase1_biscuit\achira_storage\storage.zip,achira_storage,Water Adsorption Isotherms_Achira biscuits.xlsx,Sheet1,730,f9cbc1d1d07fac2dc80d5cb625bae635,Water Adsorption Isotherms,3,35,0.53,4.39
storage.zip,raw_data\phase1_biscuit\achira_storage\storage.zip,achira_storage,Water Adsorption Isotherms_Achira biscuits.xlsx,Sheet1,731,4db3919f7c6448c219e1fb43cc6332c0,Water Adsorption Isotherms,3,35,0.542,4.5
storage.zip,raw_data\phase1_biscuit\achira_storage\storage.zip,achira_storage,Water Adsorption Isotherms_Achira biscuits.xlsx,Sheet1,732,f8e6d75ea123a6adccd5a640f8ec36bb,Water Adsorption Isotherms,3,35,0.5513,4.59
storage.zip,raw_data\phase1_biscuit\achira_storage\storage.zip,achira_storage,Water Adsorption Isotherms_Achira biscuits.xlsx,Sheet1,733,8196887b78e9eb20e812526ef931532b,Water Adsorption Isotherms,3,35,0.5634,4.68
storage.zip,raw_data\phase1_biscuit\achira_storage\storage.zip,achira_storage,Water Adsorption Isotherms_Achira biscuits.xlsx,Sheet1,734,15d7581e5dccc49c642218bf5d5e8843,Water Adsorption Isotherms,3,35,0.5725,4.78
storage.zip,raw_data\phase1_biscuit\achira_storage\storage.zip,achira_storage,Water Adsorption Isotherms_Achira biscuits.xlsx,Sheet1,735,663cdbbb0f393cf10d22f8c59d5bdfd6,Water Adsorption Isotherms,3,35,0.5805,4.88
storage.zip,raw_data\phase1_biscuit\achira_storage\storage.zip,achira_storage,Water Adsorption Isotherms_Achira biscuits.xlsx,Sheet1,736,f58953989298ddaedb21aeed769c2afe,Water Adsorption Isotherms,3,35,0.5868,4.96
storage.zip,raw_data\phase1_biscuit\achira_storage\storage.zip,achira_storage,Water Adsorption Isotherms_Achira biscuits.xlsx,Sheet1,737,83b92f9c7b14892bc3720163fa932b5f,Water Adsorption Isotherms,3,35,0.5998,5.07
storage.zip,raw_data\phase1_biscuit\achira_storage\storage.zip,achira_storage,Water Adsorption Isotherms_Achira biscuits.xlsx,Sheet1,738,eb33f60e37e0ffc7f22f8bda3b2b3236,Water Adsorption Isotherms,3,35,0.6107,5.17
storage.zip,raw_data\phase1_biscuit\achira_storage\storage.zip,achira_storage,Water Adsorption Isotherms_Achira biscuits.xlsx,Sheet1,739,209e7a445a0934852eb470b58a7475ab,Water Adsorption Isotherms,3,35,0.6171,5.26
storage.zip,raw_data\phase1_biscuit\achira_storage\storage.zip,achira_storage,Water Adsorption Isotherms_Achira biscuits.xlsx,Sheet1,740,70e510be9f78a2c5f103d9acfaabad82,Water Adsorption Isotherms,3,35,0.6256,5.36
storage.zip,raw_data\phase1_biscuit\achira_storage\storage.zip,achira_storage,Water Adsorption Isotherms_Achira biscuits.xlsx,Sheet1,741,14fcae8996480a51e807f38ad0196769,Water Adsorption Isotherms,3,35,0.6373,5.47
storage.zip,raw_data\phase1_biscuit\achira_storage\storage.zip,achira_storage,Water Adsorption Isotherms_Achira biscuits.xlsx,Sheet1,742,9529d761d4aad3832dfea5671e2beddf,Water Adsorption Isotherms,3,35,0.6449,5.58
storage.zip,raw_data\phase1_biscuit\achira_storage\storage.zip,achira_storage,Water Adsorption Isotherms_Achira biscuits.xlsx,Sheet1,743,4b46e690863cae96187ed4ab843056db,Water Adsorption Isotherms,3,35,0.6536,5.68
storage.zip,raw_data\phase1_biscuit\achira_storage\storage.zip,achira_storage,Water Adsorption Isotherms_Achira biscuits.xlsx,Sheet1,744,da57ff741828370f70d560a9e2d16cce,Water Adsorption Isotherms,3,35,0.6647,5.79
storage.zip,raw_data\phase1_biscuit\achira_storage\storage.zip,achira_storage,Water Adsorption Isotherms_Achira biscuits.xlsx,Sheet1,745,91b068686f58173cd1a8f0b087616e96,Water Adsorption Isotherms,3,35,0.6729,5.91
storage.zip,raw_data\phase1_biscuit\achira_storage\storage.zip,achira_storage,Water Adsorption Isotherms_Achira biscuits.xlsx,Sheet1,746,a33b9757af34c481ce748a0666d57a2a,Water Adsorption Isotherms,3,35,0.6816,6.03
storage.zip,raw_data\phase1_biscuit\achira_storage\storage.zip,achira_storage,Water Adsorption Isotherms_Achira biscuits.xlsx,Sheet1,747,03ac0b28f342ce6e6193f1a2c401110c,Water Adsorption Isotherms,3,35,0.6909,6.17
storage.zip,raw_data\phase1_biscuit\achira_storage\storage.zip,achira_storage,Water Adsorption Isotherms_Achira biscuits.xlsx,Sheet1,748,fe575b8b1931ae68a608669720bb1bc0,Water Adsorption Isotherms,3,35,0.6973,6.29
storage.zip,raw_data\phase1_biscuit\achira_storage\storage.zip,achira_storage,Water Adsorption Isotherms_Achira biscuits.xlsx,Sheet1,749,14e3d6e63cd5960a959b9a470ecd6ba7,Water Adsorption Isotherms,3,35,0.7104,6.44
storage.zip,raw_data\phase1_biscuit\achira_storage\storage.zip,achira_storage,Water Adsorption Isotherms_Achira biscuits.xlsx,Sheet1,750,db42ce8df1e1a2f4ba670cfd1cc596ae,Water Adsorption Isotherms,3,35,0.7193,6.58
storage.zip,raw_data\phase1_biscuit\achira_storage\storage.zip,achira_storage,Water Adsorption Isotherms_Achira biscuits.xlsx,Sheet1,751,bbfac99aa0dde629c76b4761e32046ca,Water Adsorption Isotherms,3,35,0.7253,6.71
storage.zip,raw_data\phase1_biscuit\achira_storage\storage.zip,achira_storage,Water Adsorption Isotherms_Achira biscuits.xlsx,Sheet1,752,81396003225e48194a2b2a764141f4ea,Water Adsorption Isotherms,3,35,0.7351,6.85
storage.zip,raw_data\phase1_biscuit\achira_storage\storage.zip,achira_storage,Water Adsorption Isotherms_Achira biscuits.xlsx,Sheet1,753,7f0714aa3b59c02de69a4ae1af5cb515,Water Adsorption Isotherms,3,35,0.7473,7.02
storage.zip,raw_data\phase1_biscuit\achira_storage\storage.zip,achira_storage,Water Adsorption Isotherms_Achira biscuits.xlsx,Sheet1,754,3ca4984756b8ed25a62aedd75f6875da,Water Adsorption Isotherms,3,35,0.7533,7.17
storage.zip,raw_data\phase1_biscuit\achira_storage\storage.zip,achira_storage,Water Adsorption Isotherms_Achira biscuits.xlsx,Sheet1,755,7deda58559f314d10952c6dd96a81037,Water Adsorption Isotherms,3,35,0.7604,7.34
storage.zip,raw_data\phase1_biscuit\achira_storage\storage.zip,achira_storage,Water Adsorption Isotherms_Achira biscuits.xlsx,Sheet1,756,625aa7c08da3e2d86a2e087f9ba2fae6,Water Adsorption Isotherms,3,35,0.7693,7.53
storage.zip,raw_data\phase1_biscuit\achira_storage\storage.zip,achira_storage,Water Adsorption Isotherms_Achira biscuits.xlsx,Sheet1,757,74ed2c05fbe2cf4c6c793625f19865f9,Water Adsorption Isotherms,3,35,0.7774,7.71
storage.zip,raw_data\phase1_biscuit\achira_storage\storage.zip,achira_storage,Water Adsorption Isotherms_Achira biscuits.xlsx,Sheet1,758,5fc30188939eef0f09917f1989321658,Water Adsorption Isotherms,3,35,0.7878,7.94
storage.zip,raw_data\phase1_biscuit\achira_storage\storage.zip,achira_storage,Water Adsorption Isotherms_Achira biscuits.xlsx,Sheet1,759,b0659d14073401827ec6b3b035756f03,Water Adsorption Isotherms,3,35,0.794,8.170000000000002
storage.zip,raw_data\phase1_biscuit\achira_storage\storage.zip,achira_storage,Water Adsorption Isotherms_Achira biscuits.xlsx,Sheet1,760,81493de53fa3f7a801824a32a6d7d5a5,Water Adsorption Isotherms,3,35,0.8004,8.420000000000002
storage.zip,raw_data\phase1_biscuit\achira_storage\storage.zip,achira_storage,Water Adsorption Isotherms_Achira biscuits.xlsx,Sheet1,761,3428134429decf3c23eb18c92ea10bdd,Water Adsorption Isotherms,4,35,0.099,1.63
storage.zip,raw_data\phase1_biscuit\achira_storage\storage.zip,achira_storage,Water Adsorption Isotherms_Achira biscuits.xlsx,Sheet1,762,550e69148036787e92f6df072866a56b,Water Adsorption Isotherms,4,35,0.111553571428571,1.65378571428571
storage.zip,raw_data\phase1_biscuit\achira_storage\storage.zip,achira_storage,Water Adsorption Isotherms_Achira biscuits.xlsx,Sheet1,763,27b0d49ff641462c0c9f84a938f55c68,Water Adsorption Isotherms,4,35,0.124107142857143,1.60026785714286
storage.zip,raw_data\phase1_biscuit\achira_storage\storage.zip,achira_storage,Water Adsorption Isotherms_Achira biscuits.xlsx,Sheet1,764,96341cc02550d06931f44ed958f49b57,Water Adsorption Isotherms,4,35,0.136660714285714,1.63694805194805
storage.zip,raw_data\phase1_biscuit\achira_storage\storage.zip,achira_storage,Water Adsorption Isotherms_Achira biscuits.xlsx,Sheet1,765,929d1ed281411f1e6905cb916f87002a,Water Adsorption Isotherms,4,35,0.149214285714286,1.69080357142857
storage.zip,raw_data\phase1_biscuit\achira_storage\storage.zip,achira_storage,Water Adsorption Isotherms_Achira biscuits.xlsx,Sheet1,766,0e7706a1ac1c62db9ca4a94d45adf76a,Water Adsorption Isotherms,4,35,0.161767857142857,1.74589285714286
storage.zip,raw_data\phase1_biscuit\achira_storage\storage.zip,achira_storage,Water Adsorption Isotherms_Achira biscuits.xlsx,Sheet1,767,010d1380880ed850a873cf33ef21b314,Water Adsorption Isotherms,4,35,0.174321428571429,1.79
storage.zip,raw_data\phase1_biscuit\achira_storage\storage.zip,achira_storage,Water Adsorption Isotherms_Achira biscuits.xlsx,Sheet1,768,7ddcef5935e91c392632e1a905f1dbc7,Water Adsorption Isotherms,4,35,0.186875,1.83171875
storage.zip,raw_data\phase1_biscuit\achira_storage\storage.zip,achira_storage,Water Adsorption Isotherms_Achira biscuits.xlsx,Sheet1,769,951c3e5cd2cd7a9ba6dc857ca6f64963,Water Adsorption Isotherms,4,35,0.199428571428571,1.90079365079365
storage.zip,raw_data\phase1_biscuit\achira_storage\storage.zip,achira_storage,Water Adsorption Isotherms_Achira biscuits.xlsx,Sheet1,770,91f1e27cd87721adb99c5b9286635089,Water Adsorption Isotherms,4,35,0.211982142857143,1.9374255952381
storage.zip,raw_data\phase1_biscuit\achira_storage\storage.zip,achira_storage,Water Adsorption Isotherms_Achira biscuits.xlsx,Sheet1,771,a142cef1cf2ae70f88b96fb74b68888a,Water Adsorption Isotherms,4,35,0.224535714285714,2.02980769230769
storage.zip,raw_data\phase1_biscuit\achira_storage\storage.zip,achira_storage,Water Adsorption Isotherms_Achira biscuits.xlsx,Sheet1,772,33b12a783069049d0a02a8f2fd57ad8b,Water Adsorption Isotherms,4,35,0.237089285714286,2.0918112244898
storage.zip,raw_data\phase1_biscuit\achira_storage\storage.zip,achira_storage,Water Adsorption Isotherms_Achira biscuits.xlsx,Sheet1,773,5c8a641c5580bbd70942f9cf6e1631ba,Water Adsorption Isotherms,4,35,0.249642857142857,2.17441558441558
storage.zip,raw_data\phase1_biscuit\achira_storage\storage.zip,achira_storage,Water Adsorption Isotherms_Achira biscuits.xlsx,Sheet1,774,d222d42673985db78b9c5e55fcb3a3a9,Water Adsorption Isotherms,4,35,0.262196428571429,2.249375
storage.zip,raw_data\phase1_biscuit\achira_storage\storage.zip,achira_storage,Water Adsorption Isotherms_Achira biscuits.xlsx,Sheet1,775,d4a8b3396407011375658946dda9f551,Water Adsorption Isotherms,4,35,0.27475,2.3305
storage.zip,raw_data\phase1_biscuit\achira_storage\storage.zip,achira_storage,Water Adsorption Isotherms_Achira biscuits.xlsx,Sheet1,776,bde997b3073f84e6a9c91461dfb06ca5,Water Adsorption Isotherms,4,35,0.287303571428571,2.46760416666667
storage.zip,raw_data\phase1_biscuit\achira_storage\storage.zip,achira_storage,Water Adsorption Isotherms_Achira biscuits.xlsx,Sheet1,777,6d4dd1a6acdce85590ac7d604f0c521b,Water Adsorption Isotherms,4,35,0.299857142857143,2.50090909090909
storage.zip,raw_data\phase1_biscuit\achira_storage\storage.zip,achira_storage,Water Adsorption Isotherms_Achira biscuits.xlsx,Sheet1,778,20df2016fee8c7d0f99f508115bc62a9,Water Adsorption Isotherms,4,35,0.312410714285714,2.63443181818182
storage.zip,raw_data\phase1_biscuit\achira_storage\storage.zip,achira_storage,Water Adsorption Isotherms_Achira biscuits.xlsx,Sheet1,779,dea1cfa505c2a2b91e900bd56510c746,Water Adsorption Isotherms,4,35,0.324964285714286,2.60340909090909
storage.zip,raw_data\phase1_biscuit\achira_storage\storage.zip,achira_storage,Water Adsorption Isotherms_Achira biscuits.xlsx,Sheet1,780,22454f8133f9293156acfa64386ca012,Water Adsorption Isotherms,4,35,0.337517857142857,2.85258928571429
storage.zip,raw_data\phase1_biscuit\achira_storage\storage.zip,achira_storage,Water Adsorption Isotherms_Achira biscuits.xlsx,Sheet1,781,2961b36cfa9acfc352fee057dceecb5e,Water Adsorption Isotherms,4,35,0.350071428571429,2.926875
storage.zip,raw_data\phase1_biscuit\achira_storage\storage.zip,achira_storage,Water Adsorption Isotherms_Achira biscuits.xlsx,Sheet1,782,7c6c4d9ceb486b089b5ed0f38c03c52b,Water Adsorption Isotherms,4,35,0.362625,3.05866666666667
storage.zip,raw_data\phase1_biscuit\achira_storage\storage.zip,achira_storage,Water Adsorption Isotherms_Achira biscuits.xlsx,Sheet1,783,f03bd019ca224fdda46668a317fc608e,Water Adsorption Isotherms,4,35,0.375178571428572,3.08178571428571
storage.zip,raw_data\phase1_biscuit\achira_storage\storage.zip,achira_storage,Water Adsorption Isotherms_Achira biscuits.xlsx,Sheet1,784,ee16a10cb44c3d22e534c95a77d6798e,Water Adsorption Isotherms,4,35,0.387732142857143,3.23225
storage.zip,raw_data\phase1_biscuit\achira_storage\storage.zip,achira_storage,Water Adsorption Isotherms_Achira biscuits.xlsx,Sheet1,785,8eeab2002e36dff03be371a3da5d16cf,Water Adsorption Isotherms,4,35,0.400285714285714,3.21971428571429
storage.zip,raw_data\phase1_biscuit\achira_storage\storage.zip,achira_storage,Water Adsorption Isotherms_Achira biscuits.xlsx,Sheet1,786,f303420738633e23092529bdb5203c97,Water Adsorption Isotherms,4,35,0.412839285714286,3.29839285714286
storage.zip,raw_data\phase1_biscuit\achira_storage\storage.zip,achira_storage,Water Adsorption Isotherms_Achira biscuits.xlsx,Sheet1,787,6862b00f5e68a9109f2600e58d4f8e50,Water Adsorption Isotherms,4,35,0.425392857142857,3.50742857142857
storage.zip,raw_data\phase1_biscuit\achira_storage\storage.zip,achira_storage,Water Adsorption Isotherms_Achira biscuits.xlsx,Sheet1,788,56926a4b346acc3303d0737c6c21818d,Water Adsorption Isotherms,4,35,0.437946428571429,3.57438095238095
storage.zip,raw_data\phase1_biscuit\achira_storage\storage.zip,achira_storage,Water Adsorption Isotherms_Achira biscuits.xlsx,Sheet1,789,ddbc5bfc1ff3292d20ed8838dc2c0424,Water Adsorption Isotherms,4,35,0.4505,3.73392857142857
storage.zip,raw_data\phase1_biscuit\achira_storage\storage.zip,achira_storage,Water Adsorption Isotherms_Achira biscuits.xlsx,Sheet1,790,3224d16e4615cc35a0be74ff43601764,Water Adsorption Isotherms,4,35,0.463053571428571,3.85498376623377
storage.zip,raw_data\phase1_biscuit\achira_storage\storage.zip,achira_storage,Water Adsorption Isotherms_Achira biscuits.xlsx,Sheet1,791,268c67cfba0eff00d1a72114059fd6bb,Water Adsorption Isotherms,4,35,0.475607142857143,3.97375
storage.zip,raw_data\phase1_biscuit\achira_storage\storage.zip,achira_storage,Water Adsorption Isotherms_Achira biscuits.xlsx,Sheet1,792,b32da9fffce9411403e4ba9076540bc7,Water Adsorption Isotherms,4,35,0.488160714285714,3.97013888888889
storage.zip,raw_data\phase1_biscuit\achira_storage\storage.zip,achira_storage,Water Adsorption Isotherms_Achira biscuits.xlsx,Sheet1,793,0fcb750b31ed0f58b83f943343a88310,Water Adsorption Isotherms,4,35,0.500714285714286,4.09934065934066
storage.zip,raw_data\phase1_biscuit\achira_storage\storage.zip,achira_storage,Water Adsorption Isotherms_Achira biscuits.xlsx,Sheet1,794,980a49b38920dff1c4ead732d1dddf26,Water Adsorption Isotherms,4,35,0.513267857142857,4.25133928571429
storage.zip,raw_data\phase1_biscuit\achira_storage\storage.zip,achira_storage,Water Adsorption Isotherms_Achira biscuits.xlsx,Sheet1,795,bb0378cfbd25aa178c4d8d388d083573,Water Adsorption Isotherms,4,35,0.525821428571429,4.32821428571429
storage.zip,raw_data\phase1_biscuit\achira_storage\storage.zip,achira_storage,Water Adsorption Isotherms_Achira biscuits.xlsx,Sheet1,796,7f17d1f05ea6e335a4003c7acd4017ad,Water Adsorption Isotherms,4,35,0.538375,4.473125
storage.zip,raw_data\phase1_biscuit\achira_storage\storage.zip,achira_storage,Water Adsorption Isotherms_Achira biscuits.xlsx,Sheet1,797,23464e9cb1381f81bdb2fad123d0864f,Water Adsorption Isotherms,4,35,0.550928571428572,4.58031746031746
storage.zip,raw_data\phase1_biscuit\achira_storage\storage.zip,achira_storage,Water Adsorption Isotherms_Achira biscuits.xlsx,Sheet1,798,2df5ba137d50d1db411a28a3bf366c88,Water Adsorption Isotherms,4,35,0.563482142857143,4.75988095238095
storage.zip,raw_data\phase1_biscuit\achira_storage\storage.zip,achira_storage,Water Adsorption Isotherms_Achira biscuits.xlsx,Sheet1,799,87968819c99654a27501e9573fee7c76,Water Adsorption Isotherms,4,35,0.576035714285714,4.88908163265306
storage.zip,raw_data\phase1_biscuit\achira_storage\storage.zip,achira_storage,Water Adsorption Isotherms_Achira biscuits.xlsx,Sheet1,800,c2ec548b265ca174a8ecb42fd3f31b9d,Water Adsorption Isotherms,4,35,0.588589285714286,4.95677295918367
storage.zip,raw_data\phase1_biscuit\achira_storage\storage.zip,achira_storage,Water Adsorption Isotherms_Achira biscuits.xlsx,Sheet1,801,f364d236e2fb88d5c27c99ceaf4fb24d,Water Adsorption Isotherms,4,35,0.601142857142857,5.08038961038961
storage.zip,raw_data\phase1_biscuit\achira_storage\storage.zip,achira_storage,Water Adsorption Isotherms_Achira biscuits.xlsx,Sheet1,802,5c245080c95231b9a9073c3b51f1b810,Water Adsorption Isotherms,4,35,0.613696428571429,5.21044642857143
storage.zip,raw_data\phase1_biscuit\achira_storage\storage.zip,achira_storage,Water Adsorption Isotherms_Achira biscuits.xlsx,Sheet1,803,ca1f795afc8c5faf6bfa0044c6dde6bf,Water Adsorption Isotherms,4,35,0.62625,5.3625
storage.zip,raw_data\phase1_biscuit\achira_storage\storage.zip,achira_storage,Water Adsorption Isotherms_Achira biscuits.xlsx,Sheet1,804,3f5df474e78a874919692ff42f67d0d5,Water Adsorption Isotherms,4,35,0.638803571428572,5.52027777777778
storage.zip,raw_data\phase1_biscuit\achira_storage\storage.zip,achira_storage,Water Adsorption Isotherms_Achira biscuits.xlsx,Sheet1,805,175053d3ebf82a4cd1d09285598071f7,Water Adsorption Isotherms,4,35,0.651357142857143,5.65063492063492
storage.zip,raw_data\phase1_biscuit\achira_storage\storage.zip,achira_storage,Water Adsorption Isotherms_Achira biscuits.xlsx,Sheet1,806,828cdc9f34ef63a19562e1c6bb1b7b85,Water Adsorption Isotherms,4,35,0.663910714285714,5.77910714285714
storage.zip,raw_data\phase1_biscuit\achira_storage\storage.zip,achira_storage,Water Adsorption Isotherms_Achira biscuits.xlsx,Sheet1,807,6485864ac233c39b6de3277629c52dfb,Water Adsorption Isotherms,4,35,0.676464285714286,5.95619047619048
storage.zip,raw_data\phase1_biscuit\achira_storage\storage.zip,achira_storage,Water Adsorption Isotherms_Achira biscuits.xlsx,Sheet1,808,5f7702319d5f1259fc6115644c697eff,Water Adsorption Isotherms,4,35,0.689017857142857,6.13916666666667
storage.zip,raw_data\phase1_biscuit\achira_storage\storage.zip,achira_storage,Water Adsorption Isotherms_Achira biscuits.xlsx,Sheet1,809,3024855da6162736efaa42a32e0805d3,Water Adsorption Isotherms,4,35,0.701571428571429,6.34274725274725
storage.zip,raw_data\phase1_biscuit\achira_storage\storage.zip,achira_storage,Water Adsorption Isotherms_Achira biscuits.xlsx,Sheet1,810,2e2e14581e0621e676d45e49d5323f47,Water Adsorption Isotherms,4,35,0.714125,6.63984375
storage.zip,raw_data\phase1_biscuit\achira_storage\storage.zip,achira_storage,Water Adsorption Isotherms_Achira biscuits.xlsx,Sheet1,811,8cbefb53bdd6513b7b843afac887495f,Water Adsorption Isotherms,4,35,0.726678571428572,6.7159693877551
storage.zip,raw_data\phase1_biscuit\achira_storage\storage.zip,achira_storage,Water Adsorption Isotherms_Achira biscuits.xlsx,Sheet1,812,93a7cbfda302b5f105ecf60f762ba982,Water Adsorption Isotherms,4,35,0.739232142857143,7.04976190476191
storage.zip,raw_data\phase1_biscuit\achira_storage\storage.zip,achira_storage,Water Adsorption Isotherms_Achira biscuits.xlsx,Sheet1,813,70704ae851ce7a92f8ab678b3c4ad773,Water Adsorption Isotherms,4,35,0.751785714285714,7.13224489795919
storage.zip,raw_data\phase1_biscuit\achira_storage\storage.zip,achira_storage,Water Adsorption Isotherms_Achira biscuits.xlsx,Sheet1,814,c4e261cac595ed9860479eba8a4062d0,Water Adsorption Isotherms,4,35,0.764339285714286,7.38311688311688
storage.zip,raw_data\phase1_biscuit\achira_storage\storage.zip,achira_storage,Water Adsorption Isotherms_Achira biscuits.xlsx,Sheet1,815,e26cd159b0e69fffb64d0c22848ea9c8,Water Adsorption Isotherms,4,35,0.776892857142857,7.70758928571429
storage.zip,raw_data\phase1_biscuit\achira_storage\storage.zip,achira_storage,Water Adsorption Isotherms_Achira biscuits.xlsx,Sheet1,816,a639c1635b34bc6ca6aa70ef30bd676b,Water Adsorption Isotherms,4,35,0.789446428571429,7.92616071428572
storage.zip,raw_data\phase1_biscuit\achira_storage\storage.zip,achira_storage,Water Adsorption Isotherms_Achira biscuits.xlsx,Sheet1,817,e39f2c76a1b343f99a1c8766079b3c52,Water Adsorption Isotherms,4,35,0.802,8.25
storage.zip,raw_data\phase1_biscuit\achira_storage\storage.zip,achira_storage,Water Adsorption Isotherms_Achira biscuits.xlsx,Sheet1,818,ed830fbc541019cc3f93301a178b84d7,Water Adsorption Isotherms,5,35,0.099,1.704
storage.zip,raw_data\phase1_biscuit\achira_storage\storage.zip,achira_storage,Water Adsorption Isotherms_Achira biscuits.xlsx,Sheet1,819,9933987b85258a6150038f1688c7697b,Water Adsorption Isotherms,5,35,0.111553571428571,1.61400210084034
storage.zip,raw_data\phase1_biscuit\achira_storage\storage.zip,achira_storage,Water Adsorption Isotherms_Achira biscuits.xlsx,Sheet1,820,232a4575a59b461d301d0503d695bf5a,Water Adsorption Isotherms,5,35,0.124107142857143,1.60026785714286
storage.zip,raw_data\phase1_biscuit\achira_storage\storage.zip,achira_storage,Water Adsorption Isotherms_Achira biscuits.xlsx,Sheet1,821,2db558371627bcd0f1028b14b5f159b0,Water Adsorption Isotherms,5,35,0.136660714285714,1.63753759398496
storage.zip,raw_data\phase1_biscuit\achira_storage\storage.zip,achira_storage,Water Adsorption Isotherms_Achira biscuits.xlsx,Sheet1,822,453a9a347ab4d93f44c31a28efeb75a2,Water Adsorption Isotherms,5,35,0.149214285714286,1.63242857142857
storage.zip,raw_data\phase1_biscuit\achira_storage\storage.zip,achira_storage,Water Adsorption Isotherms_Achira biscuits.xlsx,Sheet1,823,fd2108a89ff7523ee642cd2e57f4dc1a,Water Adsorption Isotherms,5,35,0.161767857142857,1.74589285714286
storage.zip,raw_data\phase1_biscuit\achira_storage\storage.zip,achira_storage,Water Adsorption Isotherms_Achira biscuits.xlsx,Sheet1,824,25ce8b139360afddcc2a60f9c2b4747d,Water Adsorption Isotherms,5,35,0.174321428571429,1.70991071428571
storage.zip,raw_data\phase1_biscuit\achira_storage\storage.zip,achira_storage,Water Adsorption Isotherms_Achira biscuits.xlsx,Sheet1,825,8c934fc6d0dbae139c8d60f1c1633d7f,Water Adsorption Isotherms,5,35,0.186875,1.83296875
storage.zip,raw_data\phase1_biscuit\achira_storage\storage.zip,achira_storage,Water Adsorption Isotherms_Achira biscuits.xlsx,Sheet1,826,b59c25842ff0d83d89aeec6c61df41bb,Water Adsorption Isotherms,5,35,0.199428571428571,1.90079365079365
storage.zip,raw_data\phase1_biscuit\achira_storage\storage.zip,achira_storage,Water Adsorption Isotherms_Achira biscuits.xlsx,Sheet1,827,ea16bc19e68c991132b9134fe729411d,Water Adsorption Isotherms,5,35,0.211982142857143,1.9374255952381
storage.zip,raw_data\phase1_biscuit\achira_storage\storage.zip,achira_storage,Water Adsorption Isotherms_Achira biscuits.xlsx,Sheet1,828,717b8d5a48d0545d680a11b3e32dce21,Water Adsorption Isotherms,5,35,0.224535714285714,2.02980769230769
storage.zip,raw_data\phase1_biscuit\achira_storage\storage.zip,achira_storage,Water Adsorption Isotherms_Achira biscuits.xlsx,Sheet1,829,07ec4febd0a2a9cb8aa2c3783c06400a,Water Adsorption Isotherms,5,35,0.237089285714286,2.11089285714286
storage.zip,raw_data\phase1_biscuit\achira_storage\storage.zip,achira_storage,Water Adsorption Isotherms_Achira biscuits.xlsx,Sheet1,830,9ec35dcf30f17d222c4cd26042d42295,Water Adsorption Isotherms,5,35,0.249642857142857,2.17441558441558
storage.zip,raw_data\phase1_biscuit\achira_storage\storage.zip,achira_storage,Water Adsorption Isotherms_Achira biscuits.xlsx,Sheet1,831,5fbd1619720f9c076252b28830088a72,Water Adsorption Isotherms,5,35,0.262196428571429,2.19743506493507
storage.zip,raw_data\phase1_biscuit\achira_storage\storage.zip,achira_storage,Water Adsorption Isotherms_Achira biscuits.xlsx,Sheet1,832,5bb47549d46a721f0f89a2d21a62d610,Water Adsorption Isotherms,5,35,0.27475,2.3305
storage.zip,raw_data\phase1_biscuit\achira_storage\storage.zip,achira_storage,Water Adsorption Isotherms_Achira biscuits.xlsx,Sheet1,833,8c8f1c05cf7ed0f836ed2878e29b8cb9,Water Adsorption Isotherms,5,35,0.287303571428571,2.37651785714286
storage.zip,raw_data\phase1_biscuit\achira_storage\storage.zip,achira_storage,Water Adsorption Isotherms_Achira biscuits.xlsx,Sheet1,834,cd30e7b05223561853b5e0e7dbc181e5,Water Adsorption Isotherms,5,35,0.299857142857143,2.54444444444444
storage.zip,raw_data\phase1_biscuit\achira_storage\storage.zip,achira_storage,Water Adsorption Isotherms_Achira biscuits.xlsx,Sheet1,835,583d66c120c69c4563ab264eb4b26636,Water Adsorption Isotherms,5,35,0.312410714285714,2.51986111111111
storage.zip,raw_data\phase1_biscuit\achira_storage\storage.zip,achira_storage,Water Adsorption Isotherms_Achira biscuits.xlsx,Sheet1,836,821b6a7075b2a0be668baae0727fae3f,Water Adsorption Isotherms,5,35,0.324964285714286,2.60340909090909
storage.zip,raw_data\phase1_biscuit\achira_storage\storage.zip,achira_storage,Water Adsorption Isotherms_Achira biscuits.xlsx,Sheet1,837,6c7bbb7ed6672358b6d36a8c1635d235,Water Adsorption Isotherms,5,35,0.337517857142857,2.79784090909091
storage.zip,raw_data\phase1_biscuit\achira_storage\storage.zip,achira_storage,Water Adsorption Isotherms_Achira biscuits.xlsx,Sheet1,838,f0b959df197ab639260cc4389835a830,Water Adsorption Isotherms,5,35,0.350071428571429,2.926875
storage.zip,raw_data\phase1_biscuit\achira_storage\storage.zip,achira_storage,Water Adsorption Isotherms_Achira biscuits.xlsx,Sheet1,839,a566e5d5760028e9c504d7998b5d3e82,Water Adsorption Isotherms,5,35,0.362625,3.05866666666667
storage.zip,raw_data\phase1_biscuit\achira_storage\storage.zip,achira_storage,Water Adsorption Isotherms_Achira biscuits.xlsx,Sheet1,840,fdc9a65cd456541fe68b6a197bd37c93,Water Adsorption Isotherms,5,35,0.375178571428572,3.00485714285714
storage.zip,raw_data\phase1_biscuit\achira_storage\storage.zip,achira_storage,Water Adsorption Isotherms_Achira biscuits.xlsx,Sheet1,841,e64d902f21ee8692d1ca8eb6d5532892,Water Adsorption Isotherms,5,35,0.387732142857143,3.09579831932773
storage.zip,raw_data\phase1_biscuit\achira_storage\storage.zip,achira_storage,Water Adsorption Isotherms_Achira biscuits.xlsx,Sheet1,842,bba5e2d845d6abf00f677e6bba19a922,Water Adsorption Isotherms,5,35,0.400285714285714,3.28466666666667
storage.zip,raw_data\phase1_biscuit\achira_storage\storage.zip,achira_storage,Water Adsorption Isotherms_Achira biscuits.xlsx,Sheet1,843,7ad8ebcfa8a67b10f4fcd1f8e3fa4d27,Water Adsorption Isotherms,5,35,0.412839285714286,3.35839285714286
storage.zip,raw_data\phase1_biscuit\achira_storage\storage.zip,achira_storage,Water Adsorption Isotherms_Achira biscuits.xlsx,Sheet1,844,c7702f57f4782209f3fd616758fda6ba,Water Adsorption Isotherms,5,35,0.425392857142857,3.53922077922078
storage.zip,raw_data\phase1_biscuit\achira_storage\storage.zip,achira_storage,Water Adsorption Isotherms_Achira biscuits.xlsx,Sheet1,845,b00b03fff0705ac0ba4adfbf1da6d8b6,Water Adsorption Isotherms,5,35,0.437946428571429,3.57438095238095
storage.zip,raw_data\phase1_biscuit\achira_storage\storage.zip,achira_storage,Water Adsorption Isotherms_Achira biscuits.xlsx,Sheet1,846,a7cb9679f97bc95f7dfec1d702e2934b,Water Adsorption Isotherms,5,35,0.4505,3.73392857142857
storage.zip,raw_data\phase1_biscuit\achira_storage\storage.zip,achira_storage,Water Adsorption Isotherms_Achira biscuits.xlsx,Sheet1,847,07c17f064082dec326b06434a77ec425,Water Adsorption Isotherms,5,35,0.463053571428571,3.85498376623377
storage.zip,raw_data\phase1_biscuit\achira_storage\storage.zip,achira_storage,Water Adsorption Isotherms_Achira biscuits.xlsx,Sheet1,848,c63e1b657eaa37b49be3b353cf98e684,Water Adsorption Isotherms,5,35,0.475607142857143,3.87728021978022
storage.zip,raw_data\phase1_biscuit\achira_storage\storage.zip,achira_storage,Water Adsorption Isotherms_Achira biscuits.xlsx,Sheet1,849,0651580f0c3c244661973b9819b16c74,Water Adsorption Isotherms,5,35,0.488160714285714,3.97013888888889
storage.zip,raw_data\phase1_biscuit\achira_storage\storage.zip,achira_storage,Water Adsorption Isotherms_Achira biscuits.xlsx,Sheet1,850,b2c640351bb2afec6a7c38874fee8718,Water Adsorption Isotherms,5,35,0.500714285714286,4.09934065934066
storage.zip,raw_data\phase1_biscuit\achira_storage\storage.zip,achira_storage,Water Adsorption Isotherms_Achira biscuits.xlsx,Sheet1,851,156d78ce44d3b2459a13bdef9eedbc3c,Water Adsorption Isotherms,5,35,0.513267857142857,4.21267857142857
storage.zip,raw_data\phase1_biscuit\achira_storage\storage.zip,achira_storage,Water Adsorption Isotherms_Achira biscuits.xlsx,Sheet1,852,c27ee8f3e5e5ab010b0c895be2582f67,Water Adsorption Isotherms,5,35,0.525821428571429,4.41631868131868
storage.zip,raw_data\phase1_biscuit\achira_storage\storage.zip,achira_storage,Water Adsorption Isotherms_Achira biscuits.xlsx,Sheet1,853,d28751474692531e3fcf71ec2aadaf02,Water Adsorption Isotherms,5,35,0.538375,4.46677083333333
storage.zip,raw_data\phase1_biscuit\achira_storage\storage.zip,achira_storage,Water Adsorption Isotherms_Achira biscuits.xlsx,Sheet1,854,d029b0b867e66986623d3638645518e4,Water Adsorption Isotherms,5,35,0.550928571428572,4.58031746031746
storage.zip,raw_data\phase1_biscuit\achira_storage\storage.zip,achira_storage,Water Adsorption Isotherms_Achira biscuits.xlsx,Sheet1,855,e377801e0182e2b826e7f09f2db63cc2,Water Adsorption Isotherms,5,35,0.563482142857143,4.68482142857143
storage.zip,raw_data\phase1_biscuit\achira_storage\storage.zip,achira_storage,Water Adsorption Isotherms_Achira biscuits.xlsx,Sheet1,856,de62bf631ecadec4f788477b82cb7790,Water Adsorption Isotherms,5,35,0.576035714285714,4.81794642857143
storage.zip,raw_data\phase1_biscuit\achira_storage\storage.zip,achira_storage,Water Adsorption Isotherms_Achira biscuits.xlsx,Sheet1,857,b913f81493122dd460b3c956764d6fec,Water Adsorption Isotherms,5,35,0.588589285714286,5.04348214285714
storage.zip,raw_data\phase1_biscuit\achira_storage\storage.zip,achira_storage,Water Adsorption Isotherms_Achira biscuits.xlsx,Sheet1,858,1e099ccf88217c57e2c7ec2c292842bd,Water Adsorption Isotherms,5,35,0.601142857142857,5.11214285714286
storage.zip,raw_data\phase1_biscuit\achira_storage\storage.zip,achira_storage,Water Adsorption Isotherms_Achira biscuits.xlsx,Sheet1,859,d7b9f6a49f85a5263ec5e845323d4f7a,Water Adsorption Isotherms,5,35,0.613696428571429,5.29253571428572
storage.zip,raw_data\phase1_biscuit\achira_storage\storage.zip,achira_storage,Water Adsorption Isotherms_Achira biscuits.xlsx,Sheet1,860,433d9660e09d6a6827ed786c2bd3f96a,Water Adsorption Isotherms,5,35,0.62625,5.34321428571429
storage.zip,raw_data\phase1_biscuit\achira_storage\storage.zip,achira_storage,Water Adsorption Isotherms_Achira biscuits.xlsx,Sheet1,861,98c0a1173ed270f5addc0b496b834f22,Water Adsorption Isotherms,5,35,0.638803571428572,5.52027777777778
storage.zip,raw_data\phase1_biscuit\achira_storage\storage.zip,achira_storage,Water Adsorption Isotherms_Achira biscuits.xlsx,Sheet1,862,af88dda5853a22a4c9c2955088cacce6,Water Adsorption Isotherms,5,35,0.651357142857143,5.6938961038961
storage.zip,raw_data\phase1_biscuit\achira_storage\storage.zip,achira_storage,Water Adsorption Isotherms_Achira biscuits.xlsx,Sheet1,863,6dfde542b90953327edf5009a57a2625,Water Adsorption Isotherms,5,35,0.663910714285714,5.77910714285714
storage.zip,raw_data\phase1_biscuit\achira_storage\storage.zip,achira_storage,Water Adsorption Isotherms_Achira biscuits.xlsx,Sheet1,864,9fa7ac017d2b6d1b5965f260777987f7,Water Adsorption Isotherms,5,35,0.676464285714286,5.98017857142857
storage.zip,raw_data\phase1_biscuit\achira_storage\storage.zip,achira_storage,Water Adsorption Isotherms_Achira biscuits.xlsx,Sheet1,865,4763ef333dd747c6b8d85a76d9e6b3f9,Water Adsorption Isotherms,5,35,0.689017857142857,6.17279017857143
storage.zip,raw_data\phase1_biscuit\achira_storage\storage.zip,achira_storage,Water Adsorption Isotherms_Achira biscuits.xlsx,Sheet1,866,9f8a46173a903c282fc9af0d7cdc4477,Water Adsorption Isotherms,5,35,0.701571428571429,6.34119047619048
storage.zip,raw_data\phase1_biscuit\achira_storage\storage.zip,achira_storage,Water Adsorption Isotherms_Achira biscuits.xlsx,Sheet1,867,c59f379ecf9bed787099abd273352d8b,Water Adsorption Isotherms,5,35,0.714125,6.63984375
storage.zip,raw_data\phase1_biscuit\achira_storage\storage.zip,achira_storage,Water Adsorption Isotherms_Achira biscuits.xlsx,Sheet1,868,41d405b8258a7fc877061bdbae2f1690,Water Adsorption Isotherms,5,35,0.726678571428572,6.7159693877551
storage.zip,raw_data\phase1_biscuit\achira_storage\storage.zip,achira_storage,Water Adsorption Isotherms_Achira biscuits.xlsx,Sheet1,869,a3332b17490a1ea7dc782a1b29056183,Water Adsorption Isotherms,5,35,0.739232142857143,6.90995535714286
storage.zip,raw_data\phase1_biscuit\achira_storage\storage.zip,achira_storage,Water Adsorption Isotherms_Achira biscuits.xlsx,Sheet1,870,8994d724d0f0f3e62fe4868510accc7f,Water Adsorption Isotherms,5,35,0.751785714285714,7.13224489795919
storage.zip,raw_data\phase1_biscuit\achira_storage\storage.zip,achira_storage,Water Adsorption Isotherms_Achira biscuits.xlsx,Sheet1,871,8f712f37bd8965e7be7d683b310e30a4,Water Adsorption Isotherms,5,35,0.764339285714286,7.38311688311688
storage.zip,raw_data\phase1_biscuit\achira_storage\storage.zip,achira_storage,Water Adsorption Isotherms_Achira biscuits.xlsx,Sheet1,872,25777e8e2e1cba96a261775e5255db2f,Water Adsorption Isotherms,5,35,0.776892857142857,7.62311224489796
storage.zip,raw_data\phase1_biscuit\achira_storage\storage.zip,achira_storage,Water Adsorption Isotherms_Achira biscuits.xlsx,Sheet1,873,c0445f3483797c03966cc21bba1cf2f7,Water Adsorption Isotherms,5,35,0.789446428571429,8.2424007936508
storage.zip,raw_data\phase1_biscuit\achira_storage\storage.zip,achira_storage,Water Adsorption Isotherms_Achira biscuits.xlsx,Sheet1,874,42d0114aeedebd375a5abe2123f9e5b4,Water Adsorption Isotherms,5,35,0.802,8.25
storage.zip,raw_data\phase1_biscuit\achira_storage\storage.zip,achira_storage,Water Adsorption Isotherms_Achira biscuits.xlsx,Sheet1,875,053a782d4d0147f366e732e2a017febb,Water Adsorption Isotherms,6,35,0.099,1.63
storage.zip,raw_data\phase1_biscuit\achira_storage\storage.zip,achira_storage,Water Adsorption Isotherms_Achira biscuits.xlsx,Sheet1,876,513d05a481f4ee6351ce39fff17d9ffe,Water Adsorption Isotherms,6,35,0.111553571428571,1.65378571428571
storage.zip,raw_data\phase1_biscuit\achira_storage\storage.zip,achira_storage,Water Adsorption Isotherms_Achira biscuits.xlsx,Sheet1,877,fdbacc6d3465ac928e496f4706094af7,Water Adsorption Isotherms,6,35,0.124107142857143,1.62432330827068
storage.zip,raw_data\phase1_biscuit\achira_storage\storage.zip,achira_storage,Water Adsorption Isotherms_Achira biscuits.xlsx,Sheet1,878,3ce1be8cc642802c8181590318b5685f,Water Adsorption Isotherms,6,35,0.136660714285714,1.63753759398496
storage.zip,raw_data\phase1_biscuit\achira_storage\storage.zip,achira_storage,Water Adsorption Isotherms_Achira biscuits.xlsx,Sheet1,879,43182a83bcdaa36f968a61303ed66952,Water Adsorption Isotherms,6,35,0.149214285714286,1.69080357142857
storage.zip,raw_data\phase1_biscuit\achira_storage\storage.zip,achira_storage,Water Adsorption Isotherms_Achira biscuits.xlsx,Sheet1,880,b3086557c1c7d0277bc748efc237be34,Water Adsorption Isotherms,6,35,0.161767857142857,1.74043367346939
storage.zip,raw_data\phase1_biscuit\achira_storage\storage.zip,achira_storage,Water Adsorption Isotherms_Achira biscuits.xlsx,Sheet1,881,9f36bf5c940afbef51e07c38ede6e9c2,Water Adsorption Isotherms,6,35,0.174321428571429,1.79
storage.zip,raw_data\phase1_biscuit\achira_storage\storage.zip,achira_storage,Water Adsorption Isotherms_Achira biscuits.xlsx,Sheet1,882,559c7eb1bc742b7b9dc1dce10492f874,Water Adsorption Isotherms,6,35,0.186875,1.78291666666667
storage.zip,raw_data\phase1_biscuit\achira_storage\storage.zip,achira_storage,Water Adsorption Isotherms_Achira biscuits.xlsx,Sheet1,883,0f4c1f6289aab9e4cac8f39bd7ed4d7e,Water Adsorption Isotherms,6,35,0.199428571428571,1.90079365079365
storage.zip,raw_data\phase1_biscuit\achira_storage\storage.zip,achira_storage,Water Adsorption Isotherms_Achira biscuits.xlsx,Sheet1,884,45eadaa69593dc82cb85a9889d044850,Water Adsorption Isotherms,6,35,0.211982142857143,1.9374255952381
storage.zip,raw_data\phase1_biscuit\achira_storage\storage.zip,achira_storage,Water Adsorption Isotherms_Achira biscuits.xlsx,Sheet1,885,71e4a2c9296799f67f92eb16a631e9fa,Water Adsorption Isotherms,6,35,0.224535714285714,2.02980769230769
storage.zip,raw_data\phase1_biscuit\achira_storage\storage.zip,achira_storage,Water Adsorption Isotherms_Achira biscuits.xlsx,Sheet1,886,d4647e4d72119967816f8900e8d11035,Water Adsorption Isotherms,6,35,0.237089285714286,2.04752551020408
storage.zip,raw_data\phase1_biscuit\achira_storage\storage.zip,achira_storage,Water Adsorption Isotherms_Achira biscuits.xlsx,Sheet1,887,8aee7b237b37afecda3845292181f8d7,Water Adsorption Isotherms,6,35,0.249642857142857,2.1275
storage.zip,raw_data\phase1_biscuit\achira_storage\storage.zip,achira_storage,Water Adsorption Isotherms_Achira biscuits.xlsx,Sheet1,888,308b7aea65baa7f345c92d5d05eadec3,Water Adsorption Isotherms,6,35,0.262196428571429,2.24229166666667
storage.zip,raw_data\phase1_biscuit\achira_storage\storage.zip,achira_storage,Water Adsorption Isotherms_Achira biscuits.xlsx,Sheet1,889,a7f012c170b5559743044510dfe7bcbd,Water Adsorption Isotherms,6,35,0.27475,2.3305
storage.zip,raw_data\phase1_biscuit\achira_storage\storage.zip,achira_storage,Water Adsorption Isotherms_Achira biscuits.xlsx,Sheet1,890,bff5981581dbe45464fff09c4e7cf383,Water Adsorption Isotherms,6,35,0.287303571428571,2.37651785714286
storage.zip,raw_data\phase1_biscuit\achira_storage\storage.zip,achira_storage,Water Adsorption Isotherms_Achira biscuits.xlsx,Sheet1,891,0d09ca0216697594801d8d32e162ab0a,Water Adsorption Isotherms,6,35,0.299857142857143,2.54444444444444
storage.zip,raw_data\phase1_biscuit\achira_storage\storage.zip,achira_storage,Water Adsorption Isotherms_Achira biscuits.xlsx,Sheet1,892,1e0927f38a64df8b18dcc598d7186b83,Water Adsorption Isotherms,6,35,0.312410714285714,2.61992647058824
storage.zip,raw_data\phase1_biscuit\achira_storage\storage.zip,achira_storage,Water Adsorption Isotherms_Achira biscuits.xlsx,Sheet1,893,7c780a7291a08f1a068849afae266d74,Water Adsorption Isotherms,6,35,0.324964285714286,2.60340909090909
storage.zip,raw_data\phase1_biscuit\achira_storage\storage.zip,achira_storage,Water Adsorption Isotherms_Achira biscuits.xlsx,Sheet1,894,96de67f0812d0293674bea15198cfb6c,Water Adsorption Isotherms,6,35,0.337517857142857,2.79784090909091
storage.zip,raw_data\phase1_biscuit\achira_storage\storage.zip,achira_storage,Water Adsorption Isotherms_Achira biscuits.xlsx,Sheet1,895,e06a7770bffe69ea818a1368ae4e0758,Water Adsorption Isotherms,6,35,0.350071428571429,2.88597402597403
storage.zip,raw_data\phase1_biscuit\achira_storage\storage.zip,achira_storage,Water Adsorption Isotherms_Achira biscuits.xlsx,Sheet1,896,c53484ed6e5e4b19ea9b52d3e1f23013,Water Adsorption Isotherms,6,35,0.362625,2.92211538461539
storage.zip,raw_data\phase1_biscuit\achira_storage\storage.zip,achira_storage,Water Adsorption Isotherms_Achira biscuits.xlsx,Sheet1,897,3ba195e9e1cd41fac2e2c644d060f9b4,Water Adsorption Isotherms,6,35,0.375178571428572,3.12561904761905
storage.zip,raw_data\phase1_biscuit\achira_storage\storage.zip,achira_storage,Water Adsorption Isotherms_Achira biscuits.xlsx,Sheet1,898,646f2e9560a5f58e99dd3d7a53461162,Water Adsorption Isotherms,6,35,0.387732142857143,3.23225
storage.zip,raw_data\phase1_biscuit\achira_storage\storage.zip,achira_storage,Water Adsorption Isotherms_Achira biscuits.xlsx,Sheet1,899,ddd6013276c27327b97dd892f6858d7b,Water Adsorption Isotherms,6,35,0.400285714285714,3.21971428571429
storage.zip,raw_data\phase1_biscuit\achira_storage\storage.zip,achira_storage,Water Adsorption Isotherms_Achira biscuits.xlsx,Sheet1,900,3fbfc83bb73f68feff73a25bed3926e8,Water Adsorption Isotherms,6,35,0.412839285714286,3.29839285714286
storage.zip,raw_data\phase1_biscuit\achira_storage\storage.zip,achira_storage,Water Adsorption Isotherms_Achira biscuits.xlsx,Sheet1,901,8c22d0aff4b06ebb8747bcbf428e56a7,Water Adsorption Isotherms,6,35,0.425392857142857,3.4159375
storage.zip,raw_data\phase1_biscuit\achira_storage\storage.zip,achira_storage,Water Adsorption Isotherms_Achira biscuits.xlsx,Sheet1,902,88a35f68699fcba7c515e0046e1da378,Water Adsorption Isotherms,6,35,0.437946428571429,3.57438095238095
storage.zip,raw_data\phase1_biscuit\achira_storage\storage.zip,achira_storage,Water Adsorption Isotherms_Achira biscuits.xlsx,Sheet1,903,10fb8ebb96f96f2b5c46ad77d7234f3e,Water Adsorption Isotherms,6,35,0.4505,3.65807692307692
storage.zip,raw_data\phase1_biscuit\achira_storage\storage.zip,achira_storage,Water Adsorption Isotherms_Achira biscuits.xlsx,Sheet1,904,de9e8ca9fcde5a1c435177b1c3c233d9,Water Adsorption Isotherms,6,35,0.463053571428571,3.85498376623377
storage.zip,raw_data\phase1_biscuit\achira_storage\storage.zip,achira_storage,Water Adsorption Isotherms_Achira biscuits.xlsx,Sheet1,905,e38395c149be311710db6bfaaa2a41e7,Water Adsorption Isotherms,6,35,0.475607142857143,3.97375
storage.zip,raw_data\phase1_biscuit\achira_storage\storage.zip,achira_storage,Water Adsorption Isotherms_Achira biscuits.xlsx,Sheet1,906,b53a5a03567d3542d65c68b78b95ca46,Water Adsorption Isotherms,6,35,0.488160714285714,3.97013888888889
storage.zip,raw_data\phase1_biscuit\achira_storage\storage.zip,achira_storage,Water Adsorption Isotherms_Achira biscuits.xlsx,Sheet1,907,516144e8b931ce864bfb49fa30b88b91,Water Adsorption Isotherms,6,35,0.500714285714286,4.09934065934066
storage.zip,raw_data\phase1_biscuit\achira_storage\storage.zip,achira_storage,Water Adsorption Isotherms_Achira biscuits.xlsx,Sheet1,908,4df381faaeb29613ad53b2ea087c3fb4,Water Adsorption Isotherms,6,35,0.513267857142857,4.30056547619048
storage.zip,raw_data\phase1_biscuit\achira_storage\storage.zip,achira_storage,Water Adsorption Isotherms_Achira biscuits.xlsx,Sheet1,909,8f7ca0288f925f07162c134282145f4c,Water Adsorption Isotherms,6,35,0.525821428571429,4.41631868131868
storage.zip,raw_data\phase1_biscuit\achira_storage\storage.zip,achira_storage,Water Adsorption Isotherms_Achira biscuits.xlsx,Sheet1,910,99406cabb604fd5fd88abfc6e65d72fa,Water Adsorption Isotherms,6,35,0.538375,4.46677083333333
storage.zip,raw_data\phase1_biscuit\achira_storage\storage.zip,achira_storage,Water Adsorption Isotherms_Achira biscuits.xlsx,Sheet1,911,aa6f9d18ae7205ecb2c9083583ddf15b,Water Adsorption Isotherms,6,35,0.550928571428572,4.58031746031746
storage.zip,raw_data\phase1_biscuit\achira_storage\storage.zip,achira_storage,Water Adsorption Isotherms_Achira biscuits.xlsx,Sheet1,912,d721925de78108b41a9ed5ce5de8dd92,Water Adsorption Isotherms,6,35,0.563482142857143,4.72042410714286
storage.zip,raw_data\phase1_biscuit\achira_storage\storage.zip,achira_storage,Water Adsorption Isotherms_Achira biscuits.xlsx,Sheet1,913,416089b5e5f5698baea3a9724cf3130a,Water Adsorption Isotherms,6,35,0.576035714285714,4.88908163265306
storage.zip,raw_data\phase1_biscuit\achira_storage\storage.zip,achira_storage,Water Adsorption Isotherms_Achira biscuits.xlsx,Sheet1,914,eb1a529b912d5461633c468285a74b49,Water Adsorption Isotherms,6,35,0.588589285714286,5.04348214285714
storage.zip,raw_data\phase1_biscuit\achira_storage\storage.zip,achira_storage,Water Adsorption Isotherms_Achira biscuits.xlsx,Sheet1,915,723f581f840c7768793baaedf71ffb01,Water Adsorption Isotherms,6,35,0.601142857142857,5.08038961038961
storage.zip,raw_data\phase1_biscuit\achira_storage\storage.zip,achira_storage,Water Adsorption Isotherms_Achira biscuits.xlsx,Sheet1,916,282e89572b0e7afa0f7a180cadf97d58,Water Adsorption Isotherms,6,35,0.613696428571429,5.21044642857143
storage.zip,raw_data\phase1_biscuit\achira_storage\storage.zip,achira_storage,Water Adsorption Isotherms_Achira biscuits.xlsx,Sheet1,917,7473189814e7314d588c7b09fd50a3be,Water Adsorption Isotherms,6,35,0.62625,5.3625
storage.zip,raw_data\phase1_biscuit\achira_storage\storage.zip,achira_storage,Water Adsorption Isotherms_Achira biscuits.xlsx,Sheet1,918,fdea1fd5367f3fab77a8a59fab587626,Water Adsorption Isotherms,6,35,0.638803571428572,5.52027777777778
storage.zip,raw_data\phase1_biscuit\achira_storage\storage.zip,achira_storage,Water Adsorption Isotherms_Achira biscuits.xlsx,Sheet1,919,996d2187780770a1189a18c5347cf1ec,Water Adsorption Isotherms,6,35,0.651357142857143,5.6938961038961
storage.zip,raw_data\phase1_biscuit\achira_storage\storage.zip,achira_storage,Water Adsorption Isotherms_Achira biscuits.xlsx,Sheet1,920,4c584d3db27e0bdc2e80c4fe360cea2b,Water Adsorption Isotherms,6,35,0.663910714285714,5.83483928571429
storage.zip,raw_data\phase1_biscuit\achira_storage\storage.zip,achira_storage,Water Adsorption Isotherms_Achira biscuits.xlsx,Sheet1,921,2a19902f6147f5c6643a89a75630ed57,Water Adsorption Isotherms,6,35,0.676464285714286,5.95619047619048
storage.zip,raw_data\phase1_biscuit\achira_storage\storage.zip,achira_storage,Water Adsorption Isotherms_Achira biscuits.xlsx,Sheet1,922,54ffa3b96f247f6da231f8b86b2e9128,Water Adsorption Isotherms,6,35,0.689017857142857,6.13916666666667
storage.zip,raw_data\phase1_biscuit\achira_storage\storage.zip,achira_storage,Water Adsorption Isotherms_Achira biscuits.xlsx,Sheet1,923,ad0a455663d5559e58f379857af1e94a,Water Adsorption Isotherms,6,35,0.701571428571429,6.34274725274725
storage.zip,raw_data\phase1_biscuit\achira_storage\storage.zip,achira_storage,Water Adsorption Isotherms_Achira biscuits.xlsx,Sheet1,924,196e9b68d4eeb5efce588c3e0a761c3f,Water Adsorption Isotherms,6,35,0.714125,6.48221153846154
storage.zip,raw_data\phase1_biscuit\achira_storage\storage.zip,achira_storage,Water Adsorption Isotherms_Achira biscuits.xlsx,Sheet1,925,35c69296bec91b43ed6bf373a07c4105,Water Adsorption Isotherms,6,35,0.726678571428572,6.7335
storage.zip,raw_data\phase1_biscuit\achira_storage\storage.zip,achira_storage,Water Adsorption Isotherms_Achira biscuits.xlsx,Sheet1,926,2638461c9b3a2f481fe4037e5723df57,Water Adsorption Isotherms,6,35,0.739232142857143,6.91781887755102
storage.zip,raw_data\phase1_biscuit\achira_storage\storage.zip,achira_storage,Water Adsorption Isotherms_Achira biscuits.xlsx,Sheet1,927,172f698539d8eaffe7c686b997d9ec61,Water Adsorption Isotherms,6,35,0.751785714285714,7.13224489795919
storage.zip,raw_data\phase1_biscuit\achira_storage\storage.zip,achira_storage,Water Adsorption Isotherms_Achira biscuits.xlsx,Sheet1,928,8b3187014f7d5e84ec58ed37cc24c485,Water Adsorption Isotherms,6,35,0.764339285714286,7.6128869047619
storage.zip,raw_data\phase1_biscuit\achira_storage\storage.zip,achira_storage,Water Adsorption Isotherms_Achira biscuits.xlsx,Sheet1,929,912ab82632df4ea68e5bd6fbfcd45af8,Water Adsorption Isotherms,6,35,0.776892857142857,7.62311224489796
storage.zip,raw_data\phase1_biscuit\achira_storage\storage.zip,achira_storage,Water Adsorption Isotherms_Achira biscuits.xlsx,Sheet1,930,7aa305deeccbdef9670f47370c5d0f3f,Water Adsorption Isotherms,6,35,0.789446428571429,8.2424007936508
storage.zip,raw_data\phase1_biscuit\achira_storage\storage.zip,achira_storage,Water Adsorption Isotherms_Achira biscuits.xlsx,Sheet1,931,8af0ec190d6162b20506fd99ed3a381c,Water Adsorption Isotherms,6,35,0.802,8.50333333333333
storage.zip,raw_data\phase1_biscuit\achira_storage\storage.zip,achira_storage,Water Adsorption Isotherms_Achira biscuits.xlsx,Sheet1,932,638cbc4d364d211d9bbd3991664d9544,Water Adsorption Isotherms,7,35,0.099,1.71
storage.zip,raw_data\phase1_biscuit\achira_storage\storage.zip,achira_storage,Water Adsorption Isotherms_Achira biscuits.xlsx,Sheet1,933,f94d4649ea3ee206f4a0d1ddb5218ba0,Water Adsorption Isotherms,7,35,0.111553571428571,1.63
storage.zip,raw_data\phase1_biscuit\achira_storage\storage.zip,achira_storage,Water Adsorption Isotherms_Achira biscuits.xlsx,Sheet1,934,a2252a479111542b71537637612039be,Water Adsorption Isotherms,7,35,0.124107142857143,1.62432330827068
storage.zip,raw_data\phase1_biscuit\achira_storage\storage.zip,achira_storage,Water Adsorption Isotherms_Achira biscuits.xlsx,Sheet1,935,52ae860a276bb771cb536f09db428cc9,Water Adsorption Isotherms,7,35,0.136660714285714,1.63
storage.zip,raw_data\phase1_biscuit\achira_storage\storage.zip,achira_storage,Water Adsorption Isotherms_Achira biscuits.xlsx,Sheet1,936,609e83a7b748f75371e8168b56d1c298,Water Adsorption Isotherms,7,35,0.149214285714286,1.63242857142857
storage.zip,raw_data\phase1_biscuit\achira_storage\storage.zip,achira_storage,Water Adsorption Isotherms_Achira biscuits.xlsx,Sheet1,937,0d5929adc0438b06b7495db5094602df,Water Adsorption Isotherms,7,35,0.161767857142857,1.65753571428571
storage.zip,raw_data\phase1_biscuit\achira_storage\storage.zip,achira_storage,Water Adsorption Isotherms_Achira biscuits.xlsx,Sheet1,938,a8e57b9c1234e66073f3e56c9833d540,Water Adsorption Isotherms,7,35,0.174321428571429,1.77919642857143
storage.zip,raw_data\phase1_biscuit\achira_storage\storage.zip,achira_storage,Water Adsorption Isotherms_Achira biscuits.xlsx,Sheet1,939,8ed8b3ba7277b5ca703281fb3da5a20f,Water Adsorption Isotherms,7,35,0.186875,1.83296875
storage.zip,raw_data\phase1_biscuit\achira_storage\storage.zip,achira_storage,Water Adsorption Isotherms_Achira biscuits.xlsx,Sheet1,940,62b98c12c369e079d908e5c596f0878a,Water Adsorption Isotherms,7,35,0.199428571428571,1.90079365079365
storage.zip,raw_data\phase1_biscuit\achira_storage\storage.zip,achira_storage,Water Adsorption Isotherms_Achira biscuits.xlsx,Sheet1,941,8371d570fbeb3bc7d52d631fbf6ba958,Water Adsorption Isotherms,7,35,0.211982142857143,1.91214285714286
storage.zip,raw_data\phase1_biscuit\achira_storage\storage.zip,achira_storage,Water Adsorption Isotherms_Achira biscuits.xlsx,Sheet1,942,c63f1abf3ef0b6bdb8eebb217063e883,Water Adsorption Isotherms,7,35,0.224535714285714,2.03267857142857
storage.zip,raw_data\phase1_biscuit\achira_storage\storage.zip,achira_storage,Water Adsorption Isotherms_Achira biscuits.xlsx,Sheet1,943,f7b061192488b5192cdd5360d71f8023,Water Adsorption Isotherms,7,35,0.237089285714286,2.04752551020408
storage.zip,raw_data\phase1_biscuit\achira_storage\storage.zip,achira_storage,Water Adsorption Isotherms_Achira biscuits.xlsx,Sheet1,944,6442afd3ebe6f5a7980a06b28772eaba,Water Adsorption Isotherms,7,35,0.249642857142857,2.18017857142857
storage.zip,raw_data\phase1_biscuit\achira_storage\storage.zip,achira_storage,Water Adsorption Isotherms_Achira biscuits.xlsx,Sheet1,945,c13f3393974fa5ca906e40132a310613,Water Adsorption Isotherms,7,35,0.262196428571429,2.249375
storage.zip,raw_data\phase1_biscuit\achira_storage\storage.zip,achira_storage,Water Adsorption Isotherms_Achira biscuits.xlsx,Sheet1,946,2d2be37639b77d3d2c2c5c1f83aafbfa,Water Adsorption Isotherms,7,35,0.27475,2.3305
storage.zip,raw_data\phase1_biscuit\achira_storage\storage.zip,achira_storage,Water Adsorption Isotherms_Achira biscuits.xlsx,Sheet1,947,0ec7596dee578b280c1ab5129dafc2b5,Water Adsorption Isotherms,7,35,0.287303571428571,2.37651785714286
storage.zip,raw_data\phase1_biscuit\achira_storage\storage.zip,achira_storage,Water Adsorption Isotherms_Achira biscuits.xlsx,Sheet1,948,a68cfb0bb68575a3c664091c2faab2dd,Water Adsorption Isotherms,7,35,0.299857142857143,2.50090909090909
storage.zip,raw_data\phase1_biscuit\achira_storage\storage.zip,achira_storage,Water Adsorption Isotherms_Achira biscuits.xlsx,Sheet1,949,cf8c2fe4b8a9a2107be1f7a2c47dbc37,Water Adsorption Isotherms,7,35,0.312410714285714,2.63443181818182
storage.zip,raw_data\phase1_biscuit\achira_storage\storage.zip,achira_storage,Water Adsorption Isotherms_Achira biscuits.xlsx,Sheet1,950,22298de04763c259044ade009557be77,Water Adsorption Isotherms,7,35,0.324964285714286,2.73964285714286
storage.zip,raw_data\phase1_biscuit\achira_storage\storage.zip,achira_storage,Water Adsorption Isotherms_Achira biscuits.xlsx,Sheet1,951,748ad8f0fb92a9314c50f4f9679e7d18,Water Adsorption Isotherms,7,35,0.337517857142857,2.79784090909091
storage.zip,raw_data\phase1_biscuit\achira_storage\storage.zip,achira_storage,Water Adsorption Isotherms_Achira biscuits.xlsx,Sheet1,952,e54df8ae8ed58a4a47aa25c756a9aefb,Water Adsorption Isotherms,7,35,0.350071428571429,2.926875
storage.zip,raw_data\phase1_biscuit\achira_storage\storage.zip,achira_storage,Water Adsorption Isotherms_Achira biscuits.xlsx,Sheet1,953,267424325ac2dd14fb8cecb63cae36d8,Water Adsorption Isotherms,7,35,0.362625,3.05866666666667
storage.zip,raw_data\phase1_biscuit\achira_storage\storage.zip,achira_storage,Water Adsorption Isotherms_Achira biscuits.xlsx,Sheet1,954,75688c29fe60fa136bac4eaf9949fa85,Water Adsorption Isotherms,7,35,0.375178571428572,3.08178571428571
storage.zip,raw_data\phase1_biscuit\achira_storage\storage.zip,achira_storage,Water Adsorption Isotherms_Achira biscuits.xlsx,Sheet1,955,7cfebbc2b548378af219cce9ae87d77e,Water Adsorption Isotherms,7,35,0.387732142857143,3.09579831932773
storage.zip,raw_data\phase1_biscuit\achira_storage\storage.zip,achira_storage,Water Adsorption Isotherms_Achira biscuits.xlsx,Sheet1,956,3163296b65cdcbb7d83ff7f0c36ba95a,Water Adsorption Isotherms,7,35,0.400285714285714,3.28466666666667
storage.zip,raw_data\phase1_biscuit\achira_storage\storage.zip,achira_storage,Water Adsorption Isotherms_Achira biscuits.xlsx,Sheet1,957,a41987acc60a38ce7b627dc898602316,Water Adsorption Isotherms,7,35,0.412839285714286,3.35839285714286
storage.zip,raw_data\phase1_biscuit\achira_storage\storage.zip,achira_storage,Water Adsorption Isotherms_Achira biscuits.xlsx,Sheet1,958,893500019541a13d441cf70ff1dacdd2,Water Adsorption Isotherms,7,35,0.425392857142857,3.50742857142857
storage.zip,raw_data\phase1_biscuit\achira_storage\storage.zip,achira_storage,Water Adsorption Isotherms_Achira biscuits.xlsx,Sheet1,959,95b45b40c261cf7a519c7051e7502c66,Water Adsorption Isotherms,7,35,0.437946428571429,3.64946428571429
storage.zip,raw_data\phase1_biscuit\achira_storage\storage.zip,achira_storage,Water Adsorption Isotherms_Achira biscuits.xlsx,Sheet1,960,83ffbe68efaf4da10da6e4fe11b08f88,Water Adsorption Isotherms,7,35,0.4505,3.7085
storage.zip,raw_data\phase1_biscuit\achira_storage\storage.zip,achira_storage,Water Adsorption Isotherms_Achira biscuits.xlsx,Sheet1,961,89ad832139e27c3ac1df0fc0f0831f45,Water Adsorption Isotherms,7,35,0.463053571428571,3.85498376623377
storage.zip,raw_data\phase1_biscuit\achira_storage\storage.zip,achira_storage,Water Adsorption Isotherms_Achira biscuits.xlsx,Sheet1,962,744fa483be0fe1b6dd8d9d10beeb3a62,Water Adsorption Isotherms,7,35,0.475607142857143,3.87728021978022
storage.zip,raw_data\phase1_biscuit\achira_storage\storage.zip,achira_storage,Water Adsorption Isotherms_Achira biscuits.xlsx,Sheet1,963,ebe04f9b43224c2e2af21e5d4e8fd045,Water Adsorption Isotherms,7,35,0.488160714285714,3.97013888888889
storage.zip,raw_data\phase1_biscuit\achira_storage\storage.zip,achira_storage,Water Adsorption Isotherms_Achira biscuits.xlsx,Sheet1,964,d08ce3c9bcfe37125399ce710403bf2a,Water Adsorption Isotherms,7,35,0.500714285714286,4.09934065934066
storage.zip,raw_data\phase1_biscuit\achira_storage\storage.zip,achira_storage,Water Adsorption Isotherms_Achira biscuits.xlsx,Sheet1,965,3431e33325e5ed432aec5c3bda5a2489,Water Adsorption Isotherms,7,35,0.513267857142857,4.25133928571429
storage.zip,raw_data\phase1_biscuit\achira_storage\storage.zip,achira_storage,Water Adsorption Isotherms_Achira biscuits.xlsx,Sheet1,966,fc693bf3e4cab132dedb2a3d0d7e55b0,Water Adsorption Isotherms,7,35,0.525821428571429,4.41631868131868
storage.zip,raw_data\phase1_biscuit\achira_storage\storage.zip,achira_storage,Water Adsorption Isotherms_Achira biscuits.xlsx,Sheet1,967,e24f186db6c7643f80381de841cbfc90,Water Adsorption Isotherms,7,35,0.538375,4.46677083333333
storage.zip,raw_data\phase1_biscuit\achira_storage\storage.zip,achira_storage,Water Adsorption Isotherms_Achira biscuits.xlsx,Sheet1,968,dc613ed6d694bdd4bfcc0af74dc74fe4,Water Adsorption Isotherms,7,35,0.550928571428572,4.66336734693878
storage.zip,raw_data\phase1_biscuit\achira_storage\storage.zip,achira_storage,Water Adsorption Isotherms_Achira biscuits.xlsx,Sheet1,969,7f557cc237abc4444c421b423c12e272,Water Adsorption Isotherms,7,35,0.563482142857143,4.68482142857143
storage.zip,raw_data\phase1_biscuit\achira_storage\storage.zip,achira_storage,Water Adsorption Isotherms_Achira biscuits.xlsx,Sheet1,970,80f2eaa268f3d230268285ba89a8ed90,Water Adsorption Isotherms,7,35,0.576035714285714,4.81794642857143
storage.zip,raw_data\phase1_biscuit\achira_storage\storage.zip,achira_storage,Water Adsorption Isotherms_Achira biscuits.xlsx,Sheet1,971,4f3dbefbdcec584ec834454531c38a84,Water Adsorption Isotherms,7,35,0.588589285714286,5.04348214285714
storage.zip,raw_data\phase1_biscuit\achira_storage\storage.zip,achira_storage,Water Adsorption Isotherms_Achira biscuits.xlsx,Sheet1,972,b167695be9bc4739d48ac101a05b7a12,Water Adsorption Isotherms,7,35,0.601142857142857,5.15582417582418
storage.zip,raw_data\phase1_biscuit\achira_storage\storage.zip,achira_storage,Water Adsorption Isotherms_Achira biscuits.xlsx,Sheet1,973,5e0a635834310fc1aa698302de95bfe2,Water Adsorption Isotherms,7,35,0.613696428571429,5.24332908163265
storage.zip,raw_data\phase1_biscuit\achira_storage\storage.zip,achira_storage,Water Adsorption Isotherms_Achira biscuits.xlsx,Sheet1,974,fb2d7204ef075f0c58dda73d62d85600,Water Adsorption Isotherms,7,35,0.62625,5.3625
storage.zip,raw_data\phase1_biscuit\achira_storage\storage.zip,achira_storage,Water Adsorption Isotherms_Achira biscuits.xlsx,Sheet1,975,23918e5eee54ff8310c6338920c1e31a,Water Adsorption Isotherms,7,35,0.638803571428572,5.52027777777778
storage.zip,raw_data\phase1_biscuit\achira_storage\storage.zip,achira_storage,Water Adsorption Isotherms_Achira biscuits.xlsx,Sheet1,976,f91a54bd045b77db495fe70f32516738,Water Adsorption Isotherms,7,35,0.651357142857143,5.6938961038961
storage.zip,raw_data\phase1_biscuit\achira_storage\storage.zip,achira_storage,Water Adsorption Isotherms_Achira biscuits.xlsx,Sheet1,977,9122d1345ebcca2846cad9db9df8bbf9,Water Adsorption Isotherms,7,35,0.663910714285714,5.77910714285714
storage.zip,raw_data\phase1_biscuit\achira_storage\storage.zip,achira_storage,Water Adsorption Isotherms_Achira biscuits.xlsx,Sheet1,978,991ac4ae15188cc018bf1048d050241d,Water Adsorption Isotherms,7,35,0.676464285714286,6.07862244897959
storage.zip,raw_data\phase1_biscuit\achira_storage\storage.zip,achira_storage,Water Adsorption Isotherms_Achira biscuits.xlsx,Sheet1,979,8fd9ed10acf0248323e232b499cdad6b,Water Adsorption Isotherms,7,35,0.689017857142857,6.13916666666667
storage.zip,raw_data\phase1_biscuit\achira_storage\storage.zip,achira_storage,Water Adsorption Isotherms_Achira biscuits.xlsx,Sheet1,980,ca528088c24317fd4c5f104573480df3,Water Adsorption Isotherms,7,35,0.701571428571429,6.45204081632653
storage.zip,raw_data\phase1_biscuit\achira_storage\storage.zip,achira_storage,Water Adsorption Isotherms_Achira biscuits.xlsx,Sheet1,981,01b0d25814a09b24258e5dafa925217a,Water Adsorption Isotherms,7,35,0.714125,6.48221153846154
storage.zip,raw_data\phase1_biscuit\achira_storage\storage.zip,achira_storage,Water Adsorption Isotherms_Achira biscuits.xlsx,Sheet1,982,f760b768e32def6273cb3dc25edfd908,Water Adsorption Isotherms,7,35,0.726678571428572,6.7159693877551
storage.zip,raw_data\phase1_biscuit\achira_storage\storage.zip,achira_storage,Water Adsorption Isotherms_Achira biscuits.xlsx,Sheet1,983,145fe6893f9a90c86c399729a3c8cdd5,Water Adsorption Isotherms,7,35,0.739232142857143,6.90995535714286
storage.zip,raw_data\phase1_biscuit\achira_storage\storage.zip,achira_storage,Water Adsorption Isotherms_Achira biscuits.xlsx,Sheet1,984,63f57164f70b81e20dfa3e8e35c80368,Water Adsorption Isotherms,7,35,0.751785714285714,7.31914285714286
storage.zip,raw_data\phase1_biscuit\achira_storage\storage.zip,achira_storage,Water Adsorption Isotherms_Achira biscuits.xlsx,Sheet1,985,2469d8d4d2521ccde205959d0e42bf91,Water Adsorption Isotherms,7,35,0.764339285714286,7.6128869047619
storage.zip,raw_data\phase1_biscuit\achira_storage\storage.zip,achira_storage,Water Adsorption Isotherms_Achira biscuits.xlsx,Sheet1,986,396618b2537dbaff13f656db919ea52d,Water Adsorption Isotherms,7,35,0.776892857142857,7.86071428571429
storage.zip,raw_data\phase1_biscuit\achira_storage\storage.zip,achira_storage,Water Adsorption Isotherms_Achira biscuits.xlsx,Sheet1,987,516e97e935db62b2182e580ec5d2d55c,Water Adsorption Isotherms,7,35,0.789446428571429,7.92616071428572
storage.zip,raw_data\phase1_biscuit\achira_storage\storage.zip,achira_storage,Water Adsorption Isotherms_Achira biscuits.xlsx,Sheet1,988,5a54a44531baa5e690c3a01f3098d9ff,Water Adsorption Isotherms,7,35,0.802,8.25
storage.zip,raw_data\phase1_biscuit\achira_storage\storage.zip,achira_storage,Water Adsorption Isotherms_Achira biscuits.xlsx,Sheet1,989,1efd2714b133ed19cd3906e368c5aa11,Water Adsorption Isotherms,8,35,0.099,1.63
storage.zip,raw_data\phase1_biscuit\achira_storage\storage.zip,achira_storage,Water Adsorption Isotherms_Achira biscuits.xlsx,Sheet1,990,377fefb3f1e5a6f8c70df1b2d6f84963,Water Adsorption Isotherms,8,35,0.111553571428571,1.63
storage.zip,raw_data\phase1_biscuit\achira_storage\storage.zip,achira_storage,Water Adsorption Isotherms_Achira biscuits.xlsx,Sheet1,991,12d1038643f96eeafec1ba62f6d3a41f,Water Adsorption Isotherms,8,35,0.124107142857143,1.62432330827068
storage.zip,raw_data\phase1_biscuit\achira_storage\storage.zip,achira_storage,Water Adsorption Isotherms_Achira biscuits.xlsx,Sheet1,992,4001fc1264384e07b7245dc80340495a,Water Adsorption Isotherms,8,35,0.136660714285714,1.63753759398496
storage.zip,raw_data\phase1_biscuit\achira_storage\storage.zip,achira_storage,Water Adsorption Isotherms_Achira biscuits.xlsx,Sheet1,993,edabc26dbd182ebdbe9fbd7929c622f7,Water Adsorption Isotherms,8,35,0.149214285714286,1.69080357142857
storage.zip,raw_data\phase1_biscuit\achira_storage\storage.zip,achira_storage,Water Adsorption Isotherms_Achira biscuits.xlsx,Sheet1,994,94970e49e3645175365ca9ba83f3c54f,Water Adsorption Isotherms,8,35,0.161767857142857,1.74043367346939
storage.zip,raw_data\phase1_biscuit\achira_storage\storage.zip,achira_storage,Water Adsorption Isotherms_Achira biscuits.xlsx,Sheet1,995,a561f1c5cbcd48dedfecce634f9ef6d7,Water Adsorption Isotherms,8,35,0.174321428571429,1.79
storage.zip,raw_data\phase1_biscuit\achira_storage\storage.zip,achira_storage,Water Adsorption Isotherms_Achira biscuits.xlsx,Sheet1,996,eecd4b07353226ca3c54dcec1158e3f6,Water Adsorption Isotherms,8,35,0.186875,1.83296875
storage.zip,raw_data\phase1_biscuit\achira_storage\storage.zip,achira_storage,Water Adsorption Isotherms_Achira biscuits.xlsx,Sheet1,997,7ea3811cc80877fa70354637829ce507,Water Adsorption Isotherms,8,35,0.199428571428571,1.84267857142857
storage.zip,raw_data\phase1_biscuit\achira_storage\storage.zip,achira_storage,Water Adsorption Isotherms_Achira biscuits.xlsx,Sheet1,998,502dc24a2d8151cb1a8dba768440abdf,Water Adsorption Isotherms,8,35,0.211982142857143,1.96323412698413
storage.zip,raw_data\phase1_biscuit\achira_storage\storage.zip,achira_storage,Water Adsorption Isotherms_Achira biscuits.xlsx,Sheet1,999,2511da42a92d51e7294479e7b1bfab16,Water Adsorption Isotherms,8,35,0.224535714285714,2.02980769230769
storage.zip,raw_data\phase1_biscuit\achira_storage\storage.zip,achira_storage,Water Adsorption Isotherms_Achira biscuits.xlsx,Sheet1,1000,d48b5a34f160c822c1ea4fed9e8e2a80,Water Adsorption Isotherms,8,35,0.237089285714286,2.11089285714286
storage.zip,raw_data\phase1_biscuit\achira_storage\storage.zip,achira_storage,Water Adsorption Isotherms_Achira biscuits.xlsx,Sheet1,1001,164c00f182871c9752ad93ba1d115d59,Water Adsorption Isotherms,8,35,0.249642857142857,2.17441558441558
storage.zip,raw_data\phase1_biscuit\achira_storage\storage.zip,achira_storage,Water Adsorption Isotherms_Achira biscuits.xlsx,Sheet1,1002,28c58c7325fc3546601091156f5f6665,Water Adsorption Isotherms,8,35,0.262196428571429,2.249375
storage.zip,raw_data\phase1_biscuit\achira_storage\storage.zip,achira_storage,Water Adsorption Isotherms_Achira biscuits.xlsx,Sheet1,1003,3267f92c0a8bbb3308899f689fff93c3,Water Adsorption Isotherms,8,35,0.27475,2.3305
storage.zip,raw_data\phase1_biscuit\achira_storage\storage.zip,achira_storage,Water Adsorption Isotherms_Achira biscuits.xlsx,Sheet1,1004,117f6dac3830ee8d299d9fb9c0924ffb,Water Adsorption Isotherms,8,35,0.287303571428571,2.42801948051948
storage.zip,raw_data\phase1_biscuit\achira_storage\storage.zip,achira_storage,Water Adsorption Isotherms_Achira biscuits.xlsx,Sheet1,1005,94f33cda4f97cb460413f6bc48cd7903,Water Adsorption Isotherms,8,35,0.299857142857143,2.50090909090909
storage.zip,raw_data\phase1_biscuit\achira_storage\storage.zip,achira_storage,Water Adsorption Isotherms_Achira biscuits.xlsx,Sheet1,1006,7b95ebd6d899112a9f1d89d96e760d21,Water Adsorption Isotherms,8,35,0.312410714285714,2.61992647058824
storage.zip,raw_data\phase1_biscuit\achira_storage\storage.zip,achira_storage,Water Adsorption Isotherms_Achira biscuits.xlsx,Sheet1,1007,f2abfd05a10b61d952bd17e7a844d96b,Water Adsorption Isotherms,8,35,0.324964285714286,2.67161764705882
storage.zip,raw_data\phase1_biscuit\achira_storage\storage.zip,achira_storage,Water Adsorption Isotherms_Achira biscuits.xlsx,Sheet1,1008,93bd994b9fb1e83ef9ca11c67224c730,Water Adsorption Isotherms,8,35,0.337517857142857,2.79784090909091
storage.zip,raw_data\phase1_biscuit\achira_storage\storage.zip,achira_storage,Water Adsorption Isotherms_Achira biscuits.xlsx,Sheet1,1009,28c26b35a9b60199400cf3a1f9b010fc,Water Adsorption Isotherms,8,35,0.350071428571429,2.88597402597403
storage.zip,raw_data\phase1_biscuit\achira_storage\storage.zip,achira_storage,Water Adsorption Isotherms_Achira biscuits.xlsx,Sheet1,1010,7613d7190f062ba4350307e59bf3eeea,Water Adsorption Isotherms,8,35,0.362625,2.95625
storage.zip,raw_data\phase1_biscuit\achira_storage\storage.zip,achira_storage,Water Adsorption Isotherms_Achira biscuits.xlsx,Sheet1,1011,5a2af3c20adb752371f9d8d32209f63f,Water Adsorption Isotherms,8,35,0.375178571428572,3.00485714285714
storage.zip,raw_data\phase1_biscuit\achira_storage\storage.zip,achira_storage,Water Adsorption Isotherms_Achira biscuits.xlsx,Sheet1,1012,b75d97ec0603893b5db2b85d4076c9fb,Water Adsorption Isotherms,8,35,0.387732142857143,3.09579831932773
storage.zip,raw_data\phase1_biscuit\achira_storage\storage.zip,achira_storage,Water Adsorption Isotherms_Achira biscuits.xlsx,Sheet1,1013,fcbf3389984f3e970940b534075778c6,Water Adsorption Isotherms,8,35,0.400285714285714,3.31348214285714
storage.zip,raw_data\phase1_biscuit\achira_storage\storage.zip,achira_storage,Water Adsorption Isotherms_Achira biscuits.xlsx,Sheet1,1014,9bcae854239403e98a2c7060660d02f6,Water Adsorption Isotherms,8,35,0.412839285714286,3.35839285714286
storage.zip,raw_data\phase1_biscuit\achira_storage\storage.zip,achira_storage,Water Adsorption Isotherms_Achira biscuits.xlsx,Sheet1,1015,d8fd00db3b82a9672dbb2e94eea33dea,Water Adsorption Isotherms,8,35,0.425392857142857,3.50742857142857
storage.zip,raw_data\phase1_biscuit\achira_storage\storage.zip,achira_storage,Water Adsorption Isotherms_Achira biscuits.xlsx,Sheet1,1016,339bf40a6438853a622817c265190e55,Water Adsorption Isotherms,8,35,0.437946428571429,3.57438095238095
storage.zip,raw_data\phase1_biscuit\achira_storage\storage.zip,achira_storage,Water Adsorption Isotherms_Achira biscuits.xlsx,Sheet1,1017,1d6eac0ec6365664a27a8c759c1cdfb4,Water Adsorption Isotherms,8,35,0.4505,3.65807692307692
storage.zip,raw_data\phase1_biscuit\achira_storage\storage.zip,achira_storage,Water Adsorption Isotherms_Achira biscuits.xlsx,Sheet1,1018,bf46fe34faefe1fe8354de041d8cc74e,Water Adsorption Isotherms,8,35,0.463053571428571,3.76685267857143
storage.zip,raw_data\phase1_biscuit\achira_storage\storage.zip,achira_storage,Water Adsorption Isotherms_Achira biscuits.xlsx,Sheet1,1019,5b6fea8f07bb7ad8db95885f27d08f3c,Water Adsorption Isotherms,8,35,0.475607142857143,3.97375
storage.zip,raw_data\phase1_biscuit\achira_storage\storage.zip,achira_storage,Water Adsorption Isotherms_Achira biscuits.xlsx,Sheet1,1020,789e97f8ad154abd83e355544bbb6468,Water Adsorption Isotherms,8,35,0.488160714285714,3.97013888888889
storage.zip,raw_data\phase1_biscuit\achira_storage\storage.zip,achira_storage,Water Adsorption Isotherms_Achira biscuits.xlsx,Sheet1,1021,e0a51396a5f9afe300b723594531782a,Water Adsorption Isotherms,8,35,0.500714285714286,4.07373626373627
storage.zip,raw_data\phase1_biscuit\achira_storage\storage.zip,achira_storage,Water Adsorption Isotherms_Achira biscuits.xlsx,Sheet1,1022,9d93fee9ade09693a7924141c5d8f597,Water Adsorption Isotherms,8,35,0.513267857142857,4.30056547619048
storage.zip,raw_data\phase1_biscuit\achira_storage\storage.zip,achira_storage,Water Adsorption Isotherms_Achira biscuits.xlsx,Sheet1,1023,08a6c89701bee693223436498767c774,Water Adsorption Isotherms,8,35,0.525821428571429,4.29599489795918
storage.zip,raw_data\phase1_biscuit\achira_storage\storage.zip,achira_storage,Water Adsorption Isotherms_Achira biscuits.xlsx,Sheet1,1024,a00481c6115f1657595c55df1e3eea23,Water Adsorption Isotherms,8,35,0.538375,4.473125
storage.zip,raw_data\phase1_biscuit\achira_storage\storage.zip,achira_storage,Water Adsorption Isotherms_Achira biscuits.xlsx,Sheet1,1025,a48d9ff79f2db4666341926aeb56695c,Water Adsorption Isotherms,8,35,0.550928571428572,4.58031746031746
storage.zip,raw_data\phase1_biscuit\achira_storage\storage.zip,achira_storage,Water Adsorption Isotherms_Achira biscuits.xlsx,Sheet1,1026,fb4d40b49fa5b0f5b289a3d6759e4727,Water Adsorption Isotherms,8,35,0.563482142857143,4.75988095238095
storage.zip,raw_data\phase1_biscuit\achira_storage\storage.zip,achira_storage,Water Adsorption Isotherms_Achira biscuits.xlsx,Sheet1,1027,f1330fef4929339ae014035628c943db,Water Adsorption Isotherms,8,35,0.576035714285714,4.85813775510204
storage.zip,raw_data\phase1_biscuit\achira_storage\storage.zip,achira_storage,Water Adsorption Isotherms_Achira biscuits.xlsx,Sheet1,1028,935af7cfe0c72b3120186b62bc365dbb,Water Adsorption Isotherms,8,35,0.588589285714286,4.9734478021978
storage.zip,raw_data\phase1_biscuit\achira_storage\storage.zip,achira_storage,Water Adsorption Isotherms_Achira biscuits.xlsx,Sheet1,1029,b4ee13443ab3a2e856510399270cb126,Water Adsorption Isotherms,8,35,0.601142857142857,5.15582417582418
storage.zip,raw_data\phase1_biscuit\achira_storage\storage.zip,achira_storage,Water Adsorption Isotherms_Achira biscuits.xlsx,Sheet1,1030,c571771c75094b3badc52f712ad15ac7,Water Adsorption Isotherms,8,35,0.613696428571429,5.21044642857143
storage.zip,raw_data\phase1_biscuit\achira_storage\storage.zip,achira_storage,Water Adsorption Isotherms_Achira biscuits.xlsx,Sheet1,1031,d9c7762971b74c6c427a904d8d3d7d42,Water Adsorption Isotherms,8,35,0.62625,5.43482142857143
storage.zip,raw_data\phase1_biscuit\achira_storage\storage.zip,achira_storage,Water Adsorption Isotherms_Achira biscuits.xlsx,Sheet1,1032,19cfad897ffafcecee5e5cd008cfff6b,Water Adsorption Isotherms,8,35,0.638803571428572,5.59663265306122
storage.zip,raw_data\phase1_biscuit\achira_storage\storage.zip,achira_storage,Water Adsorption Isotherms_Achira biscuits.xlsx,Sheet1,1033,a4e31dea8117bd19d46fb299c9b7d916,Water Adsorption Isotherms,8,35,0.651357142857143,5.6938961038961
storage.zip,raw_data\phase1_biscuit\achira_storage\storage.zip,achira_storage,Water Adsorption Isotherms_Achira biscuits.xlsx,Sheet1,1034,186935ca8881dd65b7461765059dc0d4,Water Adsorption Isotherms,8,35,0.663910714285714,5.89251488095238
storage.zip,raw_data\phase1_biscuit\achira_storage\storage.zip,achira_storage,Water Adsorption Isotherms_Achira biscuits.xlsx,Sheet1,1035,192ea349021ddc803a6daac3577b8a04,Water Adsorption Isotherms,8,35,0.676464285714286,5.98017857142857
storage.zip,raw_data\phase1_biscuit\achira_storage\storage.zip,achira_storage,Water Adsorption Isotherms_Achira biscuits.xlsx,Sheet1,1036,e20333c0123a4ca7588defa0dfafd277,Water Adsorption Isotherms,8,35,0.689017857142857,6.13916666666667
storage.zip,raw_data\phase1_biscuit\achira_storage\storage.zip,achira_storage,Water Adsorption Isotherms_Achira biscuits.xlsx,Sheet1,1037,aa95c528b2f5967283ec71d4dc7e7338,Water Adsorption Isotherms,8,35,0.701571428571429,6.34274725274725
storage.zip,raw_data\phase1_biscuit\achira_storage\storage.zip,achira_storage,Water Adsorption Isotherms_Achira biscuits.xlsx,Sheet1,1038,80598b8b76ec1bff3740b8f63c165a49,Water Adsorption Isotherms,8,35,0.714125,6.63984375
storage.zip,raw_data\phase1_biscuit\achira_storage\storage.zip,achira_storage,Water Adsorption Isotherms_Achira biscuits.xlsx,Sheet1,1039,dc292258eaa8a944b3c2f80aec97f107,Water Adsorption Isotherms,8,35,0.726678571428572,6.7335
storage.zip,raw_data\phase1_biscuit\achira_storage\storage.zip,achira_storage,Water Adsorption Isotherms_Achira biscuits.xlsx,Sheet1,1040,13f2e5442ad18723d7aa1e95e6ad82c3,Water Adsorption Isotherms,8,35,0.739232142857143,6.91781887755102
storage.zip,raw_data\phase1_biscuit\achira_storage\storage.zip,achira_storage,Water Adsorption Isotherms_Achira biscuits.xlsx,Sheet1,1041,11019a4888698c5977c6280d640f6b9a,Water Adsorption Isotherms,8,35,0.751785714285714,7.31914285714286
storage.zip,raw_data\phase1_biscuit\achira_storage\storage.zip,achira_storage,Water Adsorption Isotherms_Achira biscuits.xlsx,Sheet1,1042,ed16761f609ecd5098ab3597617bd668,Water Adsorption Isotherms,8,35,0.764339285714286,7.43160714285714
storage.zip,raw_data\phase1_biscuit\achira_storage\storage.zip,achira_storage,Water Adsorption Isotherms_Achira biscuits.xlsx,Sheet1,1043,67a936a13c6354bfc97768ec83402579,Water Adsorption Isotherms,8,35,0.776892857142857,7.86071428571429
storage.zip,raw_data\phase1_biscuit\achira_storage\storage.zip,achira_storage,Water Adsorption Isotherms_Achira biscuits.xlsx,Sheet1,1044,5adc280a9ca2d605438a9b7c233f3fff,Water Adsorption Isotherms,8,35,0.789446428571429,8.2424007936508
storage.zip,raw_data\phase1_biscuit\achira_storage\storage.zip,achira_storage,Water Adsorption Isotherms_Achira biscuits.xlsx,Sheet1,1045,fda6245fdb8aaee5016e908ed8854ddd,Water Adsorption Isotherms,8,35,0.802,8.25
storage.zip,raw_data\phase1_biscuit\achira_storage\storage.zip,achira_storage,Water Adsorption Isotherms_Achira biscuits.xlsx,Sheet1,1046,7ea060ff2a7b4fd70a78f10801a0a6bb,Water Adsorption Isotherms,9,35,0.099,1.71
storage.zip,raw_data\phase1_biscuit\achira_storage\storage.zip,achira_storage,Water Adsorption Isotherms_Achira biscuits.xlsx,Sheet1,1047,cb41de5642b15f3f52a54544e1a99ce6,Water Adsorption Isotherms,9,35,0.111553571428571,1.61400210084034
storage.zip,raw_data\phase1_biscuit\achira_storage\storage.zip,achira_storage,Water Adsorption Isotherms_Achira biscuits.xlsx,Sheet1,1048,f899fcbf2fa55b1dfc02bd590281deb7,Water Adsorption Isotherms,9,35,0.124107142857143,1.60026785714286
storage.zip,raw_data\phase1_biscuit\achira_storage\storage.zip,achira_storage,Water Adsorption Isotherms_Achira biscuits.xlsx,Sheet1,1049,043cd8cf4c3dee92026a41f9de951b35,Water Adsorption Isotherms,9,35,0.136660714285714,1.63694805194805
storage.zip,raw_data\phase1_biscuit\achira_storage\storage.zip,achira_storage,Water Adsorption Isotherms_Achira biscuits.xlsx,Sheet1,1050,e63bae44a1ff12e6e914f71b4cfe28ef,Water Adsorption Isotherms,9,35,0.149214285714286,1.63242857142857
storage.zip,raw_data\phase1_biscuit\achira_storage\storage.zip,achira_storage,Water Adsorption Isotherms_Achira biscuits.xlsx,Sheet1,1051,dcb1203db01a068923836f6145b27901,Water Adsorption Isotherms,9,35,0.161767857142857,1.74589285714286
storage.zip,raw_data\phase1_biscuit\achira_storage\storage.zip,achira_storage,Water Adsorption Isotherms_Achira biscuits.xlsx,Sheet1,1052,3a49b3119c22b2c3afac716adb53a71b,Water Adsorption Isotherms,9,35,0.174321428571429,1.79
storage.zip,raw_data\phase1_biscuit\achira_storage\storage.zip,achira_storage,Water Adsorption Isotherms_Achira biscuits.xlsx,Sheet1,1053,bfa3cfec44e920fc9395c516389905f1,Water Adsorption Isotherms,9,35,0.186875,1.83171875
storage.zip,raw_data\phase1_biscuit\achira_storage\storage.zip,achira_storage,Water Adsorption Isotherms_Achira biscuits.xlsx,Sheet1,1054,b04faf57ce92cf3e724dc66cbda4fdfc,Water Adsorption Isotherms,9,35,0.199428571428571,1.88928571428571
storage.zip,raw_data\phase1_biscuit\achira_storage\storage.zip,achira_storage,Water Adsorption Isotherms_Achira biscuits.xlsx,Sheet1,1055,298fe02317e5e6be33475c67978b318b,Water Adsorption Isotherms,9,35,0.211982142857143,1.9374255952381
storage.zip,raw_data\phase1_biscuit\achira_storage\storage.zip,achira_storage,Water Adsorption Isotherms_Achira biscuits.xlsx,Sheet1,1056,2db359338ea71ad43a06df16d87c2ac7,Water Adsorption Isotherms,9,35,0.224535714285714,2.02980769230769
storage.zip,raw_data\phase1_biscuit\achira_storage\storage.zip,achira_storage,Water Adsorption Isotherms_Achira biscuits.xlsx,Sheet1,1057,d8f1ac6ac3cf62c696f8eb895f18f0b0,Water Adsorption Isotherms,9,35,0.237089285714286,2.11089285714286
storage.zip,raw_data\phase1_biscuit\achira_storage\storage.zip,achira_storage,Water Adsorption Isotherms_Achira biscuits.xlsx,Sheet1,1058,4c2831e91eceebffb2e57d64354c00ef,Water Adsorption Isotherms,9,35,0.249642857142857,2.1275
storage.zip,raw_data\phase1_biscuit\achira_storage\storage.zip,achira_storage,Water Adsorption Isotherms_Achira biscuits.xlsx,Sheet1,1059,70a2102f7cb787d0807250acfd2702a3,Water Adsorption Isotherms,9,35,0.262196428571429,2.19743506493507
storage.zip,raw_data\phase1_biscuit\achira_storage\storage.zip,achira_storage,Water Adsorption Isotherms_Achira biscuits.xlsx,Sheet1,1060,aa6b3ff8ee729c61f333217cf93a5f1d,Water Adsorption Isotherms,9,35,0.27475,2.34634615384615
storage.zip,raw_data\phase1_biscuit\achira_storage\storage.zip,achira_storage,Water Adsorption Isotherms_Achira biscuits.xlsx,Sheet1,1061,2c6d1b2bc450c0c69c39a388f1077dfd,Water Adsorption Isotherms,9,35,0.287303571428571,2.42801948051948
storage.zip,raw_data\phase1_biscuit\achira_storage\storage.zip,achira_storage,Water Adsorption Isotherms_Achira biscuits.xlsx,Sheet1,1062,afc67fd1d806e85b3ecfe2be41fd202c,Water Adsorption Isotherms,9,35,0.299857142857143,2.43928571428571
storage.zip,raw_data\phase1_biscuit\achira_storage\storage.zip,achira_storage,Water Adsorption Isotherms_Achira biscuits.xlsx,Sheet1,1063,f0a0f02ae9362e188dbf9920ed6f941f,Water Adsorption Isotherms,9,35,0.312410714285714,2.51986111111111
storage.zip,raw_data\phase1_biscuit\achira_storage\storage.zip,achira_storage,Water Adsorption Isotherms_Achira biscuits.xlsx,Sheet1,1064,fbe007dc766efccb78ed8fa359415bbc,Water Adsorption Isotherms,9,35,0.324964285714286,2.60340909090909
storage.zip,raw_data\phase1_biscuit\achira_storage\storage.zip,achira_storage,Water Adsorption Isotherms_Achira biscuits.xlsx,Sheet1,1065,3c36f68a09eab5a8d9fdb7c8baf882ff,Water Adsorption Isotherms,9,35,0.337517857142857,2.7174025974026
storage.zip,raw_data\phase1_biscuit\achira_storage\storage.zip,achira_storage,Water Adsorption Isotherms_Achira biscuits.xlsx,Sheet1,1066,4dfab604dc7870efbe99a26390989538,Water Adsorption Isotherms,9,35,0.350071428571429,2.88597402597403
storage.zip,raw_data\phase1_biscuit\achira_storage\storage.zip,achira_storage,Water Adsorption Isotherms_Achira biscuits.xlsx,Sheet1,1067,68f305d8bebaf7b4b5b4e65ebda22a4e,Water Adsorption Isotherms,9,35,0.362625,2.92211538461539
storage.zip,raw_data\phase1_biscuit\achira_storage\storage.zip,achira_storage,Water Adsorption Isotherms_Achira biscuits.xlsx,Sheet1,1068,3e008de6b3644a8ac93cddb64e23f7ac,Water Adsorption Isotherms,9,35,0.375178571428572,3.12561904761905
storage.zip,raw_data\phase1_biscuit\achira_storage\storage.zip,achira_storage,Water Adsorption Isotherms_Achira biscuits.xlsx,Sheet1,1069,e1b73f5b2af9f4de3523be8311066790,Water Adsorption Isotherms,9,35,0.387732142857143,3.17488095238095
storage.zip,raw_data\phase1_biscuit\achira_storage\storage.zip,achira_storage,Water Adsorption Isotherms_Achira biscuits.xlsx,Sheet1,1070,7ebfde6f3132079f615c99a7de2b908a,Water Adsorption Isotherms,9,35,0.400285714285714,3.28466666666667
storage.zip,raw_data\phase1_biscuit\achira_storage\storage.zip,achira_storage,Water Adsorption Isotherms_Achira biscuits.xlsx,Sheet1,1071,828ff4ff590725499799a585e5c6429e,Water Adsorption Isotherms,9,35,0.412839285714286,3.29839285714286
storage.zip,raw_data\phase1_biscuit\achira_storage\storage.zip,achira_storage,Water Adsorption Isotherms_Achira biscuits.xlsx,Sheet1,1072,e3b1e848101638d93324c6364a84ad26,Water Adsorption Isotherms,9,35,0.425392857142857,3.50742857142857
storage.zip,raw_data\phase1_biscuit\achira_storage\storage.zip,achira_storage,Water Adsorption Isotherms_Achira biscuits.xlsx,Sheet1,1073,9fa51eb72ac0c0e9064352821a7e662c,Water Adsorption Isotherms,9,35,0.437946428571429,3.57438095238095
storage.zip,raw_data\phase1_biscuit\achira_storage\storage.zip,achira_storage,Water Adsorption Isotherms_Achira biscuits.xlsx,Sheet1,1074,86ce072e80db4d56960b5ee9709dc93b,Water Adsorption Isotherms,9,35,0.4505,3.73392857142857
storage.zip,raw_data\phase1_biscuit\achira_storage\storage.zip,achira_storage,Water Adsorption Isotherms_Achira biscuits.xlsx,Sheet1,1075,7965defefe4e3bf90ec0cdd61a77cd17,Water Adsorption Isotherms,9,35,0.463053571428571,3.76685267857143
storage.zip,raw_data\phase1_biscuit\achira_storage\storage.zip,achira_storage,Water Adsorption Isotherms_Achira biscuits.xlsx,Sheet1,1076,bd3d77448c6cd25fc841f2e2f8d0a9c4,Water Adsorption Isotherms,9,35,0.475607142857143,3.97375
storage.zip,raw_data\phase1_biscuit\achira_storage\storage.zip,achira_storage,Water Adsorption Isotherms_Achira biscuits.xlsx,Sheet1,1077,3450f60a2c42e4c04dc3491addadfcd2,Water Adsorption Isotherms,9,35,0.488160714285714,3.97547619047619
storage.zip,raw_data\phase1_biscuit\achira_storage\storage.zip,achira_storage,Water Adsorption Isotherms_Achira biscuits.xlsx,Sheet1,1078,e147c24d111582599cf72e7cea6819b8,Water Adsorption Isotherms,9,35,0.500714285714286,4.07373626373627
storage.zip,raw_data\phase1_biscuit\achira_storage\storage.zip,achira_storage,Water Adsorption Isotherms_Achira biscuits.xlsx,Sheet1,1079,eba97981fc7adfa1dc1f3ec00b80dd55,Water Adsorption Isotherms,9,35,0.513267857142857,4.21267857142857
storage.zip,raw_data\phase1_biscuit\achira_storage\storage.zip,achira_storage,Water Adsorption Isotherms_Achira biscuits.xlsx,Sheet1,1080,123816bbe0643d759913f219b8f0e09d,Water Adsorption Isotherms,9,35,0.525821428571429,4.41631868131868
storage.zip,raw_data\phase1_biscuit\achira_storage\storage.zip,achira_storage,Water Adsorption Isotherms_Achira biscuits.xlsx,Sheet1,1081,a74fc4fde596287ac7929f155dc92205,Water Adsorption Isotherms,9,35,0.538375,4.46677083333333
storage.zip,raw_data\phase1_biscuit\achira_storage\storage.zip,achira_storage,Water Adsorption Isotherms_Achira biscuits.xlsx,Sheet1,1082,1ea98ce9f1866d08c526f19fc131c85c,Water Adsorption Isotherms,9,35,0.550928571428572,4.58031746031746
storage.zip,raw_data\phase1_biscuit\achira_storage\storage.zip,achira_storage,Water Adsorption Isotherms_Achira biscuits.xlsx,Sheet1,1083,2271dd0f0159e44c9a47b92ccc1ac99b,Water Adsorption Isotherms,9,35,0.563482142857143,4.68482142857143
storage.zip,raw_data\phase1_biscuit\achira_storage\storage.zip,achira_storage,Water Adsorption Isotherms_Achira biscuits.xlsx,Sheet1,1084,8d54febefd4aea43726757895da9e0d5,Water Adsorption Isotherms,9,35,0.576035714285714,4.81794642857143
storage.zip,raw_data\phase1_biscuit\achira_storage\storage.zip,achira_storage,Water Adsorption Isotherms_Achira biscuits.xlsx,Sheet1,1085,555d6fec3a45a74647757ae958fc6dbb,Water Adsorption Isotherms,9,35,0.588589285714286,4.95677295918367
storage.zip,raw_data\phase1_biscuit\achira_storage\storage.zip,achira_storage,Water Adsorption Isotherms_Achira biscuits.xlsx,Sheet1,1086,ca060f40bebdb3111c9fa3ff4797ccbd,Water Adsorption Isotherms,9,35,0.601142857142857,5.15582417582418
storage.zip,raw_data\phase1_biscuit\achira_storage\storage.zip,achira_storage,Water Adsorption Isotherms_Achira biscuits.xlsx,Sheet1,1087,cb3a536cb2b196333bf98cc2f2f8741c,Water Adsorption Isotherms,9,35,0.613696428571429,5.24332908163265
storage.zip,raw_data\phase1_biscuit\achira_storage\storage.zip,achira_storage,Water Adsorption Isotherms_Achira biscuits.xlsx,Sheet1,1088,190fb3f28fb9bb29e7008cb30abf414d,Water Adsorption Isotherms,9,35,0.62625,5.43482142857143
storage.zip,raw_data\phase1_biscuit\achira_storage\storage.zip,achira_storage,Water Adsorption Isotherms_Achira biscuits.xlsx,Sheet1,1089,261305c7f272df79851100f15e55ff88,Water Adsorption Isotherms,9,35,0.638803571428572,5.59663265306122
storage.zip,raw_data\phase1_biscuit\achira_storage\storage.zip,achira_storage,Water Adsorption Isotherms_Achira biscuits.xlsx,Sheet1,1090,ad7c658013e72913e0aee5654c7b504c,Water Adsorption Isotherms,9,35,0.651357142857143,5.75616071428571
storage.zip,raw_data\phase1_biscuit\achira_storage\storage.zip,achira_storage,Water Adsorption Isotherms_Achira biscuits.xlsx,Sheet1,1091,394d67e20c598db93b9b64f7a0f917d0,Water Adsorption Isotherms,9,35,0.663910714285714,5.83483928571429
storage.zip,raw_data\phase1_biscuit\achira_storage\storage.zip,achira_storage,Water Adsorption Isotherms_Achira biscuits.xlsx,Sheet1,1092,b4c6f7c0faa89f54f7288932af429f04,Water Adsorption Isotherms,9,35,0.676464285714286,5.98017857142857
storage.zip,raw_data\phase1_biscuit\achira_storage\storage.zip,achira_storage,Water Adsorption Isotherms_Achira biscuits.xlsx,Sheet1,1093,078076fd463cc58f96719f2919e7b72f,Water Adsorption Isotherms,9,35,0.689017857142857,6.17279017857143
storage.zip,raw_data\phase1_biscuit\achira_storage\storage.zip,achira_storage,Water Adsorption Isotherms_Achira biscuits.xlsx,Sheet1,1094,1ccdfe6d70303bc3d948355c05f8680b,Water Adsorption Isotherms,9,35,0.701571428571429,6.34274725274725
storage.zip,raw_data\phase1_biscuit\achira_storage\storage.zip,achira_storage,Water Adsorption Isotherms_Achira biscuits.xlsx,Sheet1,1095,71fefe91b54a5154cc971965b7e1560c,Water Adsorption Isotherms,9,35,0.714125,6.63984375
storage.zip,raw_data\phase1_biscuit\achira_storage\storage.zip,achira_storage,Water Adsorption Isotherms_Achira biscuits.xlsx,Sheet1,1096,006f1f531efef46c0da1e05861ebf334,Water Adsorption Isotherms,9,35,0.726678571428572,6.7335
storage.zip,raw_data\phase1_biscuit\achira_storage\storage.zip,achira_storage,Water Adsorption Isotherms_Achira biscuits.xlsx,Sheet1,1097,80cd2c69ad5dd0ddf4918ef7c0668bb0,Water Adsorption Isotherms,9,35,0.739232142857143,6.91781887755102
storage.zip,raw_data\phase1_biscuit\achira_storage\storage.zip,achira_storage,Water Adsorption Isotherms_Achira biscuits.xlsx,Sheet1,1098,6489841021985ae86f08a3696dc8fe5c,Water Adsorption Isotherms,9,35,0.751785714285714,7.13964285714286
storage.zip,raw_data\phase1_biscuit\achira_storage\storage.zip,achira_storage,Water Adsorption Isotherms_Achira biscuits.xlsx,Sheet1,1099,2a269f697f5c76c7e7265ebe5147eac8,Water Adsorption Isotherms,9,35,0.764339285714286,7.43160714285714
storage.zip,raw_data\phase1_biscuit\achira_storage\storage.zip,achira_storage,Water Adsorption Isotherms_Achira biscuits.xlsx,Sheet1,1100,afa97ef5374add921e587233fb2f5145,Water Adsorption Isotherms,9,35,0.776892857142857,7.86071428571429
storage.zip,raw_data\phase1_biscuit\achira_storage\storage.zip,achira_storage,Water Adsorption Isotherms_Achira biscuits.xlsx,Sheet1,1101,f10ff04e5c2d67a16c4b593a5b0b7def,Water Adsorption Isotherms,9,35,0.789446428571429,8.2424007936508
storage.zip,raw_data\phase1_biscuit\achira_storage\storage.zip,achira_storage,Water Adsorption Isotherms_Achira biscuits.xlsx,Sheet1,1102,6ffc4b3683f532ba78ca09d2893ef43b,Water Adsorption Isotherms,9,35,0.802,8.25
storage.zip,raw_data\phase1_biscuit\achira_storage\storage.zip,achira_storage,Water Adsorption Isotherms_Achira biscuits.xlsx,Sheet1,1103,c27b72277c3ff6628be5a64c28266a2e,Water Adsorption Isotherms,1,45,0.0991,1.1600000000000001
storage.zip,raw_data\phase1_biscuit\achira_storage\storage.zip,achira_storage,Water Adsorption Isotherms_Achira biscuits.xlsx,Sheet1,1104,2949ffdd712858db8417787b188ecd88,Water Adsorption Isotherms,1,45,0.1081,1.2000000000000002
storage.zip,raw_data\phase1_biscuit\achira_storage\storage.zip,achira_storage,Water Adsorption Isotherms_Achira biscuits.xlsx,Sheet1,1105,3ad4baf75a7310b7ee25f8118c78b7f3,Water Adsorption Isotherms,1,45,0.1258,1.2999999999999998
storage.zip,raw_data\phase1_biscuit\achira_storage\storage.zip,achira_storage,Water Adsorption Isotherms_Achira biscuits.xlsx,Sheet1,1106,0af52487f39daa8572396840e27b3ae2,Water Adsorption Isotherms,1,45,0.1381,1.3399999999999999
storage.zip,raw_data\phase1_biscuit\achira_storage\storage.zip,achira_storage,Water Adsorption Isotherms_Achira biscuits.xlsx,Sheet1,1107,4440a205071b2cdc14f515a2bb886b7b,Water Adsorption Isotherms,1,45,0.1469,1.37
storage.zip,raw_data\phase1_biscuit\achira_storage\storage.zip,achira_storage,Water Adsorption Isotherms_Achira biscuits.xlsx,Sheet1,1108,cd802d23499c1827c05af1ceb1af0600,Water Adsorption Isotherms,1,45,0.1549,1.4
storage.zip,raw_data\phase1_biscuit\achira_storage\storage.zip,achira_storage,Water Adsorption Isotherms_Achira biscuits.xlsx,Sheet1,1109,827ce44b90292b44daf80d58449a7596,Water Adsorption Isotherms,1,45,0.1626,1.44
storage.zip,raw_data\phase1_biscuit\achira_storage\storage.zip,achira_storage,Water Adsorption Isotherms_Achira biscuits.xlsx,Sheet1,1110,cdb7809799c53042987bc8f5fb01bb94,Water Adsorption Isotherms,1,45,0.1708,1.4899999999999998
storage.zip,raw_data\phase1_biscuit\achira_storage\storage.zip,achira_storage,Water Adsorption Isotherms_Achira biscuits.xlsx,Sheet1,1111,bca3bfb7e1d06567a334a9590a805a94,Water Adsorption Isotherms,1,45,0.179,1.5299999999999998
storage.zip,raw_data\phase1_biscuit\achira_storage\storage.zip,achira_storage,Water Adsorption Isotherms_Achira biscuits.xlsx,Sheet1,1112,6ec9a4b19892e120666599f043afc139,Water Adsorption Isotherms,1,45,0.1873,1.58
storage.zip,raw_data\phase1_biscuit\achira_storage\storage.zip,achira_storage,Water Adsorption Isotherms_Achira biscuits.xlsx,Sheet1,1113,ea133eb7daa12803a9ee3901e4fb60b6,Water Adsorption Isotherms,1,45,0.1957,1.65
storage.zip,raw_data\phase1_biscuit\achira_storage\storage.zip,achira_storage,Water Adsorption Isotherms_Achira biscuits.xlsx,Sheet1,1114,26a4be36395b3effdd55c5cba277ba73,Water Adsorption Isotherms,1,45,0.2034,1.6799999999999997
storage.zip,raw_data\phase1_biscuit\achira_storage\storage.zip,achira_storage,Water Adsorption Isotherms_Achira biscuits.xlsx,Sheet1,1115,eea85e9d67669850f3c52ab6cbea41a9,Water Adsorption Isotherms,1,45,0.2126,1.7399999999999998
storage.zip,raw_data\phase1_biscuit\achira_storage\storage.zip,achira_storage,Water Adsorption Isotherms_Achira biscuits.xlsx,Sheet1,1116,82a4dd08184b8930b52d36d59e1a7afc,Water Adsorption Isotherms,1,45,0.2214,1.79
storage.zip,raw_data\phase1_biscuit\achira_storage\storage.zip,achira_storage,Water Adsorption Isotherms_Achira biscuits.xlsx,Sheet1,1117,70134f09ce22986b5cc98745e8a6091c,Water Adsorption Isotherms,1,45,0.2299,1.85
storage.zip,raw_data\phase1_biscuit\achira_storage\storage.zip,achira_storage,Water Adsorption Isotherms_Achira biscuits.xlsx,Sheet1,1118,7980e1b9ab91d232b8c0d43c94194b30,Water Adsorption Isotherms,1,45,0.2408,1.9
storage.zip,raw_data\phase1_biscuit\achira_storage\storage.zip,achira_storage,Water Adsorption Isotherms_Achira biscuits.xlsx,Sheet1,1119,0cf7327b7d3a775b9505719b7764e434,Water Adsorption Isotherms,1,45,0.2487,1.9499999999999997
storage.zip,raw_data\phase1_biscuit\achira_storage\storage.zip,achira_storage,Water Adsorption Isotherms_Achira biscuits.xlsx,Sheet1,1120,1d24d759a2eea5005485f6ad399b309d,Water Adsorption Isotherms,1,45,0.2591,2.02
storage.zip,raw_data\phase1_biscuit\achira_storage\storage.zip,achira_storage,Water Adsorption Isotherms_Achira biscuits.xlsx,Sheet1,1121,4bc92660de3b2f10992cd1416b5e4412,Water Adsorption Isotherms,1,45,0.2677,2.08
storage.zip,raw_data\phase1_biscuit\achira_storage\storage.zip,achira_storage,Water Adsorption Isotherms_Achira biscuits.xlsx,Sheet1,1122,eda9346fd3b1f42276234e3605a960a7,Water Adsorption Isotherms,1,45,0.2777,2.1399999999999997
storage.zip,raw_data\phase1_biscuit\achira_storage\storage.zip,achira_storage,Water Adsorption Isotherms_Achira biscuits.xlsx,Sheet1,1123,d068b41e23e51ccfa70bb28a39d130d4,Water Adsorption Isotherms,1,45,0.2852,2.21
storage.zip,raw_data\phase1_biscuit\achira_storage\storage.zip,achira_storage,Water Adsorption Isotherms_Achira biscuits.xlsx,Sheet1,1124,0e9848f1d88bf26f11eb957cc9e1e419,Water Adsorption Isotherms,1,45,0.2951,2.28
storage.zip,raw_data\phase1_biscuit\achira_storage\storage.zip,achira_storage,Water Adsorption Isotherms_Achira biscuits.xlsx,Sheet1,1125,8954e206c6da918d30bc655829a18e49,Water Adsorption Isotherms,1,45,0.3048,2.34
storage.zip,raw_data\phase1_biscuit\achira_storage\storage.zip,achira_storage,Water Adsorption Isotherms_Achira biscuits.xlsx,Sheet1,1126,ab7cc3479bf6cf0324cd4b04e29d4d4e,Water Adsorption Isotherms,1,45,0.3137,2.4
storage.zip,raw_data\phase1_biscuit\achira_storage\storage.zip,achira_storage,Water Adsorption Isotherms_Achira biscuits.xlsx,Sheet1,1127,a2fa539584d895dcaaed57f8f68dcb25,Water Adsorption Isotherms,1,45,0.3259,2.48
storage.zip,raw_data\phase1_biscuit\achira_storage\storage.zip,achira_storage,Water Adsorption Isotherms_Achira biscuits.xlsx,Sheet1,1128,22b0d48b7d5338950bc0398340d1c555,Water Adsorption Isotherms,1,45,0.3315,2.55
storage.zip,raw_data\phase1_biscuit\achira_storage\storage.zip,achira_storage,Water Adsorption Isotherms_Achira biscuits.xlsx,Sheet1,1129,092f520213d666b3dcfac872a3aad16e,Water Adsorption Isotherms,1,45,0.3425,2.6199999999999997
storage.zip,raw_data\phase1_biscuit\achira_storage\storage.zip,achira_storage,Water Adsorption Isotherms_Achira biscuits.xlsx,Sheet1,1130,1a9fe9702960a31266c35e1c510af002,Water Adsorption Isotherms,1,45,0.3518,2.69
storage.zip,raw_data\phase1_biscuit\achira_storage\storage.zip,achira_storage,Water Adsorption Isotherms_Achira biscuits.xlsx,Sheet1,1131,8dad9e1872493b33874f3f7965f8bc6f,Water Adsorption Isotherms,1,45,0.3617,2.76
storage.zip,raw_data\phase1_biscuit\achira_storage\storage.zip,achira_storage,Water Adsorption Isotherms_Achira biscuits.xlsx,Sheet1,1132,ca07a839c021a263022eb3483feaeb03,Water Adsorption Isotherms,1,45,0.3702,2.84
storage.zip,raw_data\phase1_biscuit\achira_storage\storage.zip,achira_storage,Water Adsorption Isotherms_Achira biscuits.xlsx,Sheet1,1133,0786bfa5b7bc5307103578c1fe008c22,Water Adsorption Isotherms,1,45,0.3802,2.92
storage.zip,raw_data\phase1_biscuit\achira_storage\storage.zip,achira_storage,Water Adsorption Isotherms_Achira biscuits.xlsx,Sheet1,1134,d597c3cbe5f618a3f332d38fddb0e240,Water Adsorption Isotherms,1,45,0.3892,2.9899999999999998
storage.zip,raw_data\phase1_biscuit\achira_storage\storage.zip,achira_storage,Water Adsorption Isotherms_Achira biscuits.xlsx,Sheet1,1135,4992392b4a7ef2342b3c1013fb0b4bd3,Water Adsorption Isotherms,1,45,0.3967,3.07
storage.zip,raw_data\phase1_biscuit\achira_storage\storage.zip,achira_storage,Water Adsorption Isotherms_Achira biscuits.xlsx,Sheet1,1136,088eb0f7b6128ce0cef162554513e06c,Water Adsorption Isotherms,1,45,0.4086,3.13
storage.zip,raw_data\phase1_biscuit\achira_storage\storage.zip,achira_storage,Water Adsorption Isotherms_Achira biscuits.xlsx,Sheet1,1137,be61c65c8f624716e4c74a6965175beb,Water Adsorption Isotherms,1,45,0.4171,3.21
storage.zip,raw_data\phase1_biscuit\achira_storage\storage.zip,achira_storage,Water Adsorption Isotherms_Achira biscuits.xlsx,Sheet1,1138,afef6b818b3b8934a9e18819f721b681,Water Adsorption Isotherms,1,45,0.4268,3.3
storage.zip,raw_data\phase1_biscuit\achira_storage\storage.zip,achira_storage,Water Adsorption Isotherms_Achira biscuits.xlsx,Sheet1,1139,2916be3641c70b8b6c4c81c6690450af,Water Adsorption Isotherms,1,45,0.4375,3.38
storage.zip,raw_data\phase1_biscuit\achira_storage\storage.zip,achira_storage,Water Adsorption Isotherms_Achira biscuits.xlsx,Sheet1,1140,f1d858f02c0b6757965668f16774b916,Water Adsorption Isotherms,1,45,0.4459,3.46
storage.zip,raw_data\phase1_biscuit\achira_storage\storage.zip,achira_storage,Water Adsorption Isotherms_Achira biscuits.xlsx,Sheet1,1141,eefb0d007caf0ee7094d13e723019410,Water Adsorption Isotherms,1,45,0.4544,3.54
storage.zip,raw_data\phase1_biscuit\achira_storage\storage.zip,achira_storage,Water Adsorption Isotherms_Achira biscuits.xlsx,Sheet1,1142,58bb609e2b474a3dfffa16bc6a73f259,Water Adsorption Isotherms,1,45,0.4626,3.6299999999999994
storage.zip,raw_data\phase1_biscuit\achira_storage\storage.zip,achira_storage,Water Adsorption Isotherms_Achira biscuits.xlsx,Sheet1,1143,3e069756f0aa5733962058b440a85cdc,Water Adsorption Isotherms,1,45,0.473,3.7099999999999995
storage.zip,raw_data\phase1_biscuit\achira_storage\storage.zip,achira_storage,Water Adsorption Isotherms_Achira biscuits.xlsx,Sheet1,1144,c23d34a724b74a76270bdee1920e9807,Water Adsorption Isotherms,1,45,0.4844,3.8000000000000003
storage.zip,raw_data\phase1_biscuit\achira_storage\storage.zip,achira_storage,Water Adsorption Isotherms_Achira biscuits.xlsx,Sheet1,1145,a5f80543a1fa407d51302dc45e42042c,Water Adsorption Isotherms,1,45,0.4921,3.89
storage.zip,raw_data\phase1_biscuit\achira_storage\storage.zip,achira_storage,Water Adsorption Isotherms_Achira biscuits.xlsx,Sheet1,1146,fd40333752555794ab478cfa84eae978,Water Adsorption Isotherms,1,45,0.5025,3.97
storage.zip,raw_data\phase1_biscuit\achira_storage\storage.zip,achira_storage,Water Adsorption Isotherms_Achira biscuits.xlsx,Sheet1,1147,90d57426b3c5f132c525b730b3217951,Water Adsorption Isotherms,1,45,0.5087,4.050000000000001
storage.zip,raw_data\phase1_biscuit\achira_storage\storage.zip,achira_storage,Water Adsorption Isotherms_Achira biscuits.xlsx,Sheet1,1148,b085d3f0151f4d5d7b23a3ba8424910c,Water Adsorption Isotherms,1,45,0.5206,4.140000000000001
storage.zip,raw_data\phase1_biscuit\achira_storage\storage.zip,achira_storage,Water Adsorption Isotherms_Achira biscuits.xlsx,Sheet1,1149,ce006f4a21b04533d79c43c2b30ae88e,Water Adsorption Isotherms,1,45,0.5281,4.24
storage.zip,raw_data\phase1_biscuit\achira_storage\storage.zip,achira_storage,Water Adsorption Isotherms_Achira biscuits.xlsx,Sheet1,1150,46fb2ddf824eeacb002e54f7171f3a63,Water Adsorption Isotherms,1,45,0.5353,4.33
storage.zip,raw_data\phase1_biscuit\achira_storage\storage.zip,achira_storage,Water Adsorption Isotherms_Achira biscuits.xlsx,Sheet1,1151,04028141d0925f3a3f802a884709fd34,Water Adsorption Isotherms,1,45,0.5498,4.41
storage.zip,raw_data\phase1_biscuit\achira_storage\storage.zip,achira_storage,Water Adsorption Isotherms_Achira biscuits.xlsx,Sheet1,1152,21efdd24c3bdb7223aafc1d006eb8d3f,Water Adsorption Isotherms,1,45,0.5586,4.49
storage.zip,raw_data\phase1_biscuit\achira_storage\storage.zip,achira_storage,Water Adsorption Isotherms_Achira biscuits.xlsx,Sheet1,1153,470c9c52b4723c0214bb0c190ea390a1,Water Adsorption Isotherms,1,45,0.5654,4.52
storage.zip,raw_data\phase1_biscuit\achira_storage\storage.zip,achira_storage,Water Adsorption Isotherms_Achira biscuits.xlsx,Sheet1,1154,2f105a08f7d03016edcaf0c573e00ccd,Water Adsorption Isotherms,1,45,0.5754,4.619999999999999
storage.zip,raw_data\phase1_biscuit\achira_storage\storage.zip,achira_storage,Water Adsorption Isotherms_Achira biscuits.xlsx,Sheet1,1155,d3b142e8d6de3d1cb28e675a609bffe4,Water Adsorption Isotherms,1,45,0.5825,4.72
storage.zip,raw_data\phase1_biscuit\achira_storage\storage.zip,achira_storage,Water Adsorption Isotherms_Achira biscuits.xlsx,Sheet1,1156,8fd2e42cdb062b103f4bea710e098210,Water Adsorption Isotherms,1,45,0.5944,4.8
storage.zip,raw_data\phase1_biscuit\achira_storage\storage.zip,achira_storage,Water Adsorption Isotherms_Achira biscuits.xlsx,Sheet1,1157,98d7d6f247294c015322a7bbf9722ce7,Water Adsorption Isotherms,1,45,0.603,4.8999999999999995
storage.zip,raw_data\phase1_biscuit\achira_storage\storage.zip,achira_storage,Water Adsorption Isotherms_Achira biscuits.xlsx,Sheet1,1158,7b554cc7b0f548ee49415cac9331e155,Water Adsorption Isotherms,1,45,0.6099,5.02
storage.zip,raw_data\phase1_biscuit\achira_storage\storage.zip,achira_storage,Water Adsorption Isotherms_Achira biscuits.xlsx,Sheet1,1159,8c34f5fb461ab6be5f2758921a77f1e1,Water Adsorption Isotherms,1,45,0.6215,5.119999999999999
storage.zip,raw_data\phase1_biscuit\achira_storage\storage.zip,achira_storage,Water Adsorption Isotherms_Achira biscuits.xlsx,Sheet1,1160,42644580c44d92fa62eba19c915b55fb,Water Adsorption Isotherms,1,45,0.6269,5.2299999999999995
storage.zip,raw_data\phase1_biscuit\achira_storage\storage.zip,achira_storage,Water Adsorption Isotherms_Achira biscuits.xlsx,Sheet1,1161,28fa7cde59ae0de4faeff9b7ab803129,Water Adsorption Isotherms,1,45,0.6372,5.35
storage.zip,raw_data\phase1_biscuit\achira_storage\storage.zip,achira_storage,Water Adsorption Isotherms_Achira biscuits.xlsx,Sheet1,1162,b6feb2b0e48252fa5ed8d20199449293,Water Adsorption Isotherms,1,45,0.6475,5.46
storage.zip,raw_data\phase1_biscuit\achira_storage\storage.zip,achira_storage,Water Adsorption Isotherms_Achira biscuits.xlsx,Sheet1,1163,e15d764b18eafa27bb7f154657fc6da4,Water Adsorption Isotherms,1,45,0.6574,5.6
storage.zip,raw_data\phase1_biscuit\achira_storage\storage.zip,achira_storage,Water Adsorption Isotherms_Achira biscuits.xlsx,Sheet1,1164,95e8e3321808f9e917cbc8d02bc0581c,Water Adsorption Isotherms,1,45,0.6652,5.71
storage.zip,raw_data\phase1_biscuit\achira_storage\storage.zip,achira_storage,Water Adsorption Isotherms_Achira biscuits.xlsx,Sheet1,1165,ed9786abd368b253834fd842b38b09bd,Water Adsorption Isotherms,1,45,0.6728,5.829999999999999
storage.zip,raw_data\phase1_biscuit\achira_storage\storage.zip,achira_storage,Water Adsorption Isotherms_Achira biscuits.xlsx,Sheet1,1166,8d28d81ca302c91fc396cc3119c0a9f2,Water Adsorption Isotherms,1,45,0.684,5.949999999999999
storage.zip,raw_data\phase1_biscuit\achira_storage\storage.zip,achira_storage,Water Adsorption Isotherms_Achira biscuits.xlsx,Sheet1,1167,5dc2c44b908d3bae3a35d9f83fe7a37a,Water Adsorption Isotherms,1,45,0.6922,6.09
storage.zip,raw_data\phase1_biscuit\achira_storage\storage.zip,achira_storage,Water Adsorption Isotherms_Achira biscuits.xlsx,Sheet1,1168,085e31b0f76cbb76a42bee0ecc06e956,Water Adsorption Isotherms,1,45,0.6993,6.239999999999999
storage.zip,raw_data\phase1_biscuit\achira_storage\storage.zip,achira_storage,Water Adsorption Isotherms_Achira biscuits.xlsx,Sheet1,1169,de16e0ac41241b16c4484f2d3c973be4,Water Adsorption Isotherms,1,45,0.7122,6.38
storage.zip,raw_data\phase1_biscuit\achira_storage\storage.zip,achira_storage,Water Adsorption Isotherms_Achira biscuits.xlsx,Sheet1,1170,a21cd4e39a1497c0a0fb6afde9bd797c,Water Adsorption Isotherms,1,45,0.7195,6.51
storage.zip,raw_data\phase1_biscuit\achira_storage\storage.zip,achira_storage,Water Adsorption Isotherms_Achira biscuits.xlsx,Sheet1,1171,2a7a7ab510d6246b3c1589c16a3e87a0,Water Adsorption Isotherms,1,45,0.7268,6.67
storage.zip,raw_data\phase1_biscuit\achira_storage\storage.zip,achira_storage,Water Adsorption Isotherms_Achira biscuits.xlsx,Sheet1,1172,6ba33f6665f8465460a6cfbac9ce09fe,Water Adsorption Isotherms,1,45,0.7341,6.869999999999999
storage.zip,raw_data\phase1_biscuit\achira_storage\storage.zip,achira_storage,Water Adsorption Isotherms_Achira biscuits.xlsx,Sheet1,1173,daeb9eaffee6327db627a37e2a949147,Water Adsorption Isotherms,1,45,0.7443,7.05
storage.zip,raw_data\phase1_biscuit\achira_storage\storage.zip,achira_storage,Water Adsorption Isotherms_Achira biscuits.xlsx,Sheet1,1174,8e7e5869c5c9b08374950bf5b72d1585,Water Adsorption Isotherms,1,45,0.7556,7.22
storage.zip,raw_data\phase1_biscuit\achira_storage\storage.zip,achira_storage,Water Adsorption Isotherms_Achira biscuits.xlsx,Sheet1,1175,852a469eb255f3d9200d5f18cc2fc583,Water Adsorption Isotherms,1,45,0.7623,7.43
storage.zip,raw_data\phase1_biscuit\achira_storage\storage.zip,achira_storage,Water Adsorption Isotherms_Achira biscuits.xlsx,Sheet1,1176,880601d7bab56e93ccb05050f5b38326,Water Adsorption Isotherms,1,45,0.7707,7.660000000000001
storage.zip,raw_data\phase1_biscuit\achira_storage\storage.zip,achira_storage,Water Adsorption Isotherms_Achira biscuits.xlsx,Sheet1,1177,4e50d1f2ae7809aa1698492cce83687b,Water Adsorption Isotherms,1,45,0.781,7.89
storage.zip,raw_data\phase1_biscuit\achira_storage\storage.zip,achira_storage,Water Adsorption Isotherms_Achira biscuits.xlsx,Sheet1,1178,e925d9e400b947467d87e40dc80a120f,Water Adsorption Isotherms,1,45,0.7876,8.150000000000002
storage.zip,raw_data\phase1_biscuit\achira_storage\storage.zip,achira_storage,Water Adsorption Isotherms_Achira biscuits.xlsx,Sheet1,1179,6b0c1d6d05fabe91d529843e99b6aa1b,Water Adsorption Isotherms,1,45,0.7956,8.280000000000001
storage.zip,raw_data\phase1_biscuit\achira_storage\storage.zip,achira_storage,Water Adsorption Isotherms_Achira biscuits.xlsx,Sheet1,1180,4ae19e75cc0b470c6f2d76bb0368dd1f,Water Adsorption Isotherms,2,45,0.1013,1.18
storage.zip,raw_data\phase1_biscuit\achira_storage\storage.zip,achira_storage,Water Adsorption Isotherms_Achira biscuits.xlsx,Sheet1,1181,f9d53e2d9453391566d7b3b036180423,Water Adsorption Isotherms,2,45,0.1086,1.17
storage.zip,raw_data\phase1_biscuit\achira_storage\storage.zip,achira_storage,Water Adsorption Isotherms_Achira biscuits.xlsx,Sheet1,1182,c54cdd5da3ebc18a4e183d843ca4cc6c,Water Adsorption Isotherms,2,45,0.1327,1.22
storage.zip,raw_data\phase1_biscuit\achira_storage\storage.zip,achira_storage,Water Adsorption Isotherms_Achira biscuits.xlsx,Sheet1,1183,86442184e9d30709f00705da8a368f73,Water Adsorption Isotherms,2,45,0.1462,1.26
storage.zip,raw_data\phase1_biscuit\achira_storage\storage.zip,achira_storage,Water Adsorption Isotherms_Achira biscuits.xlsx,Sheet1,1184,09b2ac8802d91104c9d342146a38621d,Water Adsorption Isotherms,2,45,0.1572,1.29
storage.zip,raw_data\phase1_biscuit\achira_storage\storage.zip,achira_storage,Water Adsorption Isotherms_Achira biscuits.xlsx,Sheet1,1185,e9ee8720445567ac62e460c3b1eb63cd,Water Adsorption Isotherms,2,45,0.1639,1.32
storage.zip,raw_data\phase1_biscuit\achira_storage\storage.zip,achira_storage,Water Adsorption Isotherms_Achira biscuits.xlsx,Sheet1,1186,1b3bd62f7f6026fe58cb29e27f1cf2a5,Water Adsorption Isotherms,2,45,0.1739,1.36
storage.zip,raw_data\phase1_biscuit\achira_storage\storage.zip,achira_storage,Water Adsorption Isotherms_Achira biscuits.xlsx,Sheet1,1187,d7ed1fc4297cc7a4441ab8aa1f8ab2e5,Water Adsorption Isotherms,2,45,0.1794,1.41
storage.zip,raw_data\phase1_biscuit\achira_storage\storage.zip,achira_storage,Water Adsorption Isotherms_Achira biscuits.xlsx,Sheet1,1188,0f36e6eb98814fc1749c68c017ee86a3,Water Adsorption Isotherms,2,45,0.1861,1.45
storage.zip,raw_data\phase1_biscuit\achira_storage\storage.zip,achira_storage,Water Adsorption Isotherms_Achira biscuits.xlsx,Sheet1,1189,0848ba86c26e4db5e333dd701159d8aa,Water Adsorption Isotherms,2,45,0.1956,1.5
storage.zip,raw_data\phase1_biscuit\achira_storage\storage.zip,achira_storage,Water Adsorption Isotherms_Achira biscuits.xlsx,Sheet1,1190,b25530bea5407d985755c443e063ff4d,Water Adsorption Isotherms,2,45,0.2081,1.57
storage.zip,raw_data\phase1_biscuit\achira_storage\storage.zip,achira_storage,Water Adsorption Isotherms_Achira biscuits.xlsx,Sheet1,1191,ddaeee77314f924579613c66b6c36a2c,Water Adsorption Isotherms,2,45,0.2123,1.5999999999999999
storage.zip,raw_data\phase1_biscuit\achira_storage\storage.zip,achira_storage,Water Adsorption Isotherms_Achira biscuits.xlsx,Sheet1,1192,a2cd664ffb3bd632fc5301ff0cca9a6c,Water Adsorption Isotherms,2,45,0.2231,1.66
storage.zip,raw_data\phase1_biscuit\achira_storage\storage.zip,achira_storage,Water Adsorption Isotherms_Achira biscuits.xlsx,Sheet1,1193,7327c8ddc2cf4114a6ab370d3855b96d,Water Adsorption Isotherms,2,45,0.2333,1.7100000000000002
storage.zip,raw_data\phase1_biscuit\achira_storage\storage.zip,achira_storage,Water Adsorption Isotherms_Achira biscuits.xlsx,Sheet1,1194,8c80047ca296917cc57ab9c252163ea7,Water Adsorption Isotherms,2,45,0.242,1.7700000000000002
storage.zip,raw_data\phase1_biscuit\achira_storage\storage.zip,achira_storage,Water Adsorption Isotherms_Achira biscuits.xlsx,Sheet1,1195,4a48f888c497df397f60b7ce179ffcc6,Water Adsorption Isotherms,2,45,0.2466,1.82
storage.zip,raw_data\phase1_biscuit\achira_storage\storage.zip,achira_storage,Water Adsorption Isotherms_Achira biscuits.xlsx,Sheet1,1196,c53f546b2568b2626287aebcc83c1721,Water Adsorption Isotherms,2,45,0.26,1.8699999999999999
storage.zip,raw_data\phase1_biscuit\achira_storage\storage.zip,achira_storage,Water Adsorption Isotherms_Achira biscuits.xlsx,Sheet1,1197,8b14b13b6aa96eb957d5d0661326856f,Water Adsorption Isotherms,2,45,0.2704,1.9400000000000002
storage.zip,raw_data\phase1_biscuit\achira_storage\storage.zip,achira_storage,Water Adsorption Isotherms_Achira biscuits.xlsx,Sheet1,1198,d414e4f22b2aa1e3fdfc4f27886612da,Water Adsorption Isotherms,2,45,0.2788,2.0
storage.zip,raw_data\phase1_biscuit\achira_storage\storage.zip,achira_storage,Water Adsorption Isotherms_Achira biscuits.xlsx,Sheet1,1199,1f80456f6dcf90a9fc45595812b571e7,Water Adsorption Isotherms,2,45,0.2836,2.0599999999999996
storage.zip,raw_data\phase1_biscuit\achira_storage\storage.zip,achira_storage,Water Adsorption Isotherms_Achira biscuits.xlsx,Sheet1,1200,59f636e796f8d8f3888590eec565b803,Water Adsorption Isotherms,2,45,0.2965,2.13
storage.zip,raw_data\phase1_biscuit\achira_storage\storage.zip,achira_storage,Water Adsorption Isotherms_Achira biscuits.xlsx,Sheet1,1201,a9031b83b9f9866d8f2707803f90e866,Water Adsorption Isotherms,2,45,0.3029,2.2
storage.zip,raw_data\phase1_biscuit\achira_storage\storage.zip,achira_storage,Water Adsorption Isotherms_Achira biscuits.xlsx,Sheet1,1202,779b34e4c363f342f342cc541538c30b,Water Adsorption Isotherms,2,45,0.3166,2.26
storage.zip,raw_data\phase1_biscuit\achira_storage\storage.zip,achira_storage,Water Adsorption Isotherms_Achira biscuits.xlsx,Sheet1,1203,a528c44b83eaa8554f9323e88671a2cd,Water Adsorption Isotherms,2,45,0.3193,2.3200000000000003
storage.zip,raw_data\phase1_biscuit\achira_storage\storage.zip,achira_storage,Water Adsorption Isotherms_Achira biscuits.xlsx,Sheet1,1204,a7e39d5969f5e977c383237a2edec4dd,Water Adsorption Isotherms,2,45,0.3351,2.4000000000000004
storage.zip,raw_data\phase1_biscuit\achira_storage\storage.zip,achira_storage,Water Adsorption Isotherms_Achira biscuits.xlsx,Sheet1,1205,62afcb97e58deb2e23928fb36eb26640,Water Adsorption Isotherms,2,45,0.3453,2.4699999999999998
storage.zip,raw_data\phase1_biscuit\achira_storage\storage.zip,achira_storage,Water Adsorption Isotherms_Achira biscuits.xlsx,Sheet1,1206,e6ff858808246cd312052649cc160308,Water Adsorption Isotherms,2,45,0.3476,2.54
storage.zip,raw_data\phase1_biscuit\achira_storage\storage.zip,achira_storage,Water Adsorption Isotherms_Achira biscuits.xlsx,Sheet1,1207,5c8702cc0165f72b5e27528d11b3e836,Water Adsorption Isotherms,2,45,0.3624,2.6100000000000003
storage.zip,raw_data\phase1_biscuit\achira_storage\storage.zip,achira_storage,Water Adsorption Isotherms_Achira biscuits.xlsx,Sheet1,1208,1a02818cef7393b2c5d957da84738bfe,Water Adsorption Isotherms,2,45,0.3691,2.6799999999999997
storage.zip,raw_data\phase1_biscuit\achira_storage\storage.zip,achira_storage,Water Adsorption Isotherms_Achira biscuits.xlsx,Sheet1,1209,dbb32be7b0401d09d67fb81e6628cf11,Water Adsorption Isotherms,2,45,0.3802,2.76
storage.zip,raw_data\phase1_biscuit\achira_storage\storage.zip,achira_storage,Water Adsorption Isotherms_Achira biscuits.xlsx,Sheet1,1210,08481bbf1fb1694800839d46c9c9ac36,Water Adsorption Isotherms,2,45,0.3919,2.84
storage.zip,raw_data\phase1_biscuit\achira_storage\storage.zip,achira_storage,Water Adsorption Isotherms_Achira biscuits.xlsx,Sheet1,1211,d19ef8183ef056861777f61f2dacd58b,Water Adsorption Isotherms,2,45,0.3979,2.91
storage.zip,raw_data\phase1_biscuit\achira_storage\storage.zip,achira_storage,Water Adsorption Isotherms_Achira biscuits.xlsx,Sheet1,1212,33cc4af817ca853b53814d4a16925c93,Water Adsorption Isotherms,2,45,0.4082,2.99
storage.zip,raw_data\phase1_biscuit\achira_storage\storage.zip,achira_storage,Water Adsorption Isotherms_Achira biscuits.xlsx,Sheet1,1213,214ea82f1041974200e8a8ee482296d5,Water Adsorption Isotherms,2,45,0.4143,3.05
storage.zip,raw_data\phase1_biscuit\achira_storage\storage.zip,achira_storage,Water Adsorption Isotherms_Achira biscuits.xlsx,Sheet1,1214,359c310f262380fe1e91232ccc926b45,Water Adsorption Isotherms,2,45,0.4258,3.13
storage.zip,raw_data\phase1_biscuit\achira_storage\storage.zip,achira_storage,Water Adsorption Isotherms_Achira biscuits.xlsx,Sheet1,1215,763ecf313ecdf656e836cb67f0f31f24,Water Adsorption Isotherms,2,45,0.436,3.2199999999999998
storage.zip,raw_data\phase1_biscuit\achira_storage\storage.zip,achira_storage,Water Adsorption Isotherms_Achira biscuits.xlsx,Sheet1,1216,d62fb8af8d8f3f014c031d2088910927,Water Adsorption Isotherms,2,45,0.4492,3.3
storage.zip,raw_data\phase1_biscuit\achira_storage\storage.zip,achira_storage,Water Adsorption Isotherms_Achira biscuits.xlsx,Sheet1,1217,900d684b9fe8117127bd9dcd37e3f468,Water Adsorption Isotherms,2,45,0.4541,3.38
storage.zip,raw_data\phase1_biscuit\achira_storage\storage.zip,achira_storage,Water Adsorption Isotherms_Achira biscuits.xlsx,Sheet1,1218,37a05a1b881c0e376b45903bdf052d36,Water Adsorption Isotherms,2,45,0.4641,3.46
storage.zip,raw_data\phase1_biscuit\achira_storage\storage.zip,achira_storage,Water Adsorption Isotherms_Achira biscuits.xlsx,Sheet1,1219,4b0b38cdf69af211054a79d59ec731aa,Water Adsorption Isotherms,2,45,0.4731,3.55
storage.zip,raw_data\phase1_biscuit\achira_storage\storage.zip,achira_storage,Water Adsorption Isotherms_Achira biscuits.xlsx,Sheet1,1220,e28a259d2892d95acb9268585d914c45,Water Adsorption Isotherms,2,45,0.484,3.63
storage.zip,raw_data\phase1_biscuit\achira_storage\storage.zip,achira_storage,Water Adsorption Isotherms_Achira biscuits.xlsx,Sheet1,1221,7d88fa9a4c5495bdb6d175c3ccc7f359,Water Adsorption Isotherms,2,45,0.4929,3.7200000000000006
storage.zip,raw_data\phase1_biscuit\achira_storage\storage.zip,achira_storage,Water Adsorption Isotherms_Achira biscuits.xlsx,Sheet1,1222,15d59712737f1bb0cb529a376a9e7aa5,Water Adsorption Isotherms,2,45,0.5026,3.8100000000000005
storage.zip,raw_data\phase1_biscuit\achira_storage\storage.zip,achira_storage,Water Adsorption Isotherms_Achira biscuits.xlsx,Sheet1,1223,e734357d16f30b3cb72dc25da4843e7c,Water Adsorption Isotherms,2,45,0.5094,3.8900000000000006
storage.zip,raw_data\phase1_biscuit\achira_storage\storage.zip,achira_storage,Water Adsorption Isotherms_Achira biscuits.xlsx,Sheet1,1224,12cc8ab5bb68fb168e5e31ba84295856,Water Adsorption Isotherms,2,45,0.5208,3.9700000000000006
storage.zip,raw_data\phase1_biscuit\achira_storage\storage.zip,achira_storage,Water Adsorption Isotherms_Achira biscuits.xlsx,Sheet1,1225,c7aadf8808b2e64b91eb79d675d3eb3b,Water Adsorption Isotherms,2,45,0.5289,4.0600000000000005
storage.zip,raw_data\phase1_biscuit\achira_storage\storage.zip,achira_storage,Water Adsorption Isotherms_Achira biscuits.xlsx,Sheet1,1226,ae8bb3a89db8271fcfbfe216eeb0c83f,Water Adsorption Isotherms,2,45,0.5414,4.16
storage.zip,raw_data\phase1_biscuit\achira_storage\storage.zip,achira_storage,Water Adsorption Isotherms_Achira biscuits.xlsx,Sheet1,1227,1ee06280ecc799dfc1c18e5d0cb379be,Water Adsorption Isotherms,2,45,0.5513,4.25
storage.zip,raw_data\phase1_biscuit\achira_storage\storage.zip,achira_storage,Water Adsorption Isotherms_Achira biscuits.xlsx,Sheet1,1228,41a4521ff58f2267491fdc59c78dae26,Water Adsorption Isotherms,2,45,0.5575,4.33
storage.zip,raw_data\phase1_biscuit\achira_storage\storage.zip,achira_storage,Water Adsorption Isotherms_Achira biscuits.xlsx,Sheet1,1229,a7a5414bb8fa16e94c7fe03edb38eb7c,Water Adsorption Isotherms,2,45,0.5629,4.41
storage.zip,raw_data\phase1_biscuit\achira_storage\storage.zip,achira_storage,Water Adsorption Isotherms_Achira biscuits.xlsx,Sheet1,1230,2b551bd660d4abc368fced2b565d8f08,Water Adsorption Isotherms,2,45,0.5781,4.53
storage.zip,raw_data\phase1_biscuit\achira_storage\storage.zip,achira_storage,Water Adsorption Isotherms_Achira biscuits.xlsx,Sheet1,1231,637b53d4c44e879fa05bf99124fbacbb,Water Adsorption Isotherms,2,45,0.5889,4.63
storage.zip,raw_data\phase1_biscuit\achira_storage\storage.zip,achira_storage,Water Adsorption Isotherms_Achira biscuits.xlsx,Sheet1,1232,1b805da0f38fc58f7f7ba8729d863b02,Water Adsorption Isotherms,2,45,0.5996,4.73
storage.zip,raw_data\phase1_biscuit\achira_storage\storage.zip,achira_storage,Water Adsorption Isotherms_Achira biscuits.xlsx,Sheet1,1233,5b98e8f85d5cb597795b48b57da3cdaa,Water Adsorption Isotherms,2,45,0.6029,4.8100000000000005
storage.zip,raw_data\phase1_biscuit\achira_storage\storage.zip,achira_storage,Water Adsorption Isotherms_Achira biscuits.xlsx,Sheet1,1234,93ff4cfa05f34cb2a8e2b2a2e5b3d567,Water Adsorption Isotherms,2,45,0.614,4.91
storage.zip,raw_data\phase1_biscuit\achira_storage\storage.zip,achira_storage,Water Adsorption Isotherms_Achira biscuits.xlsx,Sheet1,1235,4e4c5e5aef73df25ac9cd11bd8f91202,Water Adsorption Isotherms,2,45,0.6275,5.03
storage.zip,raw_data\phase1_biscuit\achira_storage\storage.zip,achira_storage,Water Adsorption Isotherms_Achira biscuits.xlsx,Sheet1,1236,7cbd74eb7ca8884ef9f67fb7a44d6b82,Water Adsorption Isotherms,2,45,0.6313,5.13
storage.zip,raw_data\phase1_biscuit\achira_storage\storage.zip,achira_storage,Water Adsorption Isotherms_Achira biscuits.xlsx,Sheet1,1237,03951b23da18fc75d67b99486fedda90,Water Adsorption Isotherms,2,45,0.6439,5.24
storage.zip,raw_data\phase1_biscuit\achira_storage\storage.zip,achira_storage,Water Adsorption Isotherms_Achira biscuits.xlsx,Sheet1,1238,f7a40f10161bdf9115ffec336f8db367,Water Adsorption Isotherms,2,45,0.6517,5.36
storage.zip,raw_data\phase1_biscuit\achira_storage\storage.zip,achira_storage,Water Adsorption Isotherms_Achira biscuits.xlsx,Sheet1,1239,b420bb95e1d45baf68f10677935ad8d2,Water Adsorption Isotherms,2,45,0.6588,5.470000000000001
storage.zip,raw_data\phase1_biscuit\achira_storage\storage.zip,achira_storage,Water Adsorption Isotherms_Achira biscuits.xlsx,Sheet1,1240,1c26d35330807d01a1aca2cb8faa4597,Water Adsorption Isotherms,2,45,0.6735,5.61
storage.zip,raw_data\phase1_biscuit\achira_storage\storage.zip,achira_storage,Water Adsorption Isotherms_Achira biscuits.xlsx,Sheet1,1241,645ca21e9290e90d62d6496aa5ecffd9,Water Adsorption Isotherms,2,45,0.6805,5.720000000000001
storage.zip,raw_data\phase1_biscuit\achira_storage\storage.zip,achira_storage,Water Adsorption Isotherms_Achira biscuits.xlsx,Sheet1,1242,4d182f6c3335fd088547c77d61000a7e,Water Adsorption Isotherms,2,45,0.6879,5.84
storage.zip,raw_data\phase1_biscuit\achira_storage\storage.zip,achira_storage,Water Adsorption Isotherms_Achira biscuits.xlsx,Sheet1,1243,b2b41a05ce1fc84e76455109180bdd61,Water Adsorption Isotherms,2,45,0.6976,5.96
storage.zip,raw_data\phase1_biscuit\achira_storage\storage.zip,achira_storage,Water Adsorption Isotherms_Achira biscuits.xlsx,Sheet1,1244,53d920898fd2da51cde706da500f6045,Water Adsorption Isotherms,2,45,0.7054,6.1000000000000005
storage.zip,raw_data\phase1_biscuit\achira_storage\storage.zip,achira_storage,Water Adsorption Isotherms_Achira biscuits.xlsx,Sheet1,1245,b6b86e56dfafbedd19662e0f36cf2c72,Water Adsorption Isotherms,2,45,0.7191,6.25
storage.zip,raw_data\phase1_biscuit\achira_storage\storage.zip,achira_storage,Water Adsorption Isotherms_Achira biscuits.xlsx,Sheet1,1246,96e06d0817ddd9388525fdd04dc35f94,Water Adsorption Isotherms,2,45,0.7257,6.390000000000001
storage.zip,raw_data\phase1_biscuit\achira_storage\storage.zip,achira_storage,Water Adsorption Isotherms_Achira biscuits.xlsx,Sheet1,1247,fc08acb8eb488d1e0d88d4a597e54bea,Water Adsorption Isotherms,2,45,0.7321,6.5200000000000005
storage.zip,raw_data\phase1_biscuit\achira_storage\storage.zip,achira_storage,Water Adsorption Isotherms_Achira biscuits.xlsx,Sheet1,1248,2a9ed645c00fe029c65122273026a4b1,Water Adsorption Isotherms,2,45,0.7392,6.680000000000001
storage.zip,raw_data\phase1_biscuit\achira_storage\storage.zip,achira_storage,Water Adsorption Isotherms_Achira biscuits.xlsx,Sheet1,1249,0d7eb0c40ed407de7782a607a337e352,Water Adsorption Isotherms,2,45,0.7518,6.88
storage.zip,raw_data\phase1_biscuit\achira_storage\storage.zip,achira_storage,Water Adsorption Isotherms_Achira biscuits.xlsx,Sheet1,1250,8516e6df6d45f073861ef56d56fb523c,Water Adsorption Isotherms,2,45,0.7599,7.0600000000000005
storage.zip,raw_data\phase1_biscuit\achira_storage\storage.zip,achira_storage,Water Adsorption Isotherms_Achira biscuits.xlsx,Sheet1,1251,2f39276f1c491dac4d789670ba82f28f,Water Adsorption Isotherms,2,45,0.7662,7.23
storage.zip,raw_data\phase1_biscuit\achira_storage\storage.zip,achira_storage,Water Adsorption Isotherms_Achira biscuits.xlsx,Sheet1,1252,5a3ed775024d5c787af031b175084115,Water Adsorption Isotherms,2,45,0.775,7.44
storage.zip,raw_data\phase1_biscuit\achira_storage\storage.zip,achira_storage,Water Adsorption Isotherms_Achira biscuits.xlsx,Sheet1,1253,a5590017224a901ad53448055255896e,Water Adsorption Isotherms,2,45,0.7864,7.670000000000001
storage.zip,raw_data\phase1_biscuit\achira_storage\storage.zip,achira_storage,Water Adsorption Isotherms_Achira biscuits.xlsx,Sheet1,1254,6c2926d67af9946c1a39f703bd199dbd,Water Adsorption Isotherms,2,45,0.7917,7.8999999999999995
storage.zip,raw_data\phase1_biscuit\achira_storage\storage.zip,achira_storage,Water Adsorption Isotherms_Achira biscuits.xlsx,Sheet1,1255,94ef9b958d78ac24e494899fdc5ed698,Water Adsorption Isotherms,2,45,0.8003,8.16
storage.zip,raw_data\phase1_biscuit\achira_storage\storage.zip,achira_storage,Water Adsorption Isotherms_Achira biscuits.xlsx,Sheet1,1256,9ee8838475fb155ed0b4b5a27b478b6c,Water Adsorption Isotherms,3,45,0.1008,1.15
storage.zip,raw_data\phase1_biscuit\achira_storage\storage.zip,achira_storage,Water Adsorption Isotherms_Achira biscuits.xlsx,Sheet1,1257,e80d80589decdb1688a9f2f7f646dfab,Water Adsorption Isotherms,3,45,0.1053,1.1399999999999997
storage.zip,raw_data\phase1_biscuit\achira_storage\storage.zip,achira_storage,Water Adsorption Isotherms_Achira biscuits.xlsx,Sheet1,1258,5afde8a532806aea49a62f044a5fb8b2,Water Adsorption Isotherms,3,45,0.1245,1.1999999999999997
storage.zip,raw_data\phase1_biscuit\achira_storage\storage.zip,achira_storage,Water Adsorption Isotherms_Achira biscuits.xlsx,Sheet1,1259,f468772ec1745de7ddc8f983bf7427bf,Water Adsorption Isotherms,3,45,0.1352,1.2499999999999998
storage.zip,raw_data\phase1_biscuit\achira_storage\storage.zip,achira_storage,Water Adsorption Isotherms_Achira biscuits.xlsx,Sheet1,1260,f2af5d3cb1f426c551a45962015a656f,Water Adsorption Isotherms,3,45,0.1442,1.2999999999999998
storage.zip,raw_data\phase1_biscuit\achira_storage\storage.zip,achira_storage,Water Adsorption Isotherms_Achira biscuits.xlsx,Sheet1,1261,940cd672d1404c18a15b68708d4efe22,Water Adsorption Isotherms,3,45,0.1527,1.3299999999999998
storage.zip,raw_data\phase1_biscuit\achira_storage\storage.zip,achira_storage,Water Adsorption Isotherms_Achira biscuits.xlsx,Sheet1,1262,3ff0c4d164f7e0467a0807a1d3a32505,Water Adsorption Isotherms,3,45,0.1593,1.3699999999999999
storage.zip,raw_data\phase1_biscuit\achira_storage\storage.zip,achira_storage,Water Adsorption Isotherms_Achira biscuits.xlsx,Sheet1,1263,ad3804609f168f2647c190f78af74307,Water Adsorption Isotherms,3,45,0.1671,1.4199999999999997
storage.zip,raw_data\phase1_biscuit\achira_storage\storage.zip,achira_storage,Water Adsorption Isotherms_Achira biscuits.xlsx,Sheet1,1264,cd78dd63589a15b530e89571cca9bb82,Water Adsorption Isotherms,3,45,0.1752,1.4699999999999998
storage.zip,raw_data\phase1_biscuit\achira_storage\storage.zip,achira_storage,Water Adsorption Isotherms_Achira biscuits.xlsx,Sheet1,1265,23f5f01506d548e1cf6cdc0b28a48fcc,Water Adsorption Isotherms,3,45,0.1828,1.5199999999999996
storage.zip,raw_data\phase1_biscuit\achira_storage\storage.zip,achira_storage,Water Adsorption Isotherms_Achira biscuits.xlsx,Sheet1,1266,59dfa5b70ca057d96107d8576a35e505,Water Adsorption Isotherms,3,45,0.1915,1.5799999999999996
storage.zip,raw_data\phase1_biscuit\achira_storage\storage.zip,achira_storage,Water Adsorption Isotherms_Achira biscuits.xlsx,Sheet1,1267,600486cff154f60978d2e2f4425fde9d,Water Adsorption Isotherms,3,45,0.2032,1.63
storage.zip,raw_data\phase1_biscuit\achira_storage\storage.zip,achira_storage,Water Adsorption Isotherms_Achira biscuits.xlsx,Sheet1,1268,2d7d0930ce272671b0fba3a6d398c1ff,Water Adsorption Isotherms,3,45,0.2085,1.6399999999999997
storage.zip,raw_data\phase1_biscuit\achira_storage\storage.zip,achira_storage,Water Adsorption Isotherms_Achira biscuits.xlsx,Sheet1,1269,8bb4c841d69aa8226ea12daa46724b27,Water Adsorption Isotherms,3,45,0.2211,1.7100000000000002
storage.zip,raw_data\phase1_biscuit\achira_storage\storage.zip,achira_storage,Water Adsorption Isotherms_Achira biscuits.xlsx,Sheet1,1270,f3185a31b3e25cd0bc31855eb734a408,Water Adsorption Isotherms,3,45,0.2295,1.7699999999999998
storage.zip,raw_data\phase1_biscuit\achira_storage\storage.zip,achira_storage,Water Adsorption Isotherms_Achira biscuits.xlsx,Sheet1,1271,fa249d11064a3ba8fa8a5b0d813bba5b,Water Adsorption Isotherms,3,45,0.238,1.84
storage.zip,raw_data\phase1_biscuit\achira_storage\storage.zip,achira_storage,Water Adsorption Isotherms_Achira biscuits.xlsx,Sheet1,1272,bce49877bbb3bf8b93296237f39b803f,Water Adsorption Isotherms,3,45,0.2476,1.9000000000000001
storage.zip,raw_data\phase1_biscuit\achira_storage\storage.zip,achira_storage,Water Adsorption Isotherms_Achira biscuits.xlsx,Sheet1,1273,dbb7c6b0787185ca877bc1c0fb23d074,Water Adsorption Isotherms,3,45,0.2537,1.95
storage.zip,raw_data\phase1_biscuit\achira_storage\storage.zip,achira_storage,Water Adsorption Isotherms_Achira biscuits.xlsx,Sheet1,1274,30f99b49adf3076bece112bd650ad335,Water Adsorption Isotherms,3,45,0.266,2.04
storage.zip,raw_data\phase1_biscuit\achira_storage\storage.zip,achira_storage,Water Adsorption Isotherms_Achira biscuits.xlsx,Sheet1,1275,4336a0905d378d4d62c7fcf82d3b7df1,Water Adsorption Isotherms,3,45,0.273,2.12
storage.zip,raw_data\phase1_biscuit\achira_storage\storage.zip,achira_storage,Water Adsorption Isotherms_Achira biscuits.xlsx,Sheet1,1276,d4a0a39e0aacd259999de52c65d95708,Water Adsorption Isotherms,3,45,0.2833,2.2
storage.zip,raw_data\phase1_biscuit\achira_storage\storage.zip,achira_storage,Water Adsorption Isotherms_Achira biscuits.xlsx,Sheet1,1277,3321159ba1bbe69a5bc97268814d2e06,Water Adsorption Isotherms,3,45,0.2927,2.2800000000000002
storage.zip,raw_data\phase1_biscuit\achira_storage\storage.zip,achira_storage,Water Adsorption Isotherms_Achira biscuits.xlsx,Sheet1,1278,807890f8749bcf6576d574261dda8675,Water Adsorption Isotherms,3,45,0.3035,2.3400000000000003
storage.zip,raw_data\phase1_biscuit\achira_storage\storage.zip,achira_storage,Water Adsorption Isotherms_Achira biscuits.xlsx,Sheet1,1279,7633b090e99c4fe7eb1ed161ace8d093,Water Adsorption Isotherms,3,45,0.3123,2.4000000000000004
storage.zip,raw_data\phase1_biscuit\achira_storage\storage.zip,achira_storage,Water Adsorption Isotherms_Achira biscuits.xlsx,Sheet1,1280,8e7f728aa44dc3f85fb0718a5f68a1f0,Water Adsorption Isotherms,3,45,0.3229,2.48
storage.zip,raw_data\phase1_biscuit\achira_storage\storage.zip,achira_storage,Water Adsorption Isotherms_Achira biscuits.xlsx,Sheet1,1281,8b3e0d868cb4519c0bc00ca6926888f9,Water Adsorption Isotherms,3,45,0.3306,2.56
storage.zip,raw_data\phase1_biscuit\achira_storage\storage.zip,achira_storage,Water Adsorption Isotherms_Achira biscuits.xlsx,Sheet1,1282,c0b242b367b8b124ea1cc1c60c6bb21b,Water Adsorption Isotherms,3,45,0.3371,2.6300000000000003
storage.zip,raw_data\phase1_biscuit\achira_storage\storage.zip,achira_storage,Water Adsorption Isotherms_Achira biscuits.xlsx,Sheet1,1283,17a92298a57a57a0f2019d8c1392cf65,Water Adsorption Isotherms,3,45,0.3487,2.7100000000000004
storage.zip,raw_data\phase1_biscuit\achira_storage\storage.zip,achira_storage,Water Adsorption Isotherms_Achira biscuits.xlsx,Sheet1,1284,7cb7dcac9a80147404d13b3b79a8bedf,Water Adsorption Isotherms,3,45,0.3595,2.79
storage.zip,raw_data\phase1_biscuit\achira_storage\storage.zip,achira_storage,Water Adsorption Isotherms_Achira biscuits.xlsx,Sheet1,1285,c507e2286e35b9205df4124a1f6e50cb,Water Adsorption Isotherms,3,45,0.37,2.87
storage.zip,raw_data\phase1_biscuit\achira_storage\storage.zip,achira_storage,Water Adsorption Isotherms_Achira biscuits.xlsx,Sheet1,1286,2995705855d795c0585d993e0775efa6,Water Adsorption Isotherms,3,45,0.3771,2.95
storage.zip,raw_data\phase1_biscuit\achira_storage\storage.zip,achira_storage,Water Adsorption Isotherms_Achira biscuits.xlsx,Sheet1,1287,7fae212767aa42273b39775db18c31cf,Water Adsorption Isotherms,3,45,0.3874,3.0300000000000002
storage.zip,raw_data\phase1_biscuit\achira_storage\storage.zip,achira_storage,Water Adsorption Isotherms_Achira biscuits.xlsx,Sheet1,1288,edd6a3885016722a4fbeb72052e835da,Water Adsorption Isotherms,3,45,0.3989,3.08
storage.zip,raw_data\phase1_biscuit\achira_storage\storage.zip,achira_storage,Water Adsorption Isotherms_Achira biscuits.xlsx,Sheet1,1289,f3539896e62d268abff7e478ba711e57,Water Adsorption Isotherms,3,45,0.4061,3.17
storage.zip,raw_data\phase1_biscuit\achira_storage\storage.zip,achira_storage,Water Adsorption Isotherms_Achira biscuits.xlsx,Sheet1,1290,00f2909681f33ca12d661b9ee94ba0ff,Water Adsorption Isotherms,3,45,0.4174,3.26
storage.zip,raw_data\phase1_biscuit\achira_storage\storage.zip,achira_storage,Water Adsorption Isotherms_Achira biscuits.xlsx,Sheet1,1291,ddf55322fb183bfdf9c47eccfefeb82b,Water Adsorption Isotherms,3,45,0.4222,3.33
storage.zip,raw_data\phase1_biscuit\achira_storage\storage.zip,achira_storage,Water Adsorption Isotherms_Achira biscuits.xlsx,Sheet1,1292,432ea3a736442513a6b73aec0c11d43a,Water Adsorption Isotherms,3,45,0.4324,3.42
storage.zip,raw_data\phase1_biscuit\achira_storage\storage.zip,achira_storage,Water Adsorption Isotherms_Achira biscuits.xlsx,Sheet1,1293,945aeb9b33c1d5e2022689cd2525559e,Water Adsorption Isotherms,3,45,0.4442,3.4899999999999998
storage.zip,raw_data\phase1_biscuit\achira_storage\storage.zip,achira_storage,Water Adsorption Isotherms_Achira biscuits.xlsx,Sheet1,1294,9056d202b48f91746abc7ea224a8f70f,Water Adsorption Isotherms,3,45,0.4526,3.5700000000000003
storage.zip,raw_data\phase1_biscuit\achira_storage\storage.zip,achira_storage,Water Adsorption Isotherms_Achira biscuits.xlsx,Sheet1,1295,730cc9cf26aad9a27b8301145a73845d,Water Adsorption Isotherms,3,45,0.4635,3.6500000000000004
storage.zip,raw_data\phase1_biscuit\achira_storage\storage.zip,achira_storage,Water Adsorption Isotherms_Achira biscuits.xlsx,Sheet1,1296,74824b0a8c6013e37fc9bb96070d8303,Water Adsorption Isotherms,3,45,0.4749,3.75
storage.zip,raw_data\phase1_biscuit\achira_storage\storage.zip,achira_storage,Water Adsorption Isotherms_Achira biscuits.xlsx,Sheet1,1297,e888df9d6cce5956c14bd494a039b6fc,Water Adsorption Isotherms,3,45,0.483,3.8200000000000003
storage.zip,raw_data\phase1_biscuit\achira_storage\storage.zip,achira_storage,Water Adsorption Isotherms_Achira biscuits.xlsx,Sheet1,1298,fdea5581513d2353e2b71e62ce7d2e55,Water Adsorption Isotherms,3,45,0.4897,3.9000000000000004
storage.zip,raw_data\phase1_biscuit\achira_storage\storage.zip,achira_storage,Water Adsorption Isotherms_Achira biscuits.xlsx,Sheet1,1299,ad2c1c20b2f26c6001d86f2ca560d74e,Water Adsorption Isotherms,3,45,0.5001,3.99
storage.zip,raw_data\phase1_biscuit\achira_storage\storage.zip,achira_storage,Water Adsorption Isotherms_Achira biscuits.xlsx,Sheet1,1300,6a5df15954638536527f934056e55b3e,Water Adsorption Isotherms,3,45,0.5078,4.090000000000001
storage.zip,raw_data\phase1_biscuit\achira_storage\storage.zip,achira_storage,Water Adsorption Isotherms_Achira biscuits.xlsx,Sheet1,1301,59f3728d50221189c66c3eb1cf07c2bd,Water Adsorption Isotherms,3,45,0.5226,4.19
storage.zip,raw_data\phase1_biscuit\achira_storage\storage.zip,achira_storage,Water Adsorption Isotherms_Achira biscuits.xlsx,Sheet1,1302,f30de9d10377ca78ec0ef8cac7bb3b92,Water Adsorption Isotherms,3,45,0.5316,4.2700000000000005
storage.zip,raw_data\phase1_biscuit\achira_storage\storage.zip,achira_storage,Water Adsorption Isotherms_Achira biscuits.xlsx,Sheet1,1303,6949369d05a8df696a4b7cfe372cdf64,Water Adsorption Isotherms,3,45,0.5394,4.3500000000000005
storage.zip,raw_data\phase1_biscuit\achira_storage\storage.zip,achira_storage,Water Adsorption Isotherms_Achira biscuits.xlsx,Sheet1,1304,7559e26b310480502670110b7eb852f4,Water Adsorption Isotherms,3,45,0.5443,4.44
storage.zip,raw_data\phase1_biscuit\achira_storage\storage.zip,achira_storage,Water Adsorption Isotherms_Achira biscuits.xlsx,Sheet1,1305,61981bcb2ff8256cae2caa9d009d818b,Water Adsorption Isotherms,3,45,0.5569,4.5600000000000005
storage.zip,raw_data\phase1_biscuit\achira_storage\storage.zip,achira_storage,Water Adsorption Isotherms_Achira biscuits.xlsx,Sheet1,1306,dbc48d21e6cda88f0ad5298e6d96d92c,Water Adsorption Isotherms,3,45,0.5665,4.66
storage.zip,raw_data\phase1_biscuit\achira_storage\storage.zip,achira_storage,Water Adsorption Isotherms_Achira biscuits.xlsx,Sheet1,1307,2869ed5804f265fed846499fccb6e81f,Water Adsorption Isotherms,3,45,0.5781,4.78
storage.zip,raw_data\phase1_biscuit\achira_storage\storage.zip,achira_storage,Water Adsorption Isotherms_Achira biscuits.xlsx,Sheet1,1308,1d0564982913a2793c697c7befb72cbf,Water Adsorption Isotherms,3,45,0.5858,4.82
storage.zip,raw_data\phase1_biscuit\achira_storage\storage.zip,achira_storage,Water Adsorption Isotherms_Achira biscuits.xlsx,Sheet1,1309,0b73d5a5ed980c895b5eaf167ae546fc,Water Adsorption Isotherms,3,45,0.5917,4.91
storage.zip,raw_data\phase1_biscuit\achira_storage\storage.zip,achira_storage,Water Adsorption Isotherms_Achira biscuits.xlsx,Sheet1,1310,d36e5f1bbf72c0f72c503e8873bb13b1,Water Adsorption Isotherms,3,45,0.6057,5.0200000000000005
storage.zip,raw_data\phase1_biscuit\achira_storage\storage.zip,achira_storage,Water Adsorption Isotherms_Achira biscuits.xlsx,Sheet1,1311,da0ffa7ff356da2b551b14a4a54287a1,Water Adsorption Isotherms,3,45,0.6142,5.130000000000001
storage.zip,raw_data\phase1_biscuit\achira_storage\storage.zip,achira_storage,Water Adsorption Isotherms_Achira biscuits.xlsx,Sheet1,1312,4603a44fb65fdcbde1f2a48506b29cdb,Water Adsorption Isotherms,3,45,0.622,5.23
storage.zip,raw_data\phase1_biscuit\achira_storage\storage.zip,achira_storage,Water Adsorption Isotherms_Achira biscuits.xlsx,Sheet1,1313,6b5e2b37aaae04d121a3ccb36b00e67a,Water Adsorption Isotherms,3,45,0.6282,5.33
storage.zip,raw_data\phase1_biscuit\achira_storage\storage.zip,achira_storage,Water Adsorption Isotherms_Achira biscuits.xlsx,Sheet1,1314,662bc1bc9f4f25981f834718498b63f9,Water Adsorption Isotherms,3,45,0.6415,5.46
storage.zip,raw_data\phase1_biscuit\achira_storage\storage.zip,achira_storage,Water Adsorption Isotherms_Achira biscuits.xlsx,Sheet1,1315,8b37a38ae7269243c05c4bfa7a987119,Water Adsorption Isotherms,3,45,0.6503,5.57
storage.zip,raw_data\phase1_biscuit\achira_storage\storage.zip,achira_storage,Water Adsorption Isotherms_Achira biscuits.xlsx,Sheet1,1316,9334904461e0408444ec551c9f7ca9c6,Water Adsorption Isotherms,3,45,0.658,5.7
storage.zip,raw_data\phase1_biscuit\achira_storage\storage.zip,achira_storage,Water Adsorption Isotherms_Achira biscuits.xlsx,Sheet1,1317,6d704227e41325f87bd3027a944b4313,Water Adsorption Isotherms,3,45,0.6708,5.82
storage.zip,raw_data\phase1_biscuit\achira_storage\storage.zip,achira_storage,Water Adsorption Isotherms_Achira biscuits.xlsx,Sheet1,1318,632248f4c9777cca184ca63d4bca585d,Water Adsorption Isotherms,3,45,0.6763,5.930000000000001
storage.zip,raw_data\phase1_biscuit\achira_storage\storage.zip,achira_storage,Water Adsorption Isotherms_Achira biscuits.xlsx,Sheet1,1319,2687d95bcccf1ff0365b1f8371db96e0,Water Adsorption Isotherms,3,45,0.6863,6.07
storage.zip,raw_data\phase1_biscuit\achira_storage\storage.zip,achira_storage,Water Adsorption Isotherms_Achira biscuits.xlsx,Sheet1,1320,7f006754487ad02420c33f80f35a6a7b,Water Adsorption Isotherms,3,45,0.6928,6.2
storage.zip,raw_data\phase1_biscuit\achira_storage\storage.zip,achira_storage,Water Adsorption Isotherms_Achira biscuits.xlsx,Sheet1,1321,f85055e89992a68dce5938494da6fcf0,Water Adsorption Isotherms,3,45,0.7043,6.340000000000001
storage.zip,raw_data\phase1_biscuit\achira_storage\storage.zip,achira_storage,Water Adsorption Isotherms_Achira biscuits.xlsx,Sheet1,1322,c0cb9f753917555bc2d95a411ec01424,Water Adsorption Isotherms,3,45,0.7152,6.49
storage.zip,raw_data\phase1_biscuit\achira_storage\storage.zip,achira_storage,Water Adsorption Isotherms_Achira biscuits.xlsx,Sheet1,1323,2f13701f493d4aa080c7d7364ad15e77,Water Adsorption Isotherms,3,45,0.7233,6.640000000000001
storage.zip,raw_data\phase1_biscuit\achira_storage\storage.zip,achira_storage,Water Adsorption Isotherms_Achira biscuits.xlsx,Sheet1,1324,18e34d5cb54241b2f7c223b8345f7320,Water Adsorption Isotherms,3,45,0.7293,6.78
storage.zip,raw_data\phase1_biscuit\achira_storage\storage.zip,achira_storage,Water Adsorption Isotherms_Achira biscuits.xlsx,Sheet1,1325,764e90539503a2030d095e550e3e6c00,Water Adsorption Isotherms,3,45,0.739,6.95
storage.zip,raw_data\phase1_biscuit\achira_storage\storage.zip,achira_storage,Water Adsorption Isotherms_Achira biscuits.xlsx,Sheet1,1326,65ebeb739fb9609385e628379bdbbe00,Water Adsorption Isotherms,3,45,0.7491,7.130000000000001
storage.zip,raw_data\phase1_biscuit\achira_storage\storage.zip,achira_storage,Water Adsorption Isotherms_Achira biscuits.xlsx,Sheet1,1327,f41738ce7d6f68b243effc2416cedf1b,Water Adsorption Isotherms,3,45,0.7584,7.3100000000000005
storage.zip,raw_data\phase1_biscuit\achira_storage\storage.zip,achira_storage,Water Adsorption Isotherms_Achira biscuits.xlsx,Sheet1,1328,1988f5a51b1b10d7da0ad6a618e9d5e7,Water Adsorption Isotherms,3,45,0.764,7.4799999999999995
storage.zip,raw_data\phase1_biscuit\achira_storage\storage.zip,achira_storage,Water Adsorption Isotherms_Achira biscuits.xlsx,Sheet1,1329,eb6bd1f068fc1505363fbc1bf5b4f51b,Water Adsorption Isotherms,3,45,0.7765,7.6800000000000015
storage.zip,raw_data\phase1_biscuit\achira_storage\storage.zip,achira_storage,Water Adsorption Isotherms_Achira biscuits.xlsx,Sheet1,1330,899871b7a78b8bd5649847690b79bbdb,Water Adsorption Isotherms,3,45,0.7844,7.890000000000001
storage.zip,raw_data\phase1_biscuit\achira_storage\storage.zip,achira_storage,Water Adsorption Isotherms_Achira biscuits.xlsx,Sheet1,1331,0a0b932bb3c6efea207c71d840b77761,Water Adsorption Isotherms,3,45,0.7914,8.110000000000001
storage.zip,raw_data\phase1_biscuit\achira_storage\storage.zip,achira_storage,Water Adsorption Isotherms_Achira biscuits.xlsx,Sheet1,1332,84fe864dc7e4b5471760a00b0de2fae8,Water Adsorption Isotherms,3,45,0.799,8.330000000000002
storage.zip,raw_data\phase1_biscuit\achira_storage\storage.zip,achira_storage,Water Adsorption Isotherms_Achira biscuits.xlsx,Sheet1,1333,5f57c8f139673e66086bedc61e1d5245,Water Adsorption Isotherms,4,45,0.099,1.155
storage.zip,raw_data\phase1_biscuit\achira_storage\storage.zip,achira_storage,Water Adsorption Isotherms_Achira biscuits.xlsx,Sheet1,1334,5fb3fd46a029edf4a73d1d8e8393ae3a,Water Adsorption Isotherms,4,45,0.10887323943662,1.20485133020344
storage.zip,raw_data\phase1_biscuit\achira_storage\storage.zip,achira_storage,Water Adsorption Isotherms_Achira biscuits.xlsx,Sheet1,1335,fcf00c68a33baffb2893feb44c6fa59d,Water Adsorption Isotherms,4,45,0.118746478873239,1.25970266040689
storage.zip,raw_data\phase1_biscuit\achira_storage\storage.zip,achira_storage,Water Adsorption Isotherms_Achira biscuits.xlsx,Sheet1,1336,6197d99d6225aba15697b906b05c40e1,Water Adsorption Isotherms,4,45,0.128619718309859,1.2180985915493
storage.zip,raw_data\phase1_biscuit\achira_storage\storage.zip,achira_storage,Water Adsorption Isotherms_Achira biscuits.xlsx,Sheet1,1337,e76d88651a8d00d46f4879b4c9197d07,Water Adsorption Isotherms,4,45,0.138492957746479,1.26940532081377
storage.zip,raw_data\phase1_biscuit\achira_storage\storage.zip,achira_storage,Water Adsorption Isotherms_Achira biscuits.xlsx,Sheet1,1338,a175155e043ed843bca70f961b82ab78,Water Adsorption Isotherms,4,45,0.148366197183099,1.31455399061033
storage.zip,raw_data\phase1_biscuit\achira_storage\storage.zip,achira_storage,Water Adsorption Isotherms_Achira biscuits.xlsx,Sheet1,1339,093e2a696ff1fd6bcc96f5b567279cb3,Water Adsorption Isotherms,4,45,0.158239436619718,1.29531187122736
storage.zip,raw_data\phase1_biscuit\achira_storage\storage.zip,achira_storage,Water Adsorption Isotherms_Achira biscuits.xlsx,Sheet1,1340,7610ea58f448177cff37896c94a796b5,Water Adsorption Isotherms,4,45,0.168112676056338,1.33645070422535
storage.zip,raw_data\phase1_biscuit\achira_storage\storage.zip,achira_storage,Water Adsorption Isotherms_Achira biscuits.xlsx,Sheet1,1341,98d29b26f68ab09ea75a744925ddfd2f,Water Adsorption Isotherms,4,45,0.177985915492958,1.39985915492958
storage.zip,raw_data\phase1_biscuit\achira_storage\storage.zip,achira_storage,Water Adsorption Isotherms_Achira biscuits.xlsx,Sheet1,1342,4562e3c83ab8a590ea6d48401c944f53,Water Adsorption Isotherms,4,45,0.187859154929578,1.55239436619718
storage.zip,raw_data\phase1_biscuit\achira_storage\storage.zip,achira_storage,Water Adsorption Isotherms_Achira biscuits.xlsx,Sheet1,1343,131aea770fe9798e0aa103912ed5b24d,Water Adsorption Isotherms,4,45,0.197732394366197,1.6574245472837
storage.zip,raw_data\phase1_biscuit\achira_storage\storage.zip,achira_storage,Water Adsorption Isotherms_Achira biscuits.xlsx,Sheet1,1344,6ce40b4a8e3f0785e5f928185039fd4d,Water Adsorption Isotherms,4,45,0.207605633802817,1.63767605633803
storage.zip,raw_data\phase1_biscuit\achira_storage\storage.zip,achira_storage,Water Adsorption Isotherms_Achira biscuits.xlsx,Sheet1,1345,b7958fd7fde23befdce8036e4277cece,Water Adsorption Isotherms,4,45,0.217478873239437,1.68946009389671
storage.zip,raw_data\phase1_biscuit\achira_storage\storage.zip,achira_storage,Water Adsorption Isotherms_Achira biscuits.xlsx,Sheet1,1346,1de2a82c85c4b0b9e443e7821164294c,Water Adsorption Isotherms,4,45,0.227352112676056,1.75234741784038
storage.zip,raw_data\phase1_biscuit\achira_storage\storage.zip,achira_storage,Water Adsorption Isotherms_Achira biscuits.xlsx,Sheet1,1347,475ee0fc2ddd9b2f05a0928234bd0692,Water Adsorption Isotherms,4,45,0.237225352112676,1.73816901408451
storage.zip,raw_data\phase1_biscuit\achira_storage\storage.zip,achira_storage,Water Adsorption Isotherms_Achira biscuits.xlsx,Sheet1,1348,3a631ef05276b2a13666b2ca32e53359,Water Adsorption Isotherms,4,45,0.247098591549296,1.82037919826652
storage.zip,raw_data\phase1_biscuit\achira_storage\storage.zip,achira_storage,Water Adsorption Isotherms_Achira biscuits.xlsx,Sheet1,1349,3666609c2189b5401114586023a53983,Water Adsorption Isotherms,4,45,0.256971830985916,1.97228873239437
storage.zip,raw_data\phase1_biscuit\achira_storage\storage.zip,achira_storage,Water Adsorption Isotherms_Achira biscuits.xlsx,Sheet1,1350,b6394b1f09c8088ea073259a17e21842,Water Adsorption Isotherms,4,45,0.266845070422535,1.91791549295775
storage.zip,raw_data\phase1_biscuit\achira_storage\storage.zip,achira_storage,Water Adsorption Isotherms_Achira biscuits.xlsx,Sheet1,1351,9dc13c884082ae3471516f6c9dc08ffb,Water Adsorption Isotherms,4,45,0.276718309859155,2.13230985915493
storage.zip,raw_data\phase1_biscuit\achira_storage\storage.zip,achira_storage,Water Adsorption Isotherms_Achira biscuits.xlsx,Sheet1,1352,0e88d8a97cd28c27bd6ef564da2eecd8,Water Adsorption Isotherms,4,45,0.286591549295775,2.2287323943662
storage.zip,raw_data\phase1_biscuit\achira_storage\storage.zip,achira_storage,Water Adsorption Isotherms_Achira biscuits.xlsx,Sheet1,1353,581901a4a5797b06c8a156bbacc61641,Water Adsorption Isotherms,4,45,0.296464788732394,2.12711809317443
storage.zip,raw_data\phase1_biscuit\achira_storage\storage.zip,achira_storage,Water Adsorption Isotherms_Achira biscuits.xlsx,Sheet1,1354,529580c69d612bf50a04c10f77539f29,Water Adsorption Isotherms,4,45,0.306338028169014,2.21430583501006
storage.zip,raw_data\phase1_biscuit\achira_storage\storage.zip,achira_storage,Water Adsorption Isotherms_Achira biscuits.xlsx,Sheet1,1355,9b8252e09930bd9779f59828106dfd83,Water Adsorption Isotherms,4,45,0.316211267605634,2.43062740076825
storage.zip,raw_data\phase1_biscuit\achira_storage\storage.zip,achira_storage,Water Adsorption Isotherms_Achira biscuits.xlsx,Sheet1,1356,50cf92fff0b020457180dbcbc45b5652,Water Adsorption Isotherms,4,45,0.326084507042254,2.48098591549296
storage.zip,raw_data\phase1_biscuit\achira_storage\storage.zip,achira_storage,Water Adsorption Isotherms_Achira biscuits.xlsx,Sheet1,1357,b85c89da0cff31fb4db4f911500f5cbe,Water Adsorption Isotherms,4,45,0.335957746478873,2.40670422535211
storage.zip,raw_data\phase1_biscuit\achira_storage\storage.zip,achira_storage,Water Adsorption Isotherms_Achira biscuits.xlsx,Sheet1,1358,faa6a17e0963b09700cb4205ffbd914e,Water Adsorption Isotherms,4,45,0.345830985915493,2.4893896713615
storage.zip,raw_data\phase1_biscuit\achira_storage\storage.zip,achira_storage,Water Adsorption Isotherms_Achira biscuits.xlsx,Sheet1,1359,1b64717cf3d43b0bfc6b9b0789af6469,Water Adsorption Isotherms,4,45,0.355704225352113,2.57852112676056
storage.zip,raw_data\phase1_biscuit\achira_storage\storage.zip,achira_storage,Water Adsorption Isotherms_Achira biscuits.xlsx,Sheet1,1360,b42664ce6016e89f97c70074ae70339f,Water Adsorption Isotherms,4,45,0.365577464788732,2.79577464788732
storage.zip,raw_data\phase1_biscuit\achira_storage\storage.zip,achira_storage,Water Adsorption Isotherms_Achira biscuits.xlsx,Sheet1,1361,ee07fa3ed22a0a73ffbe5c325daeee94,Water Adsorption Isotherms,4,45,0.375450704225352,2.88360563380282
storage.zip,raw_data\phase1_biscuit\achira_storage\storage.zip,achira_storage,Water Adsorption Isotherms_Achira biscuits.xlsx,Sheet1,1362,cea725107401054edf53476f6e990e66,Water Adsorption Isotherms,4,45,0.385323943661972,2.79549295774648
storage.zip,raw_data\phase1_biscuit\achira_storage\storage.zip,achira_storage,Water Adsorption Isotherms_Achira biscuits.xlsx,Sheet1,1363,4fbcf00b2550e43afa7da8469e60d32a,Water Adsorption Isotherms,4,45,0.395197183098592,3.05197183098592
storage.zip,raw_data\phase1_biscuit\achira_storage\storage.zip,achira_storage,Water Adsorption Isotherms_Achira biscuits.xlsx,Sheet1,1364,a9f2d4800b14ea8e7b32d4e5c7211044,Water Adsorption Isotherms,4,45,0.405070422535211,3.15804828973843
storage.zip,raw_data\phase1_biscuit\achira_storage\storage.zip,achira_storage,Water Adsorption Isotherms_Achira biscuits.xlsx,Sheet1,1365,f561f555b1763850706b1439215c3c49,Water Adsorption Isotherms,4,45,0.414943661971831,3.05629107981221
storage.zip,raw_data\phase1_biscuit\achira_storage\storage.zip,achira_storage,Water Adsorption Isotherms_Achira biscuits.xlsx,Sheet1,1366,519e8d6ecb22b2b8ecf5ebec26e9f5c5,Water Adsorption Isotherms,4,45,0.424816901408451,3.35535211267606
storage.zip,raw_data\phase1_biscuit\achira_storage\storage.zip,achira_storage,Water Adsorption Isotherms_Achira biscuits.xlsx,Sheet1,1367,265761ddd97eb0188fd447902cf844b2,Water Adsorption Isotherms,4,45,0.434690140845071,3.43569248826291
storage.zip,raw_data\phase1_biscuit\achira_storage\storage.zip,achira_storage,Water Adsorption Isotherms_Achira biscuits.xlsx,Sheet1,1368,c648721a1febe52994909029c20e7053,Water Adsorption Isotherms,4,45,0.44456338028169,3.2726977248104
storage.zip,raw_data\phase1_biscuit\achira_storage\storage.zip,achira_storage,Water Adsorption Isotherms_Achira biscuits.xlsx,Sheet1,1369,3e885569cec274746ca633f5e0f615c3,Water Adsorption Isotherms,4,45,0.45443661971831,3.5443661971831
storage.zip,raw_data\phase1_biscuit\achira_storage\storage.zip,achira_storage,Water Adsorption Isotherms_Achira biscuits.xlsx,Sheet1,1370,744114a8e5784457991a38f9a161e7fb,Water Adsorption Isotherms,4,45,0.46430985915493,3.65281690140845
storage.zip,raw_data\phase1_biscuit\achira_storage\storage.zip,achira_storage,Water Adsorption Isotherms_Achira biscuits.xlsx,Sheet1,1371,a38ea9bbb8ed24a3351fb806750c8d3a,Water Adsorption Isotherms,4,45,0.474183098591549,3.71967989756722
storage.zip,raw_data\phase1_biscuit\achira_storage\storage.zip,achira_storage,Water Adsorption Isotherms_Achira biscuits.xlsx,Sheet1,1372,fcfc9652ba3965422f9962c3d743732f,Water Adsorption Isotherms,4,45,0.484056338028169,3.83207243460765
storage.zip,raw_data\phase1_biscuit\achira_storage\storage.zip,achira_storage,Water Adsorption Isotherms_Achira biscuits.xlsx,Sheet1,1373,d200ea6e5f3ff8101a30f8e7d5a17ee8,Water Adsorption Isotherms,4,45,0.493929577464789,3.90403329065301
storage.zip,raw_data\phase1_biscuit\achira_storage\storage.zip,achira_storage,Water Adsorption Isotherms_Achira biscuits.xlsx,Sheet1,1374,9236491a4df3b24aeb52398f91773335,Water Adsorption Isotherms,4,45,0.503802816901409,3.82070422535211
storage.zip,raw_data\phase1_biscuit\achira_storage\storage.zip,achira_storage,Water Adsorption Isotherms_Achira biscuits.xlsx,Sheet1,1375,b9a7c6da29435c9fff9145ece204ed37,Water Adsorption Isotherms,4,45,0.513676056338028,4.08507042253521
storage.zip,raw_data\phase1_biscuit\achira_storage\storage.zip,achira_storage,Water Adsorption Isotherms_Achira biscuits.xlsx,Sheet1,1376,43050cd5106f7bb441ecefdbe76d5c6b,Water Adsorption Isotherms,4,45,0.523549295774648,3.99867957746479
storage.zip,raw_data\phase1_biscuit\achira_storage\storage.zip,achira_storage,Water Adsorption Isotherms_Achira biscuits.xlsx,Sheet1,1377,e3ff3c6a13103515adfc5687ade38975,Water Adsorption Isotherms,4,45,0.533422535211268,4.30971830985915
storage.zip,raw_data\phase1_biscuit\achira_storage\storage.zip,achira_storage,Water Adsorption Isotherms_Achira biscuits.xlsx,Sheet1,1378,a4674fb942d85057d50e3a5d18310edc,Water Adsorption Isotherms,4,45,0.543295774647887,4.3742441314554
storage.zip,raw_data\phase1_biscuit\achira_storage\storage.zip,achira_storage,Water Adsorption Isotherms_Achira biscuits.xlsx,Sheet1,1379,4152ccb507d5c05d26a26de369cd4dd0,Water Adsorption Isotherms,4,45,0.553169014084507,4.52463705308776
storage.zip,raw_data\phase1_biscuit\achira_storage\storage.zip,achira_storage,Water Adsorption Isotherms_Achira biscuits.xlsx,Sheet1,1380,12cd97b6cd850a7467791670a88b930c,Water Adsorption Isotherms,4,45,0.563042253521127,4.41033802816902
storage.zip,raw_data\phase1_biscuit\achira_storage\storage.zip,achira_storage,Water Adsorption Isotherms_Achira biscuits.xlsx,Sheet1,1381,388b34b8cd01b0aae747021be5f7ee2e,Water Adsorption Isotherms,4,45,0.572915492957747,4.48932394366197
storage.zip,raw_data\phase1_biscuit\achira_storage\storage.zip,achira_storage,Water Adsorption Isotherms_Achira biscuits.xlsx,Sheet1,1382,0b58b1c92975bc85e7f36054bc77dcbf,Water Adsorption Isotherms,4,45,0.582788732394366,4.57353393085788
storage.zip,raw_data\phase1_biscuit\achira_storage\storage.zip,achira_storage,Water Adsorption Isotherms_Achira biscuits.xlsx,Sheet1,1383,5dfd26ff222785ca05e163d75f20e63e,Water Adsorption Isotherms,4,45,0.592661971830986,4.66329065300896
storage.zip,raw_data\phase1_biscuit\achira_storage\storage.zip,achira_storage,Water Adsorption Isotherms_Achira biscuits.xlsx,Sheet1,1384,15ecb851b6fbfeb2ae12e3ed8d195e1d,Water Adsorption Isotherms,4,45,0.602535211267606,4.89483568075118
storage.zip,raw_data\phase1_biscuit\achira_storage\storage.zip,achira_storage,Water Adsorption Isotherms_Achira biscuits.xlsx,Sheet1,1385,5f1405e9a90e002c77e9e74f296d5018,Water Adsorption Isotherms,4,45,0.612408450704225,5.1081161971831
storage.zip,raw_data\phase1_biscuit\achira_storage\storage.zip,achira_storage,Water Adsorption Isotherms_Achira biscuits.xlsx,Sheet1,1386,f82391da8db8bb6f3da700543751339c,Water Adsorption Isotherms,4,45,0.622281690140845,5.23469483568075
storage.zip,raw_data\phase1_biscuit\achira_storage\storage.zip,achira_storage,Water Adsorption Isotherms_Achira biscuits.xlsx,Sheet1,1387,fa4dc524dbab7bb6d73df46d31aa6aa2,Water Adsorption Isotherms,4,45,0.632154929577465,5.3685814889336
storage.zip,raw_data\phase1_biscuit\achira_storage\storage.zip,achira_storage,Water Adsorption Isotherms_Achira biscuits.xlsx,Sheet1,1388,8ee656a8bf543a01fe9ad941917e51e5,Water Adsorption Isotherms,4,45,0.642028169014085,5.46038732394366
storage.zip,raw_data\phase1_biscuit\achira_storage\storage.zip,achira_storage,Water Adsorption Isotherms_Achira biscuits.xlsx,Sheet1,1389,a5a2967a85861d4d841cd7318b3bbb77,Water Adsorption Isotherms,4,45,0.651901408450704,5.35852112676056
storage.zip,raw_data\phase1_biscuit\achira_storage\storage.zip,achira_storage,Water Adsorption Isotherms_Achira biscuits.xlsx,Sheet1,1390,0dee2f0840a9e436d6e6d25e3c465f4b,Water Adsorption Isotherms,4,45,0.661774647887324,5.49589671361502
storage.zip,raw_data\phase1_biscuit\achira_storage\storage.zip,achira_storage,Water Adsorption Isotherms_Achira biscuits.xlsx,Sheet1,1391,8021940b66b40ec31384e0d964acfa6c,Water Adsorption Isotherms,4,45,0.671647887323944,5.58804694835681
storage.zip,raw_data\phase1_biscuit\achira_storage\storage.zip,achira_storage,Water Adsorption Isotherms_Achira biscuits.xlsx,Sheet1,1392,6eb6ff920628a1a76b56aff2b61746c4,Water Adsorption Isotherms,4,45,0.681521126760563,5.72893360160966
storage.zip,raw_data\phase1_biscuit\achira_storage\storage.zip,achira_storage,Water Adsorption Isotherms_Achira biscuits.xlsx,Sheet1,1393,25f62cdaf407bd8165dcee4590c48b83,Water Adsorption Isotherms,4,45,0.691394366197183,6.07940140845071
storage.zip,raw_data\phase1_biscuit\achira_storage\storage.zip,achira_storage,Water Adsorption Isotherms_Achira biscuits.xlsx,Sheet1,1394,07b272978be9736aa15c1cb3a1cdc415,Water Adsorption Isotherms,4,45,0.701267605633803,6.26442036836403
storage.zip,raw_data\phase1_biscuit\achira_storage\storage.zip,achira_storage,Water Adsorption Isotherms_Achira biscuits.xlsx,Sheet1,1395,2c4b8a0b74f42f116abdf5147ee744f2,Water Adsorption Isotherms,4,45,0.711140845070423,6.16579476861167
storage.zip,raw_data\phase1_biscuit\achira_storage\storage.zip,achira_storage,Water Adsorption Isotherms_Achira biscuits.xlsx,Sheet1,1396,5c2889274cff63b634f776b496bf175f,Water Adsorption Isotherms,4,45,0.721014084507042,6.53317907444668
storage.zip,raw_data\phase1_biscuit\achira_storage\storage.zip,achira_storage,Water Adsorption Isotherms_Achira biscuits.xlsx,Sheet1,1397,b63d99e77906a8ee8f0a1c0ce7ff0024,Water Adsorption Isotherms,4,45,0.730887323943662,6.81208450704225
storage.zip,raw_data\phase1_biscuit\achira_storage\storage.zip,achira_storage,Water Adsorption Isotherms_Achira biscuits.xlsx,Sheet1,1398,96f04f726d779ccfc143e032c8a3ae87,Water Adsorption Isotherms,4,45,0.740760563380282,6.98169014084507
storage.zip,raw_data\phase1_biscuit\achira_storage\storage.zip,achira_storage,Water Adsorption Isotherms_Achira biscuits.xlsx,Sheet1,1399,69482b2edbec8aa5422bdb5c35c350a6,Water Adsorption Isotherms,4,45,0.750633802816902,7.14397887323944
storage.zip,raw_data\phase1_biscuit\achira_storage\storage.zip,achira_storage,Water Adsorption Isotherms_Achira biscuits.xlsx,Sheet1,1400,bf4bc10cfadd74e3e6ba56360cb44935,Water Adsorption Isotherms,4,45,0.760507042253521,7.0743661971831
storage.zip,raw_data\phase1_biscuit\achira_storage\storage.zip,achira_storage,Water Adsorption Isotherms_Achira biscuits.xlsx,Sheet1,1401,a1079b52fcbb2a0904c48968bb52dbce,Water Adsorption Isotherms,4,45,0.770380281690141,7.6441627543036
storage.zip,raw_data\phase1_biscuit\achira_storage\storage.zip,achira_storage,Water Adsorption Isotherms_Achira biscuits.xlsx,Sheet1,1402,e302a3eca3389e7ffd16abb96d8fa7ba,Water Adsorption Isotherms,4,45,0.780253521126761,7.77760563380282
storage.zip,raw_data\phase1_biscuit\achira_storage\storage.zip,achira_storage,Water Adsorption Isotherms_Achira biscuits.xlsx,Sheet1,1403,4273d709c324497a4ac1c53cd6bd8b4c,Water Adsorption Isotherms,4,45,0.79012676056338,8.08255533199195
storage.zip,raw_data\phase1_biscuit\achira_storage\storage.zip,achira_storage,Water Adsorption Isotherms_Achira biscuits.xlsx,Sheet1,1404,bbd898723291b72e9b5ed803ca9880fa,Water Adsorption Isotherms,4,45,0.8,8.345
storage.zip,raw_data\phase1_biscuit\achira_storage\storage.zip,achira_storage,Water Adsorption Isotherms_Achira biscuits.xlsx,Sheet1,1405,e502432cb0d23e8b4017765239bbdab2,Water Adsorption Isotherms,5,45,0.099,1.155
storage.zip,raw_data\phase1_biscuit\achira_storage\storage.zip,achira_storage,Water Adsorption Isotherms_Achira biscuits.xlsx,Sheet1,1406,1d77cb94416369a6877edbeaf8336aa5,Water Adsorption Isotherms,5,45,0.10887323943662,1.20485133020344
storage.zip,raw_data\phase1_biscuit\achira_storage\storage.zip,achira_storage,Water Adsorption Isotherms_Achira biscuits.xlsx,Sheet1,1407,09d8e08c3b297df4162516bf31b97757,Water Adsorption Isotherms,5,45,0.118746478873239,1.18123943661972
storage.zip,raw_data\phase1_biscuit\achira_storage\storage.zip,achira_storage,Water Adsorption Isotherms_Achira biscuits.xlsx,Sheet1,1408,adac0daac157f5386f0b73cb8c08a86c,Water Adsorption Isotherms,5,45,0.128619718309859,1.2180985915493
storage.zip,raw_data\phase1_biscuit\achira_storage\storage.zip,achira_storage,Water Adsorption Isotherms_Achira biscuits.xlsx,Sheet1,1409,e382fc2f1c34a0fc60ffefeb8310408a,Water Adsorption Isotherms,5,45,0.138492957746479,1.2369014084507
storage.zip,raw_data\phase1_biscuit\achira_storage\storage.zip,achira_storage,Water Adsorption Isotherms_Achira biscuits.xlsx,Sheet1,1410,057b461ea43280baee8f094dbf231de1,Water Adsorption Isotherms,5,45,0.148366197183099,1.31455399061033
storage.zip,raw_data\phase1_biscuit\achira_storage\storage.zip,achira_storage,Water Adsorption Isotherms_Achira biscuits.xlsx,Sheet1,1411,a80ca43267b6a752c8d5f80262dfed0d,Water Adsorption Isotherms,5,45,0.158239436619718,1.36492957746479
storage.zip,raw_data\phase1_biscuit\achira_storage\storage.zip,achira_storage,Water Adsorption Isotherms_Achira biscuits.xlsx,Sheet1,1412,31790d002a812a37b4e40c18404c0661,Water Adsorption Isotherms,5,45,0.168112676056338,1.33645070422535
storage.zip,raw_data\phase1_biscuit\achira_storage\storage.zip,achira_storage,Water Adsorption Isotherms_Achira biscuits.xlsx,Sheet1,1413,67018f52c1dedc562f4cbc41f28888cb,Water Adsorption Isotherms,5,45,0.177985915492958,1.52492957746479
storage.zip,raw_data\phase1_biscuit\achira_storage\storage.zip,achira_storage,Water Adsorption Isotherms_Achira biscuits.xlsx,Sheet1,1414,ef1235e319ad35a86c99686577813d1e,Water Adsorption Isotherms,5,45,0.187859154929578,1.58668231611894
storage.zip,raw_data\phase1_biscuit\achira_storage\storage.zip,achira_storage,Water Adsorption Isotherms_Achira biscuits.xlsx,Sheet1,1415,38b0fd3c455e77efcfc6ffafc90e6cd8,Water Adsorption Isotherms,5,45,0.197732394366197,1.6574245472837
storage.zip,raw_data\phase1_biscuit\achira_storage\storage.zip,achira_storage,Water Adsorption Isotherms_Achira biscuits.xlsx,Sheet1,1416,4762a159b74ab892f84d409a7100b37b,Water Adsorption Isotherms,5,45,0.207605633802817,1.7076338028169
storage.zip,raw_data\phase1_biscuit\achira_storage\storage.zip,achira_storage,Water Adsorption Isotherms_Achira biscuits.xlsx,Sheet1,1417,bc88c39a195e8f715a4215497f842d25,Water Adsorption Isotherms,5,45,0.217478873239437,1.76799295774648
storage.zip,raw_data\phase1_biscuit\achira_storage\storage.zip,achira_storage,Water Adsorption Isotherms_Achira biscuits.xlsx,Sheet1,1418,76e8625a78c0e5395d8299078ab05454,Water Adsorption Isotherms,5,45,0.227352112676056,1.68176056338028
storage.zip,raw_data\phase1_biscuit\achira_storage\storage.zip,achira_storage,Water Adsorption Isotherms_Achira biscuits.xlsx,Sheet1,1419,40854848d07fb76d17622027bc6fa423,Water Adsorption Isotherms,5,45,0.237225352112676,1.83322183098592
storage.zip,raw_data\phase1_biscuit\achira_storage\storage.zip,achira_storage,Water Adsorption Isotherms_Achira biscuits.xlsx,Sheet1,1420,d840b143bc4b349341f1a501588df5c7,Water Adsorption Isotherms,5,45,0.247098591549296,1.82037919826652
storage.zip,raw_data\phase1_biscuit\achira_storage\storage.zip,achira_storage,Water Adsorption Isotherms_Achira biscuits.xlsx,Sheet1,1421,00c3e7ea990735899247224cbcf4aeaa,Water Adsorption Isotherms,5,45,0.256971830985916,1.85835319609968
storage.zip,raw_data\phase1_biscuit\achira_storage\storage.zip,achira_storage,Water Adsorption Isotherms_Achira biscuits.xlsx,Sheet1,1422,5a6b9784891f0e2e921d1439acda51ea,Water Adsorption Isotherms,5,45,0.266845070422535,2.04965794768612
storage.zip,raw_data\phase1_biscuit\achira_storage\storage.zip,achira_storage,Water Adsorption Isotherms_Achira biscuits.xlsx,Sheet1,1423,3b07829f16634b90116ed912c96c3de1,Water Adsorption Isotherms,5,45,0.276718309859155,2.14974647887324
storage.zip,raw_data\phase1_biscuit\achira_storage\storage.zip,achira_storage,Water Adsorption Isotherms_Achira biscuits.xlsx,Sheet1,1424,68ad3bd06e049af2e58e6508602a022b,Water Adsorption Isotherms,5,45,0.286591549295775,2.2287323943662
storage.zip,raw_data\phase1_biscuit\achira_storage\storage.zip,achira_storage,Water Adsorption Isotherms_Achira biscuits.xlsx,Sheet1,1425,26a046489527dfe1cc6e2f4b1355bd78,Water Adsorption Isotherms,5,45,0.296464788732394,2.29889884763124
storage.zip,raw_data\phase1_biscuit\achira_storage\storage.zip,achira_storage,Water Adsorption Isotherms_Achira biscuits.xlsx,Sheet1,1426,12151988fe8c3871e0833ff95a3b150c,Water Adsorption Isotherms,5,45,0.306338028169014,2.35753521126761
storage.zip,raw_data\phase1_biscuit\achira_storage\storage.zip,achira_storage,Water Adsorption Isotherms_Achira biscuits.xlsx,Sheet1,1427,0197dbed5b71394b6b67b58fd28f9a5e,Water Adsorption Isotherms,5,45,0.316211267605634,2.25661971830986
storage.zip,raw_data\phase1_biscuit\achira_storage\storage.zip,achira_storage,Water Adsorption Isotherms_Achira biscuits.xlsx,Sheet1,1428,cec4fff99f7013502d271fcc29da72ba,Water Adsorption Isotherms,5,45,0.326084507042254,2.35542253521127
storage.zip,raw_data\phase1_biscuit\achira_storage\storage.zip,achira_storage,Water Adsorption Isotherms_Achira biscuits.xlsx,Sheet1,1429,a2083e3873b98dccb008c485b4cf3220,Water Adsorption Isotherms,5,45,0.335957746478873,2.57518565941101
storage.zip,raw_data\phase1_biscuit\achira_storage\storage.zip,achira_storage,Water Adsorption Isotherms_Achira biscuits.xlsx,Sheet1,1430,b4fbf018b6983667f90b0389186263d0,Water Adsorption Isotherms,5,45,0.345830985915493,2.64201877934272
storage.zip,raw_data\phase1_biscuit\achira_storage\storage.zip,achira_storage,Water Adsorption Isotherms_Achira biscuits.xlsx,Sheet1,1431,1f32f910b1acc59e0c6b41b7ef3d7410,Water Adsorption Isotherms,5,45,0.355704225352113,2.75875800256082
storage.zip,raw_data\phase1_biscuit\achira_storage\storage.zip,achira_storage,Water Adsorption Isotherms_Achira biscuits.xlsx,Sheet1,1432,1a656f4ddbad8603205e6817d92216d7,Water Adsorption Isotherms,5,45,0.365577464788732,2.64577464788732
storage.zip,raw_data\phase1_biscuit\achira_storage\storage.zip,achira_storage,Water Adsorption Isotherms_Achira biscuits.xlsx,Sheet1,1433,f0bb8c8e8a014615cfc0451f908270c9,Water Adsorption Isotherms,5,45,0.375450704225352,2.72691421254802
storage.zip,raw_data\phase1_biscuit\achira_storage\storage.zip,achira_storage,Water Adsorption Isotherms_Achira biscuits.xlsx,Sheet1,1434,3df911d540b5cea8632fa611fcc575c9,Water Adsorption Isotherms,5,45,0.385323943661972,2.79549295774648
storage.zip,raw_data\phase1_biscuit\achira_storage\storage.zip,achira_storage,Water Adsorption Isotherms_Achira biscuits.xlsx,Sheet1,1435,a9669291160dda6a9674cd43301b9ca4,Water Adsorption Isotherms,5,45,0.395197183098592,3.06415492957747
storage.zip,raw_data\phase1_biscuit\achira_storage\storage.zip,achira_storage,Water Adsorption Isotherms_Achira biscuits.xlsx,Sheet1,1436,c54ff721b8d2f259dd08f4357492bdc6,Water Adsorption Isotherms,5,45,0.405070422535211,2.96656338028169
storage.zip,raw_data\phase1_biscuit\achira_storage\storage.zip,achira_storage,Water Adsorption Isotherms_Achira biscuits.xlsx,Sheet1,1437,a3fc0c232895dcd39feb09d804ef8bd6,Water Adsorption Isotherms,5,45,0.414943661971831,3.05629107981221
storage.zip,raw_data\phase1_biscuit\achira_storage\storage.zip,achira_storage,Water Adsorption Isotherms_Achira biscuits.xlsx,Sheet1,1438,74c0651b25900c67dce47378d73c6904,Water Adsorption Isotherms,5,45,0.424816901408451,3.12211267605634
storage.zip,raw_data\phase1_biscuit\achira_storage\storage.zip,achira_storage,Water Adsorption Isotherms_Achira biscuits.xlsx,Sheet1,1439,4ec7ab96566fc94a25e33b9625b292b7,Water Adsorption Isotherms,5,45,0.434690140845071,3.20821126760563
storage.zip,raw_data\phase1_biscuit\achira_storage\storage.zip,achira_storage,Water Adsorption Isotherms_Achira biscuits.xlsx,Sheet1,1440,48c2de885af041e67a80ec3e87609755,Water Adsorption Isotherms,5,45,0.44456338028169,3.4456338028169
storage.zip,raw_data\phase1_biscuit\achira_storage\storage.zip,achira_storage,Water Adsorption Isotherms_Achira biscuits.xlsx,Sheet1,1441,100753374997085d21b09381cd4d847e,Water Adsorption Isotherms,5,45,0.45443661971831,3.58044814340589
storage.zip,raw_data\phase1_biscuit\achira_storage\storage.zip,achira_storage,Water Adsorption Isotherms_Achira biscuits.xlsx,Sheet1,1442,877e7097f501c321e2e7bde16d258f26,Water Adsorption Isotherms,5,45,0.46430985915493,3.65281690140845
storage.zip,raw_data\phase1_biscuit\achira_storage\storage.zip,achira_storage,Water Adsorption Isotherms_Achira biscuits.xlsx,Sheet1,1443,24757ba639be4809f9c5280d369ae019,Water Adsorption Isotherms,5,45,0.474183098591549,3.55860435339309
storage.zip,raw_data\phase1_biscuit\achira_storage\storage.zip,achira_storage,Water Adsorption Isotherms_Achira biscuits.xlsx,Sheet1,1444,4f23cfdfc709f447b3b317da01f620ac,Water Adsorption Isotherms,5,45,0.484056338028169,3.83207243460765
storage.zip,raw_data\phase1_biscuit\achira_storage\storage.zip,achira_storage,Water Adsorption Isotherms_Achira biscuits.xlsx,Sheet1,1445,d91b969b07e7f24e648a7bdb3847e08e,Water Adsorption Isotherms,5,45,0.493929577464789,3.7283661971831
storage.zip,raw_data\phase1_biscuit\achira_storage\storage.zip,achira_storage,Water Adsorption Isotherms_Achira biscuits.xlsx,Sheet1,1446,c3d8a8fb850280ee02380c39553648f8,Water Adsorption Isotherms,5,45,0.503802816901409,4.03753521126761
storage.zip,raw_data\phase1_biscuit\achira_storage\storage.zip,achira_storage,Water Adsorption Isotherms_Achira biscuits.xlsx,Sheet1,1447,db00475d8e700c36ebc14e2d940a4de4,Water Adsorption Isotherms,5,45,0.513676056338028,3.92117370892019
storage.zip,raw_data\phase1_biscuit\achira_storage\storage.zip,achira_storage,Water Adsorption Isotherms_Achira biscuits.xlsx,Sheet1,1448,796f015bb777df2762f1c16bb890457d,Water Adsorption Isotherms,5,45,0.523549295774648,3.99867957746479
storage.zip,raw_data\phase1_biscuit\achira_storage\storage.zip,achira_storage,Water Adsorption Isotherms_Achira biscuits.xlsx,Sheet1,1449,55157f331e34490e410002eac58ecfc9,Water Adsorption Isotherms,5,45,0.533422535211268,4.30971830985915
storage.zip,raw_data\phase1_biscuit\achira_storage\storage.zip,achira_storage,Water Adsorption Isotherms_Achira biscuits.xlsx,Sheet1,1450,69d58f060852e491e232bbe15231508a,Water Adsorption Isotherms,5,45,0.543295774647887,4.3742441314554
storage.zip,raw_data\phase1_biscuit\achira_storage\storage.zip,achira_storage,Water Adsorption Isotherms_Achira biscuits.xlsx,Sheet1,1451,22ec64ea93c964498998e014d930d49f,Water Adsorption Isotherms,5,45,0.553169014084507,4.43816901408451
storage.zip,raw_data\phase1_biscuit\achira_storage\storage.zip,achira_storage,Water Adsorption Isotherms_Achira biscuits.xlsx,Sheet1,1452,ca6b7cac26e7c0f79b7fe5721349c25d,Water Adsorption Isotherms,5,45,0.563042253521127,4.62042253521127
storage.zip,raw_data\phase1_biscuit\achira_storage\storage.zip,achira_storage,Water Adsorption Isotherms_Achira biscuits.xlsx,Sheet1,1453,9f0212ef93a2fec56d9e058cbfa2521f,Water Adsorption Isotherms,5,45,0.572915492957747,4.72453265044815
storage.zip,raw_data\phase1_biscuit\achira_storage\storage.zip,achira_storage,Water Adsorption Isotherms_Achira biscuits.xlsx,Sheet1,1454,99051adfab535d19bee078331bdef784,Water Adsorption Isotherms,5,45,0.582788732394366,4.80394366197183
storage.zip,raw_data\phase1_biscuit\achira_storage\storage.zip,achira_storage,Water Adsorption Isotherms_Achira biscuits.xlsx,Sheet1,1455,dcdcd301b6ef97f141fe76d7d6e3741b,Water Adsorption Isotherms,5,45,0.592661971830986,4.79026888604354
storage.zip,raw_data\phase1_biscuit\achira_storage\storage.zip,achira_storage,Water Adsorption Isotherms_Achira biscuits.xlsx,Sheet1,1456,d40a6b15f5f8ccc303cab589ad56c08c,Water Adsorption Isotherms,5,45,0.602535211267606,4.99277665995976
storage.zip,raw_data\phase1_biscuit\achira_storage\storage.zip,achira_storage,Water Adsorption Isotherms_Achira biscuits.xlsx,Sheet1,1457,40e2da1dfe624f38898d3e448b827fc6,Water Adsorption Isotherms,5,45,0.612408450704225,5.1081161971831
storage.zip,raw_data\phase1_biscuit\achira_storage\storage.zip,achira_storage,Water Adsorption Isotherms_Achira biscuits.xlsx,Sheet1,1458,724f23dae911dcc4e8ad7776be600265,Water Adsorption Isotherms,5,45,0.622281690140845,5.23469483568075
storage.zip,raw_data\phase1_biscuit\achira_storage\storage.zip,achira_storage,Water Adsorption Isotherms_Achira biscuits.xlsx,Sheet1,1459,8801b1a176a64a94304911668954f7e0,Water Adsorption Isotherms,5,45,0.632154929577465,5.29185915492958
storage.zip,raw_data\phase1_biscuit\achira_storage\storage.zip,achira_storage,Water Adsorption Isotherms_Achira biscuits.xlsx,Sheet1,1460,ab8809e1fd406b2ee42f0dacbf6fe7d2,Water Adsorption Isotherms,5,45,0.642028169014085,5.22331527627302
storage.zip,raw_data\phase1_biscuit\achira_storage\storage.zip,achira_storage,Water Adsorption Isotherms_Achira biscuits.xlsx,Sheet1,1461,7bcec5857ef0a4486ff66bd88ec18bf5,Water Adsorption Isotherms,5,45,0.651901408450704,5.60089788732394
storage.zip,raw_data\phase1_biscuit\achira_storage\storage.zip,achira_storage,Water Adsorption Isotherms_Achira biscuits.xlsx,Sheet1,1462,f457e17c33d6c2ea108b2f24de1c09d7,Water Adsorption Isotherms,5,45,0.661774647887324,5.7348429035753
storage.zip,raw_data\phase1_biscuit\achira_storage\storage.zip,achira_storage,Water Adsorption Isotherms_Achira biscuits.xlsx,Sheet1,1463,201364b7a45e05aa70bbddd680c94fd1,Water Adsorption Isotherms,5,45,0.671647887323944,5.80971830985915
storage.zip,raw_data\phase1_biscuit\achira_storage\storage.zip,achira_storage,Water Adsorption Isotherms_Achira biscuits.xlsx,Sheet1,1464,9759bd8e8079ea00290fc5bc29c037c1,Water Adsorption Isotherms,5,45,0.681521126760563,5.92295774647887
storage.zip,raw_data\phase1_biscuit\achira_storage\storage.zip,achira_storage,Water Adsorption Isotherms_Achira biscuits.xlsx,Sheet1,1465,1bdc0c21e8aea94ce67d17faf4207593,Water Adsorption Isotherms,5,45,0.691394366197183,6.17018108651912
storage.zip,raw_data\phase1_biscuit\achira_storage\storage.zip,achira_storage,Water Adsorption Isotherms_Achira biscuits.xlsx,Sheet1,1466,22c5112233d2aafcabd387e77479c235,Water Adsorption Isotherms,5,45,0.701267605633803,6.02535211267606
storage.zip,raw_data\phase1_biscuit\achira_storage\storage.zip,achira_storage,Water Adsorption Isotherms_Achira biscuits.xlsx,Sheet1,1467,94a6a23af29fe2c8c262b6c4312e1bd2,Water Adsorption Isotherms,5,45,0.711140845070423,6.16579476861167
storage.zip,raw_data\phase1_biscuit\achira_storage\storage.zip,achira_storage,Water Adsorption Isotherms_Achira biscuits.xlsx,Sheet1,1468,294b0ae9a9a969c17b0fee04fd509edc,Water Adsorption Isotherms,5,45,0.721014084507042,6.53317907444668
storage.zip,raw_data\phase1_biscuit\achira_storage\storage.zip,achira_storage,Water Adsorption Isotherms_Achira biscuits.xlsx,Sheet1,1469,cbfeee86507e84f2944669d8fcec2119,Water Adsorption Isotherms,5,45,0.730887323943662,6.78106639839034
storage.zip,raw_data\phase1_biscuit\achira_storage\storage.zip,achira_storage,Water Adsorption Isotherms_Achira biscuits.xlsx,Sheet1,1470,432b1b7bdadbac3b59620064611a9d43,Water Adsorption Isotherms,5,45,0.740760563380282,6.98169014084507
storage.zip,raw_data\phase1_biscuit\achira_storage\storage.zip,achira_storage,Water Adsorption Isotherms_Achira biscuits.xlsx,Sheet1,1471,02f271e87fd4c80297c50fccc9349a1a,Water Adsorption Isotherms,5,45,0.750633802816902,7.16267605633803
storage.zip,raw_data\phase1_biscuit\achira_storage\storage.zip,achira_storage,Water Adsorption Isotherms_Achira biscuits.xlsx,Sheet1,1472,bc55593eb5204afb00abe0f842731985,Water Adsorption Isotherms,5,45,0.760507042253521,7.38103286384977
storage.zip,raw_data\phase1_biscuit\achira_storage\storage.zip,achira_storage,Water Adsorption Isotherms_Achira biscuits.xlsx,Sheet1,1473,089414a8ba1e69f41895dd24b123da61,Water Adsorption Isotherms,5,45,0.770380281690141,7.6441627543036
storage.zip,raw_data\phase1_biscuit\achira_storage\storage.zip,achira_storage,Water Adsorption Isotherms_Achira biscuits.xlsx,Sheet1,1474,e2acf6d9fc4628d04f26ca330dbe974b,Water Adsorption Isotherms,5,45,0.780253521126761,7.87283098591549
storage.zip,raw_data\phase1_biscuit\achira_storage\storage.zip,achira_storage,Water Adsorption Isotherms_Achira biscuits.xlsx,Sheet1,1475,45773ba070b7f7e503000f960d294381,Water Adsorption Isotherms,5,45,0.79012676056338,8.18455985915493
storage.zip,raw_data\phase1_biscuit\achira_storage\storage.zip,achira_storage,Water Adsorption Isotherms_Achira biscuits.xlsx,Sheet1,1476,cac5fb5fad3b00cea745fae264f95cf9,Water Adsorption Isotherms,5,45,0.8,8.16
storage.zip,raw_data\phase1_biscuit\achira_storage\storage.zip,achira_storage,Water Adsorption Isotherms_Achira biscuits.xlsx,Sheet1,1477,6d1570557e4b73c5fddb801474424a43,Water Adsorption Isotherms,6,45,0.099,1.16
storage.zip,raw_data\phase1_biscuit\achira_storage\storage.zip,achira_storage,Water Adsorption Isotherms_Achira biscuits.xlsx,Sheet1,1478,0dcd6917624dace65f27fa9786789ccf,Water Adsorption Isotherms,6,45,0.10887323943662,1.15161971830986
storage.zip,raw_data\phase1_biscuit\achira_storage\storage.zip,achira_storage,Water Adsorption Isotherms_Achira biscuits.xlsx,Sheet1,1479,daab4849694e1544bec5078af5b8a761,Water Adsorption Isotherms,6,45,0.118746478873239,1.25970266040689
storage.zip,raw_data\phase1_biscuit\achira_storage\storage.zip,achira_storage,Water Adsorption Isotherms_Achira biscuits.xlsx,Sheet1,1480,e5960a899b803df01580415d02680c2d,Water Adsorption Isotherms,6,45,0.128619718309859,1.3087323943662
storage.zip,raw_data\phase1_biscuit\achira_storage\storage.zip,achira_storage,Water Adsorption Isotherms_Achira biscuits.xlsx,Sheet1,1481,6e5327512dd17396019a6d3288e55a45,Water Adsorption Isotherms,6,45,0.138492957746479,1.2369014084507
storage.zip,raw_data\phase1_biscuit\achira_storage\storage.zip,achira_storage,Water Adsorption Isotherms_Achira biscuits.xlsx,Sheet1,1482,ac977ea9187941def4b3a6f64f82efaa,Water Adsorption Isotherms,6,45,0.148366197183099,1.31455399061033
storage.zip,raw_data\phase1_biscuit\achira_storage\storage.zip,achira_storage,Water Adsorption Isotherms_Achira biscuits.xlsx,Sheet1,1483,aad21b70fe64c5501237ab2464e9ff31,Water Adsorption Isotherms,6,45,0.158239436619718,1.41619718309859
storage.zip,raw_data\phase1_biscuit\achira_storage\storage.zip,achira_storage,Water Adsorption Isotherms_Achira biscuits.xlsx,Sheet1,1484,96696917ace04de6545cc8802c671e47,Water Adsorption Isotherms,6,45,0.168112676056338,1.47195422535211
storage.zip,raw_data\phase1_biscuit\achira_storage\storage.zip,achira_storage,Water Adsorption Isotherms_Achira biscuits.xlsx,Sheet1,1485,9d2c88b27a66041e285c7d1c4d16ee8a,Water Adsorption Isotherms,6,45,0.177985915492958,1.39985915492958
storage.zip,raw_data\phase1_biscuit\achira_storage\storage.zip,achira_storage,Water Adsorption Isotherms_Achira biscuits.xlsx,Sheet1,1486,ebd472af9754485b6ce256ea5da367d9,Water Adsorption Isotherms,6,45,0.187859154929578,1.58668231611894
storage.zip,raw_data\phase1_biscuit\achira_storage\storage.zip,achira_storage,Water Adsorption Isotherms_Achira biscuits.xlsx,Sheet1,1487,51ad78b0c3910addecc4a194bfe2a5cc,Water Adsorption Isotherms,6,45,0.197732394366197,1.51010563380282
storage.zip,raw_data\phase1_biscuit\achira_storage\storage.zip,achira_storage,Water Adsorption Isotherms_Achira biscuits.xlsx,Sheet1,1488,04adcf23725f36bddc2f3e05e0cbdfc6,Water Adsorption Isotherms,6,45,0.207605633802817,1.63767605633803
storage.zip,raw_data\phase1_biscuit\achira_storage\storage.zip,achira_storage,Water Adsorption Isotherms_Achira biscuits.xlsx,Sheet1,1489,bf942d8eeb247a2e959dd9e9e662628e,Water Adsorption Isotherms,6,45,0.217478873239437,1.6298847631242
storage.zip,raw_data\phase1_biscuit\achira_storage\storage.zip,achira_storage,Water Adsorption Isotherms_Achira biscuits.xlsx,Sheet1,1490,7b9b366eda0f3651c867cd824fbda6f9,Water Adsorption Isotherms,6,45,0.227352112676056,1.83234741784038
storage.zip,raw_data\phase1_biscuit\achira_storage\storage.zip,achira_storage,Water Adsorption Isotherms_Achira biscuits.xlsx,Sheet1,1491,9d496bd18b1472372ac3522462fb5ec7,Water Adsorption Isotherms,6,45,0.237225352112676,1.73816901408451
storage.zip,raw_data\phase1_biscuit\achira_storage\storage.zip,achira_storage,Water Adsorption Isotherms_Achira biscuits.xlsx,Sheet1,1492,244725851adeb3c84f2ab037e4760212,Water Adsorption Isotherms,6,45,0.247098591549296,1.9381161971831
storage.zip,raw_data\phase1_biscuit\achira_storage\storage.zip,achira_storage,Water Adsorption Isotherms_Achira biscuits.xlsx,Sheet1,1493,2a342082245b32777becc64b7d4ca7cc,Water Adsorption Isotherms,6,45,0.256971830985916,1.85835319609968
storage.zip,raw_data\phase1_biscuit\achira_storage\storage.zip,achira_storage,Water Adsorption Isotherms_Achira biscuits.xlsx,Sheet1,1494,53144c72063a03bf15754069db862faa,Water Adsorption Isotherms,6,45,0.266845070422535,1.91791549295775
storage.zip,raw_data\phase1_biscuit\achira_storage\storage.zip,achira_storage,Water Adsorption Isotherms_Achira biscuits.xlsx,Sheet1,1495,812bc88a79005f2adfdcd1eed7298806,Water Adsorption Isotherms,6,45,0.276718309859155,2.14974647887324
storage.zip,raw_data\phase1_biscuit\achira_storage\storage.zip,achira_storage,Water Adsorption Isotherms_Achira biscuits.xlsx,Sheet1,1496,c7b894d44ac820112189b5dc4680000a,Water Adsorption Isotherms,6,45,0.286591549295775,2.2287323943662
storage.zip,raw_data\phase1_biscuit\achira_storage\storage.zip,achira_storage,Water Adsorption Isotherms_Achira biscuits.xlsx,Sheet1,1497,3c14983ded50ee999399a3b6f18c6463,Water Adsorption Isotherms,6,45,0.296464788732394,2.12711809317443
storage.zip,raw_data\phase1_biscuit\achira_storage\storage.zip,achira_storage,Water Adsorption Isotherms_Achira biscuits.xlsx,Sheet1,1498,04cf82bb5f59ca06db427d986af41c49,Water Adsorption Isotherms,6,45,0.306338028169014,2.35753521126761
storage.zip,raw_data\phase1_biscuit\achira_storage\storage.zip,achira_storage,Water Adsorption Isotherms_Achira biscuits.xlsx,Sheet1,1499,126d574b134485bb50cbbe0795a0d225,Water Adsorption Isotherms,6,45,0.316211267605634,2.41474178403756
storage.zip,raw_data\phase1_biscuit\achira_storage\storage.zip,achira_storage,Water Adsorption Isotherms_Achira biscuits.xlsx,Sheet1,1500,238e29572e67267e787406e82f1a00f3,Water Adsorption Isotherms,6,45,0.326084507042254,2.35542253521127
storage.zip,raw_data\phase1_biscuit\achira_storage\storage.zip,achira_storage,Water Adsorption Isotherms_Achira biscuits.xlsx,Sheet1,1501,5d6873c5c8d92fc6c1d4e432f7a7ffbc,Water Adsorption Isotherms,6,45,0.335957746478873,2.61784037558685
storage.zip,raw_data\phase1_biscuit\achira_storage\storage.zip,achira_storage,Water Adsorption Isotherms_Achira biscuits.xlsx,Sheet1,1502,670ea33654da1b399bcb85d0848b2d0a,Water Adsorption Isotherms,6,45,0.345830985915493,2.68887323943662
storage.zip,raw_data\phase1_biscuit\achira_storage\storage.zip,achira_storage,Water Adsorption Isotherms_Achira biscuits.xlsx,Sheet1,1503,02ac4aa668004929fd88d27b1143244f,Water Adsorption Isotherms,6,45,0.355704225352113,2.75875800256082
storage.zip,raw_data\phase1_biscuit\achira_storage\storage.zip,achira_storage,Water Adsorption Isotherms_Achira biscuits.xlsx,Sheet1,1504,59fbfaec362f1781cb8f9b9df2eb631f,Water Adsorption Isotherms,6,45,0.365577464788732,2.64577464788732
storage.zip,raw_data\phase1_biscuit\achira_storage\storage.zip,achira_storage,Water Adsorption Isotherms_Achira biscuits.xlsx,Sheet1,1505,3eb438daea95edb5fd2679f45db5221a,Water Adsorption Isotherms,6,45,0.375450704225352,2.72691421254802
storage.zip,raw_data\phase1_biscuit\achira_storage\storage.zip,achira_storage,Water Adsorption Isotherms_Achira biscuits.xlsx,Sheet1,1506,4500d958179a740de926b36b460e8bed,Water Adsorption Isotherms,6,45,0.385323943661972,3.01659154929578
storage.zip,raw_data\phase1_biscuit\achira_storage\storage.zip,achira_storage,Water Adsorption Isotherms_Achira biscuits.xlsx,Sheet1,1507,4c0287c77106580b9a42ae408cd43548,Water Adsorption Isotherms,6,45,0.395197183098592,3.05197183098592
storage.zip,raw_data\phase1_biscuit\achira_storage\storage.zip,achira_storage,Water Adsorption Isotherms_Achira biscuits.xlsx,Sheet1,1508,a592ec4edb8027af5c2d63cb7108fb7d,Water Adsorption Isotherms,6,45,0.405070422535211,3.15804828973843
storage.zip,raw_data\phase1_biscuit\achira_storage\storage.zip,achira_storage,Water Adsorption Isotherms_Achira biscuits.xlsx,Sheet1,1509,ec02be575f35b00ea998d3f696965b4c,Water Adsorption Isotherms,6,45,0.414943661971831,3.05629107981221
storage.zip,raw_data\phase1_biscuit\achira_storage\storage.zip,achira_storage,Water Adsorption Isotherms_Achira biscuits.xlsx,Sheet1,1510,022eb8ce8e2c506fd0d26474a32c94b5,Water Adsorption Isotherms,6,45,0.424816901408451,3.35535211267606
storage.zip,raw_data\phase1_biscuit\achira_storage\storage.zip,achira_storage,Water Adsorption Isotherms_Achira biscuits.xlsx,Sheet1,1511,90a17d9c9466731e6b941ba5ed57c8ab,Water Adsorption Isotherms,6,45,0.434690140845071,3.20821126760563
storage.zip,raw_data\phase1_biscuit\achira_storage\storage.zip,achira_storage,Water Adsorption Isotherms_Achira biscuits.xlsx,Sheet1,1512,2a73d32a7448a15857ea87dea28cecec,Water Adsorption Isotherms,6,45,0.44456338028169,3.49500782472614
storage.zip,raw_data\phase1_biscuit\achira_storage\storage.zip,achira_storage,Water Adsorption Isotherms_Achira biscuits.xlsx,Sheet1,1513,87bd429edc544cf2c0bad60c4628b983,Water Adsorption Isotherms,6,45,0.45443661971831,3.58044814340589
storage.zip,raw_data\phase1_biscuit\achira_storage\storage.zip,achira_storage,Water Adsorption Isotherms_Achira biscuits.xlsx,Sheet1,1514,c546513fae6f96780afb62271603db9b,Water Adsorption Isotherms,6,45,0.46430985915493,3.64047887323944
storage.zip,raw_data\phase1_biscuit\achira_storage\storage.zip,achira_storage,Water Adsorption Isotherms_Achira biscuits.xlsx,Sheet1,1515,b7b8385109a24c7b7444b2ce7568b7e1,Water Adsorption Isotherms,6,45,0.474183098591549,3.55860435339309
storage.zip,raw_data\phase1_biscuit\achira_storage\storage.zip,achira_storage,Water Adsorption Isotherms_Achira biscuits.xlsx,Sheet1,1516,e73ef5127b3d44c11db87d9d19a1e016,Water Adsorption Isotherms,6,45,0.484056338028169,3.83207243460765
storage.zip,raw_data\phase1_biscuit\achira_storage\storage.zip,achira_storage,Water Adsorption Isotherms_Achira biscuits.xlsx,Sheet1,1517,0d1ef80d387677b6d6e6bb23c0668ee6,Water Adsorption Isotherms,6,45,0.493929577464789,3.7283661971831
storage.zip,raw_data\phase1_biscuit\achira_storage\storage.zip,achira_storage,Water Adsorption Isotherms_Achira biscuits.xlsx,Sheet1,1518,61d0020c962f2842024ba2e595cfe48e,Water Adsorption Isotherms,6,45,0.503802816901409,3.98070422535211
storage.zip,raw_data\phase1_biscuit\achira_storage\storage.zip,achira_storage,Water Adsorption Isotherms_Achira biscuits.xlsx,Sheet1,1519,78ddd9fe0bc5875cfde102a2127d5aaa,Water Adsorption Isotherms,6,45,0.513676056338028,3.92117370892019
storage.zip,raw_data\phase1_biscuit\achira_storage\storage.zip,achira_storage,Water Adsorption Isotherms_Achira biscuits.xlsx,Sheet1,1520,fc7a0f7b0ba4852467fc6f32a2e5d5f7,Water Adsorption Isotherms,6,45,0.523549295774648,3.99867957746479
storage.zip,raw_data\phase1_biscuit\achira_storage\storage.zip,achira_storage,Water Adsorption Isotherms_Achira biscuits.xlsx,Sheet1,1521,ed72889067bc6ebaf557eac42fd7cfb6,Water Adsorption Isotherms,6,45,0.533422535211268,4.28625754527163
storage.zip,raw_data\phase1_biscuit\achira_storage\storage.zip,achira_storage,Water Adsorption Isotherms_Achira biscuits.xlsx,Sheet1,1522,b9a36c1cdc2d72d40d6d13ec24b1d390,Water Adsorption Isotherms,6,45,0.543295774647887,4.18066197183099
storage.zip,raw_data\phase1_biscuit\achira_storage\storage.zip,achira_storage,Water Adsorption Isotherms_Achira biscuits.xlsx,Sheet1,1523,9cd712d35621c50d9a68879a7a657ce7,Water Adsorption Isotherms,6,45,0.553169014084507,4.27478873239437
storage.zip,raw_data\phase1_biscuit\achira_storage\storage.zip,achira_storage,Water Adsorption Isotherms_Achira biscuits.xlsx,Sheet1,1524,8a4ca44c814af482a60d145030c99a9d,Water Adsorption Isotherms,6,45,0.563042253521127,4.62042253521127
storage.zip,raw_data\phase1_biscuit\achira_storage\storage.zip,achira_storage,Water Adsorption Isotherms_Achira biscuits.xlsx,Sheet1,1525,02fc2126b1354d51d77dd3a7f0488d1d,Water Adsorption Isotherms,6,45,0.572915492957747,4.72453265044815
storage.zip,raw_data\phase1_biscuit\achira_storage\storage.zip,achira_storage,Water Adsorption Isotherms_Achira biscuits.xlsx,Sheet1,1526,e0611b6d7672cb942c57dac5d1404edf,Water Adsorption Isotherms,6,45,0.582788732394366,4.71735915492958
storage.zip,raw_data\phase1_biscuit\achira_storage\storage.zip,achira_storage,Water Adsorption Isotherms_Achira biscuits.xlsx,Sheet1,1527,1b06f9cf58f1880ab53dad89df170569,Water Adsorption Isotherms,6,45,0.592661971830986,4.91520120724346
storage.zip,raw_data\phase1_biscuit\achira_storage\storage.zip,achira_storage,Water Adsorption Isotherms_Achira biscuits.xlsx,Sheet1,1528,cd25500a44b09e17abd3a6d34e6f2b2d,Water Adsorption Isotherms,6,45,0.602535211267606,4.99277665995976
storage.zip,raw_data\phase1_biscuit\achira_storage\storage.zip,achira_storage,Water Adsorption Isotherms_Achira biscuits.xlsx,Sheet1,1529,d6a615f07dc0ae1efdb5e335321b9b38,Water Adsorption Isotherms,6,45,0.612408450704225,5.1081161971831
storage.zip,raw_data\phase1_biscuit\achira_storage\storage.zip,achira_storage,Water Adsorption Isotherms_Achira biscuits.xlsx,Sheet1,1530,746f235fdc770701b32611783d103779,Water Adsorption Isotherms,6,45,0.622281690140845,5.12619718309859
storage.zip,raw_data\phase1_biscuit\achira_storage\storage.zip,achira_storage,Water Adsorption Isotherms_Achira biscuits.xlsx,Sheet1,1531,a45d0a59f353ba42ae3f2678b4d0ce08,Water Adsorption Isotherms,6,45,0.632154929577465,5.13977248104009
storage.zip,raw_data\phase1_biscuit\achira_storage\storage.zip,achira_storage,Water Adsorption Isotherms_Achira biscuits.xlsx,Sheet1,1532,db07c6ee1d5c884e3228351fffbd6508,Water Adsorption Isotherms,6,45,0.642028169014085,5.22331527627302
storage.zip,raw_data\phase1_biscuit\achira_storage\storage.zip,achira_storage,Water Adsorption Isotherms_Achira biscuits.xlsx,Sheet1,1533,949c73f5dc0bf7613cf3ed79f9c72122,Water Adsorption Isotherms,6,45,0.651901408450704,5.52068857589984
storage.zip,raw_data\phase1_biscuit\achira_storage\storage.zip,achira_storage,Water Adsorption Isotherms_Achira biscuits.xlsx,Sheet1,1534,5b851094d4d3a66881a25ca436b52781,Water Adsorption Isotherms,6,45,0.661774647887324,5.6656514084507
storage.zip,raw_data\phase1_biscuit\achira_storage\storage.zip,achira_storage,Water Adsorption Isotherms_Achira biscuits.xlsx,Sheet1,1535,bc697b2c7e1a094a4db92508a8c65f37,Water Adsorption Isotherms,6,45,0.671647887323944,5.83425352112676
storage.zip,raw_data\phase1_biscuit\achira_storage\storage.zip,achira_storage,Water Adsorption Isotherms_Achira biscuits.xlsx,Sheet1,1536,2a17ad8182905b407c63b5804039b63f,Water Adsorption Isotherms,6,45,0.681521126760563,5.72893360160966
storage.zip,raw_data\phase1_biscuit\achira_storage\storage.zip,achira_storage,Water Adsorption Isotherms_Achira biscuits.xlsx,Sheet1,1537,bb1fbd0bcf193114c3d91963e90ff740,Water Adsorption Isotherms,6,45,0.691394366197183,5.8807323943662
storage.zip,raw_data\phase1_biscuit\achira_storage\storage.zip,achira_storage,Water Adsorption Isotherms_Achira biscuits.xlsx,Sheet1,1538,2d687c41e857a62ef83b4b9315faa68a,Water Adsorption Isotherms,6,45,0.701267605633803,6.02535211267606
storage.zip,raw_data\phase1_biscuit\achira_storage\storage.zip,achira_storage,Water Adsorption Isotherms_Achira biscuits.xlsx,Sheet1,1539,c6dd21d5d71aa9911df4c942aec3e516,Water Adsorption Isotherms,6,45,0.711140845070423,6.37074756229686
storage.zip,raw_data\phase1_biscuit\achira_storage\storage.zip,achira_storage,Water Adsorption Isotherms_Achira biscuits.xlsx,Sheet1,1540,1e5afd7e9d5ea74fbc7ea421d0d0b5d7,Water Adsorption Isotherms,6,45,0.721014084507042,6.29028169014085
storage.zip,raw_data\phase1_biscuit\achira_storage\storage.zip,achira_storage,Water Adsorption Isotherms_Achira biscuits.xlsx,Sheet1,1541,c221c3ace6c37e5cd8c5d4f299349337,Water Adsorption Isotherms,6,45,0.730887323943662,6.49589201877934
storage.zip,raw_data\phase1_biscuit\achira_storage\storage.zip,achira_storage,Water Adsorption Isotherms_Achira biscuits.xlsx,Sheet1,1542,2ca7ec021526f2ee4d0ddbe1c00b23f0,Water Adsorption Isotherms,6,45,0.740760563380282,6.99169014084507
storage.zip,raw_data\phase1_biscuit\achira_storage\storage.zip,achira_storage,Water Adsorption Isotherms_Achira biscuits.xlsx,Sheet1,1543,d395502512cf45f254ac94cc363d297a,Water Adsorption Isotherms,6,45,0.750633802816902,7.16267605633803
storage.zip,raw_data\phase1_biscuit\achira_storage\storage.zip,achira_storage,Water Adsorption Isotherms_Achira biscuits.xlsx,Sheet1,1544,3f5ddbdaebdd2593d21fea9d44bd8175,Water Adsorption Isotherms,6,45,0.760507042253521,7.38103286384977
storage.zip,raw_data\phase1_biscuit\achira_storage\storage.zip,achira_storage,Water Adsorption Isotherms_Achira biscuits.xlsx,Sheet1,1545,4b5e1bf693c27147bd503099a23072d6,Water Adsorption Isotherms,6,45,0.770380281690141,7.6441627543036
storage.zip,raw_data\phase1_biscuit\achira_storage\storage.zip,achira_storage,Water Adsorption Isotherms_Achira biscuits.xlsx,Sheet1,1546,ad5a0b0bf007ded86fd384ba43b285db,Water Adsorption Isotherms,6,45,0.780253521126761,7.77760563380282
storage.zip,raw_data\phase1_biscuit\achira_storage\storage.zip,achira_storage,Water Adsorption Isotherms_Achira biscuits.xlsx,Sheet1,1547,0cba5d7dde41913ae08a2a821c997a29,Water Adsorption Isotherms,6,45,0.79012676056338,8.18455985915493
storage.zip,raw_data\phase1_biscuit\achira_storage\storage.zip,achira_storage,Water Adsorption Isotherms_Achira biscuits.xlsx,Sheet1,1548,5fea59c3600d37718cc4e19a8321f948,Water Adsorption Isotherms,6,45,0.8,8.3575
storage.zip,raw_data\phase1_biscuit\achira_storage\storage.zip,achira_storage,Water Adsorption Isotherms_Achira biscuits.xlsx,Sheet1,1549,585baa4b79b932df461ebd5ded632688,Water Adsorption Isotherms,7,45,0.099,1.16
storage.zip,raw_data\phase1_biscuit\achira_storage\storage.zip,achira_storage,Water Adsorption Isotherms_Achira biscuits.xlsx,Sheet1,1550,dcd40169c8a22a37d528f56afdf71e4d,Water Adsorption Isotherms,7,45,0.10887323943662,1.17015845070423
storage.zip,raw_data\phase1_biscuit\achira_storage\storage.zip,achira_storage,Water Adsorption Isotherms_Achira biscuits.xlsx,Sheet1,1551,de482cd7c8d5f86053a71b93c26a3d58,Water Adsorption Isotherms,7,45,0.118746478873239,1.19030516431925
storage.zip,raw_data\phase1_biscuit\achira_storage\storage.zip,achira_storage,Water Adsorption Isotherms_Achira biscuits.xlsx,Sheet1,1552,889bb877760dc9bb2c2db4db977c4fce,Water Adsorption Isotherms,7,45,0.128619718309859,1.2180985915493
storage.zip,raw_data\phase1_biscuit\achira_storage\storage.zip,achira_storage,Water Adsorption Isotherms_Achira biscuits.xlsx,Sheet1,1553,dbbfdff864b2719b8ac7237780101755,Water Adsorption Isotherms,7,45,0.138492957746479,1.2369014084507
storage.zip,raw_data\phase1_biscuit\achira_storage\storage.zip,achira_storage,Water Adsorption Isotherms_Achira biscuits.xlsx,Sheet1,1554,692496eda181305043125479d080f75c,Water Adsorption Isotherms,7,45,0.148366197183099,1.26645326504481
storage.zip,raw_data\phase1_biscuit\achira_storage\storage.zip,achira_storage,Water Adsorption Isotherms_Achira biscuits.xlsx,Sheet1,1555,31b14e8bde0661ffc27af40cdd88ce1f,Water Adsorption Isotherms,7,45,0.158239436619718,1.36492957746479
storage.zip,raw_data\phase1_biscuit\achira_storage\storage.zip,achira_storage,Water Adsorption Isotherms_Achira biscuits.xlsx,Sheet1,1556,4084997fe8f4643a2500ee00de89303c,Water Adsorption Isotherms,7,45,0.168112676056338,1.33645070422535
storage.zip,raw_data\phase1_biscuit\achira_storage\storage.zip,achira_storage,Water Adsorption Isotherms_Achira biscuits.xlsx,Sheet1,1557,8d46f45a422022e330886fcdb7f10413,Water Adsorption Isotherms,7,45,0.177985915492958,1.39985915492958
storage.zip,raw_data\phase1_biscuit\achira_storage\storage.zip,achira_storage,Water Adsorption Isotherms_Achira biscuits.xlsx,Sheet1,1558,1e769bf07fbafee75b1cae3347e03551,Water Adsorption Isotherms,7,45,0.187859154929578,1.55239436619718
storage.zip,raw_data\phase1_biscuit\achira_storage\storage.zip,achira_storage,Water Adsorption Isotherms_Achira biscuits.xlsx,Sheet1,1559,290bcbbcde7cc6a67d447545471d808d,Water Adsorption Isotherms,7,45,0.197732394366197,1.6574245472837
storage.zip,raw_data\phase1_biscuit\achira_storage\storage.zip,achira_storage,Water Adsorption Isotherms_Achira biscuits.xlsx,Sheet1,1560,eb6bd3452fcaf74f942889106dce2517,Water Adsorption Isotherms,7,45,0.207605633802817,1.63767605633803
storage.zip,raw_data\phase1_biscuit\achira_storage\storage.zip,achira_storage,Water Adsorption Isotherms_Achira biscuits.xlsx,Sheet1,1561,811b1f1999c6d67b10fbc4a9a0c3a2de,Water Adsorption Isotherms,7,45,0.217478873239437,1.76799295774648
storage.zip,raw_data\phase1_biscuit\achira_storage\storage.zip,achira_storage,Water Adsorption Isotherms_Achira biscuits.xlsx,Sheet1,1562,595b477a4a5935025550f0d574ff9242,Water Adsorption Isotherms,7,45,0.227352112676056,1.75234741784038
storage.zip,raw_data\phase1_biscuit\achira_storage\storage.zip,achira_storage,Water Adsorption Isotherms_Achira biscuits.xlsx,Sheet1,1563,a2287033438fa9dc778080602bea0150,Water Adsorption Isotherms,7,45,0.237225352112676,1.73816901408451
storage.zip,raw_data\phase1_biscuit\achira_storage\storage.zip,achira_storage,Water Adsorption Isotherms_Achira biscuits.xlsx,Sheet1,1564,afff14b562c4e25d53dda818aefcbc4e,Water Adsorption Isotherms,7,45,0.247098591549296,1.89459154929577
storage.zip,raw_data\phase1_biscuit\achira_storage\storage.zip,achira_storage,Water Adsorption Isotherms_Achira biscuits.xlsx,Sheet1,1565,8a21a9772de4c2cb2bab21ae73d4b6cc,Water Adsorption Isotherms,7,45,0.256971830985916,1.85835319609968
storage.zip,raw_data\phase1_biscuit\achira_storage\storage.zip,achira_storage,Water Adsorption Isotherms_Achira biscuits.xlsx,Sheet1,1566,044c8798a3dca9a6d1597fc8e4bf25e6,Water Adsorption Isotherms,7,45,0.266845070422535,1.91791549295775
storage.zip,raw_data\phase1_biscuit\achira_storage\storage.zip,achira_storage,Water Adsorption Isotherms_Achira biscuits.xlsx,Sheet1,1567,a1d8a8711f7928d437092a334dfd421b,Water Adsorption Isotherms,7,45,0.276718309859155,2.14974647887324
storage.zip,raw_data\phase1_biscuit\achira_storage\storage.zip,achira_storage,Water Adsorption Isotherms_Achira biscuits.xlsx,Sheet1,1568,103213fecb5dd03d2193eb45d892e32f,Water Adsorption Isotherms,7,45,0.286591549295775,2.22114084507042
storage.zip,raw_data\phase1_biscuit\achira_storage\storage.zip,achira_storage,Water Adsorption Isotherms_Achira biscuits.xlsx,Sheet1,1569,f5ee869eec71ac38a4163671785aacf3,Water Adsorption Isotherms,7,45,0.296464788732394,2.28878873239437
storage.zip,raw_data\phase1_biscuit\achira_storage\storage.zip,achira_storage,Water Adsorption Isotherms_Achira biscuits.xlsx,Sheet1,1570,fec0a08003d01b68f215b815b0055102,Water Adsorption Isotherms,7,45,0.306338028169014,2.35753521126761
storage.zip,raw_data\phase1_biscuit\achira_storage\storage.zip,achira_storage,Water Adsorption Isotherms_Achira biscuits.xlsx,Sheet1,1571,ff8c5cbe8326f5eb94b22897f367fc58,Water Adsorption Isotherms,7,45,0.316211267605634,2.25661971830986
storage.zip,raw_data\phase1_biscuit\achira_storage\storage.zip,achira_storage,Water Adsorption Isotherms_Achira biscuits.xlsx,Sheet1,1572,5436bd6d906e8fad5dbf5c2883ec7e6a,Water Adsorption Isotherms,7,45,0.326084507042254,2.48098591549296
storage.zip,raw_data\phase1_biscuit\achira_storage\storage.zip,achira_storage,Water Adsorption Isotherms_Achira biscuits.xlsx,Sheet1,1573,f065cf10da981575ee54f9b7b4daa107,Water Adsorption Isotherms,7,45,0.335957746478873,2.40670422535211
storage.zip,raw_data\phase1_biscuit\achira_storage\storage.zip,achira_storage,Water Adsorption Isotherms_Achira biscuits.xlsx,Sheet1,1574,90baca8403502738d4fb928b7f3c1c79,Water Adsorption Isotherms,7,45,0.345830985915493,2.64201877934272
storage.zip,raw_data\phase1_biscuit\achira_storage\storage.zip,achira_storage,Water Adsorption Isotherms_Achira biscuits.xlsx,Sheet1,1575,7c6dd865611925e596564338874b9a7c,Water Adsorption Isotherms,7,45,0.355704225352113,2.71592957746479
storage.zip,raw_data\phase1_biscuit\achira_storage\storage.zip,achira_storage,Water Adsorption Isotherms_Achira biscuits.xlsx,Sheet1,1576,ed44142ab5fb0cfcb7bcfb1d59fd90dc,Water Adsorption Isotherms,7,45,0.365577464788732,2.79577464788732
storage.zip,raw_data\phase1_biscuit\achira_storage\storage.zip,achira_storage,Water Adsorption Isotherms_Achira biscuits.xlsx,Sheet1,1577,1c3b3730bfd195bd89e6f77fa32b5ba5,Water Adsorption Isotherms,7,45,0.375450704225352,2.88360563380282
storage.zip,raw_data\phase1_biscuit\achira_storage\storage.zip,achira_storage,Water Adsorption Isotherms_Achira biscuits.xlsx,Sheet1,1578,513b6404ce331c45f6c012f31d9f4866,Water Adsorption Isotherms,7,45,0.385323943661972,2.96140845070423
storage.zip,raw_data\phase1_biscuit\achira_storage\storage.zip,achira_storage,Water Adsorption Isotherms_Achira biscuits.xlsx,Sheet1,1579,58e0d814e399dc92e13847c087cb28ae,Water Adsorption Isotherms,7,45,0.395197183098592,2.87730046948357
storage.zip,raw_data\phase1_biscuit\achira_storage\storage.zip,achira_storage,Water Adsorption Isotherms_Achira biscuits.xlsx,Sheet1,1580,62cd802c9bfb35043838d0f49e0055a6,Water Adsorption Isotherms,7,45,0.405070422535211,3.11035211267606
storage.zip,raw_data\phase1_biscuit\achira_storage\storage.zip,achira_storage,Water Adsorption Isotherms_Achira biscuits.xlsx,Sheet1,1581,f2c20c383e97045ecbef854da3fd142f,Water Adsorption Isotherms,7,45,0.414943661971831,3.24317541613316
storage.zip,raw_data\phase1_biscuit\achira_storage\storage.zip,achira_storage,Water Adsorption Isotherms_Achira biscuits.xlsx,Sheet1,1582,6cb9d6d8292bad3c3e7ebc757b525774,Water Adsorption Isotherms,7,45,0.424816901408451,3.28035211267606
storage.zip,raw_data\phase1_biscuit\achira_storage\storage.zip,achira_storage,Water Adsorption Isotherms_Achira biscuits.xlsx,Sheet1,1583,4c60e100bea24d9a6ec4d0c0a87f1d68,Water Adsorption Isotherms,7,45,0.434690140845071,3.43569248826291
storage.zip,raw_data\phase1_biscuit\achira_storage\storage.zip,achira_storage,Water Adsorption Isotherms_Achira biscuits.xlsx,Sheet1,1584,f0f1018e4178dcc1d8aac20aae74c569,Water Adsorption Isotherms,7,45,0.44456338028169,3.2726977248104
storage.zip,raw_data\phase1_biscuit\achira_storage\storage.zip,achira_storage,Water Adsorption Isotherms_Achira biscuits.xlsx,Sheet1,1585,1753d0634f3eadbbb905952c0e1612e7,Water Adsorption Isotherms,7,45,0.45443661971831,3.5443661971831
storage.zip,raw_data\phase1_biscuit\achira_storage\storage.zip,achira_storage,Water Adsorption Isotherms_Achira biscuits.xlsx,Sheet1,1586,6b7c4fca2862b2a3fb4230ba58d1cecb,Water Adsorption Isotherms,7,45,0.46430985915493,3.4630985915493
storage.zip,raw_data\phase1_biscuit\achira_storage\storage.zip,achira_storage,Water Adsorption Isotherms_Achira biscuits.xlsx,Sheet1,1587,6afb378085c8b0373fefbe11d1235b84,Water Adsorption Isotherms,7,45,0.474183098591549,3.74257362355954
storage.zip,raw_data\phase1_biscuit\achira_storage\storage.zip,achira_storage,Water Adsorption Isotherms_Achira biscuits.xlsx,Sheet1,1588,e975cd8a80318219244f4be73c9b01e3,Water Adsorption Isotherms,7,45,0.484056338028169,3.83207243460765
storage.zip,raw_data\phase1_biscuit\achira_storage\storage.zip,achira_storage,Water Adsorption Isotherms_Achira biscuits.xlsx,Sheet1,1589,cbaa4025da31e68e2dd4471c7a47b984,Water Adsorption Isotherms,7,45,0.493929577464789,3.7283661971831
storage.zip,raw_data\phase1_biscuit\achira_storage\storage.zip,achira_storage,Water Adsorption Isotherms_Achira biscuits.xlsx,Sheet1,1590,5449f543830cdcb592f7116270921fed,Water Adsorption Isotherms,7,45,0.503802816901409,4.03753521126761
storage.zip,raw_data\phase1_biscuit\achira_storage\storage.zip,achira_storage,Water Adsorption Isotherms_Achira biscuits.xlsx,Sheet1,1591,93d621d52bca76029cb60e7d8a7352a1,Water Adsorption Isotherms,7,45,0.513676056338028,4.12784037558686
storage.zip,raw_data\phase1_biscuit\achira_storage\storage.zip,achira_storage,Water Adsorption Isotherms_Achira biscuits.xlsx,Sheet1,1592,cb018d4053cab4c1d5a80971c95c2b0e,Water Adsorption Isotherms,7,45,0.523549295774648,4.1764185110664
storage.zip,raw_data\phase1_biscuit\achira_storage\storage.zip,achira_storage,Water Adsorption Isotherms_Achira biscuits.xlsx,Sheet1,1593,a244e77aa3effdd93d59c578d35ea7ae,Water Adsorption Isotherms,7,45,0.533422535211268,4.30971830985915
storage.zip,raw_data\phase1_biscuit\achira_storage\storage.zip,achira_storage,Water Adsorption Isotherms_Achira biscuits.xlsx,Sheet1,1594,be0be997fb229616c061bf002a3fa4cc,Water Adsorption Isotherms,7,45,0.543295774647887,4.3742441314554
storage.zip,raw_data\phase1_biscuit\achira_storage\storage.zip,achira_storage,Water Adsorption Isotherms_Achira biscuits.xlsx,Sheet1,1595,f38cde980261314a1aad7043e17bbf40,Water Adsorption Isotherms,7,45,0.553169014084507,4.43816901408451
storage.zip,raw_data\phase1_biscuit\achira_storage\storage.zip,achira_storage,Water Adsorption Isotherms_Achira biscuits.xlsx,Sheet1,1596,4fa19c11db45719c1088a548a43cf2f4,Water Adsorption Isotherms,7,45,0.563042253521127,4.62042253521127
storage.zip,raw_data\phase1_biscuit\achira_storage\storage.zip,achira_storage,Water Adsorption Isotherms_Achira biscuits.xlsx,Sheet1,1597,8743fd5af01a73910fa439af45ae0462,Water Adsorption Isotherms,7,45,0.572915492957747,4.72453265044815
storage.zip,raw_data\phase1_biscuit\achira_storage\storage.zip,achira_storage,Water Adsorption Isotherms_Achira biscuits.xlsx,Sheet1,1598,7e151746a3cf8466d3f19a4f199de785,Water Adsorption Isotherms,7,45,0.582788732394366,4.80394366197183
storage.zip,raw_data\phase1_biscuit\achira_storage\storage.zip,achira_storage,Water Adsorption Isotherms_Achira biscuits.xlsx,Sheet1,1599,7c0271974710f85327b7c82e4abf6d2e,Water Adsorption Isotherms,7,45,0.592661971830986,4.66329065300896
storage.zip,raw_data\phase1_biscuit\achira_storage\storage.zip,achira_storage,Water Adsorption Isotherms_Achira biscuits.xlsx,Sheet1,1600,814ddc36ec82acaab9c5030aa16bb9e2,Water Adsorption Isotherms,7,45,0.602535211267606,4.89483568075118
storage.zip,raw_data\phase1_biscuit\achira_storage\storage.zip,achira_storage,Water Adsorption Isotherms_Achira biscuits.xlsx,Sheet1,1601,fb4750fd918b9fcfbfd4bef34001bc19,Water Adsorption Isotherms,7,45,0.612408450704225,5.1081161971831
storage.zip,raw_data\phase1_biscuit\achira_storage\storage.zip,achira_storage,Water Adsorption Isotherms_Achira biscuits.xlsx,Sheet1,1602,2e4a53b40f4781d05e30ede6b8c4adb3,Water Adsorption Isotherms,7,45,0.622281690140845,5.23469483568075
storage.zip,raw_data\phase1_biscuit\achira_storage\storage.zip,achira_storage,Water Adsorption Isotherms_Achira biscuits.xlsx,Sheet1,1603,edd916458fbaa41cf85cf3e2fa6819ff,Water Adsorption Isotherms,7,45,0.632154929577465,5.29185915492958
storage.zip,raw_data\phase1_biscuit\achira_storage\storage.zip,achira_storage,Water Adsorption Isotherms_Achira biscuits.xlsx,Sheet1,1604,362f94c9df314db527fb14b5bea219d5,Water Adsorption Isotherms,7,45,0.642028169014085,5.22331527627302
storage.zip,raw_data\phase1_biscuit\achira_storage\storage.zip,achira_storage,Water Adsorption Isotherms_Achira biscuits.xlsx,Sheet1,1605,a40c81da1edcb0c901fca84674d64ac4,Water Adsorption Isotherms,7,45,0.651901408450704,5.60089788732394
storage.zip,raw_data\phase1_biscuit\achira_storage\storage.zip,achira_storage,Water Adsorption Isotherms_Achira biscuits.xlsx,Sheet1,1606,46351ec01fc93851cc50eb2a54860c7b,Water Adsorption Isotherms,7,45,0.661774647887324,5.7348429035753
storage.zip,raw_data\phase1_biscuit\achira_storage\storage.zip,achira_storage,Water Adsorption Isotherms_Achira biscuits.xlsx,Sheet1,1607,e82652669fe7cc415f94eb989af35176,Water Adsorption Isotherms,7,45,0.671647887323944,5.83425352112676
storage.zip,raw_data\phase1_biscuit\achira_storage\storage.zip,achira_storage,Water Adsorption Isotherms_Achira biscuits.xlsx,Sheet1,1608,6bbec8684920622436be7b14ba0caa67,Water Adsorption Isotherms,7,45,0.681521126760563,5.72893360160966
storage.zip,raw_data\phase1_biscuit\achira_storage\storage.zip,achira_storage,Water Adsorption Isotherms_Achira biscuits.xlsx,Sheet1,1609,cc5020c55ec4278076823a57ffd2364c,Water Adsorption Isotherms,7,45,0.691394366197183,5.8807323943662
storage.zip,raw_data\phase1_biscuit\achira_storage\storage.zip,achira_storage,Water Adsorption Isotherms_Achira biscuits.xlsx,Sheet1,1610,9acd5245e2d058db12f1d9dbc76614f5,Water Adsorption Isotherms,7,45,0.701267605633803,6.02535211267606
storage.zip,raw_data\phase1_biscuit\achira_storage\storage.zip,achira_storage,Water Adsorption Isotherms_Achira biscuits.xlsx,Sheet1,1611,1f4ad2ec33d27c8662fa381b09d18f58,Water Adsorption Isotherms,7,45,0.711140845070423,6.37074756229686
storage.zip,raw_data\phase1_biscuit\achira_storage\storage.zip,achira_storage,Water Adsorption Isotherms_Achira biscuits.xlsx,Sheet1,1612,f5e67608d35612c485727e56ee6856ae,Water Adsorption Isotherms,7,45,0.721014084507042,6.60276408450704
storage.zip,raw_data\phase1_biscuit\achira_storage\storage.zip,achira_storage,Water Adsorption Isotherms_Achira biscuits.xlsx,Sheet1,1613,60837fd1b61b920935c9dfd9bd04052f,Water Adsorption Isotherms,7,45,0.730887323943662,6.49589201877934
storage.zip,raw_data\phase1_biscuit\achira_storage\storage.zip,achira_storage,Water Adsorption Isotherms_Achira biscuits.xlsx,Sheet1,1614,e1e5eaf6330a3d1088f472a736c5ecc2,Water Adsorption Isotherms,7,45,0.740760563380282,6.70708559046587
storage.zip,raw_data\phase1_biscuit\achira_storage\storage.zip,achira_storage,Water Adsorption Isotherms_Achira biscuits.xlsx,Sheet1,1615,1b306b5e1c6c90970a662d59d08d9be5,Water Adsorption Isotherms,7,45,0.750633802816902,7.14397887323944
storage.zip,raw_data\phase1_biscuit\achira_storage\storage.zip,achira_storage,Water Adsorption Isotherms_Achira biscuits.xlsx,Sheet1,1616,3a6d6101ef84d5af02132823831e670d,Water Adsorption Isotherms,7,45,0.760507042253521,7.37774647887324
storage.zip,raw_data\phase1_biscuit\achira_storage\storage.zip,achira_storage,Water Adsorption Isotherms_Achira biscuits.xlsx,Sheet1,1617,eed4bbd17ac84ac58fcaa90fe14d3d47,Water Adsorption Isotherms,7,45,0.770380281690141,7.33220657276996
storage.zip,raw_data\phase1_biscuit\achira_storage\storage.zip,achira_storage,Water Adsorption Isotherms_Achira biscuits.xlsx,Sheet1,1618,3cef0d27fbfd4c19b856d639d4a723cf,Water Adsorption Isotherms,7,45,0.780253521126761,7.54984635083227
storage.zip,raw_data\phase1_biscuit\achira_storage\storage.zip,achira_storage,Water Adsorption Isotherms_Achira biscuits.xlsx,Sheet1,1619,7519a4e2d0a93906e71181e64ebd711d,Water Adsorption Isotherms,7,45,0.79012676056338,8.08255533199195
storage.zip,raw_data\phase1_biscuit\achira_storage\storage.zip,achira_storage,Water Adsorption Isotherms_Achira biscuits.xlsx,Sheet1,1620,8273ac09875c16e8e64c5e75358a497f,Water Adsorption Isotherms,7,45,0.8,8.3575
storage.zip,raw_data\phase1_biscuit\achira_storage\storage.zip,achira_storage,Water Adsorption Isotherms_Achira biscuits.xlsx,Sheet1,1621,b77ea43f58b5e6354d1644198b26fa94,Water Adsorption Isotherms,8,45,0.099,1.155
storage.zip,raw_data\phase1_biscuit\achira_storage\storage.zip,achira_storage,Water Adsorption Isotherms_Achira biscuits.xlsx,Sheet1,1622,497854356227761c97c63b9f7f8ddd2c,Water Adsorption Isotherms,8,45,0.10887323943662,1.20485133020344
storage.zip,raw_data\phase1_biscuit\achira_storage\storage.zip,achira_storage,Water Adsorption Isotherms_Achira biscuits.xlsx,Sheet1,1623,eea84941105ef3f760d8baef71a9722b,Water Adsorption Isotherms,8,45,0.118746478873239,1.25970266040689
storage.zip,raw_data\phase1_biscuit\achira_storage\storage.zip,achira_storage,Water Adsorption Isotherms_Achira biscuits.xlsx,Sheet1,1624,46e82f49b188be4a2ebbd04d68e02a03,Water Adsorption Isotherms,8,45,0.128619718309859,1.21087441314554
storage.zip,raw_data\phase1_biscuit\achira_storage\storage.zip,achira_storage,Water Adsorption Isotherms_Achira biscuits.xlsx,Sheet1,1625,02ff38d18a5e98fc897a02544c2d8794,Water Adsorption Isotherms,8,45,0.138492957746479,1.34164319248826
storage.zip,raw_data\phase1_biscuit\achira_storage\storage.zip,achira_storage,Water Adsorption Isotherms_Achira biscuits.xlsx,Sheet1,1626,db183684b12a68ef0d1ab95fca087dcc,Water Adsorption Isotherms,8,45,0.148366197183099,1.31455399061033
storage.zip,raw_data\phase1_biscuit\achira_storage\storage.zip,achira_storage,Water Adsorption Isotherms_Achira biscuits.xlsx,Sheet1,1627,385e2c435bc72702f6ea6e06d21e6fa0,Water Adsorption Isotherms,8,45,0.158239436619718,1.36492957746479
storage.zip,raw_data\phase1_biscuit\achira_storage\storage.zip,achira_storage,Water Adsorption Isotherms_Achira biscuits.xlsx,Sheet1,1628,0d00474f134d81cec1ab9203704b5915,Water Adsorption Isotherms,8,45,0.168112676056338,1.47195422535211
storage.zip,raw_data\phase1_biscuit\achira_storage\storage.zip,achira_storage,Water Adsorption Isotherms_Achira biscuits.xlsx,Sheet1,1629,bb78fda644ef814ce8af3069660f5a3d,Water Adsorption Isotherms,8,45,0.177985915492958,1.48866197183099
storage.zip,raw_data\phase1_biscuit\achira_storage\storage.zip,achira_storage,Water Adsorption Isotherms_Achira biscuits.xlsx,Sheet1,1630,24ba5ba73bc71920f78de6f984e1a197,Water Adsorption Isotherms,8,45,0.187859154929578,1.55239436619718
storage.zip,raw_data\phase1_biscuit\achira_storage\storage.zip,achira_storage,Water Adsorption Isotherms_Achira biscuits.xlsx,Sheet1,1631,a1ce2fba88ece8ba616b52d10637cb99,Water Adsorption Isotherms,8,45,0.197732394366197,1.51010563380282
storage.zip,raw_data\phase1_biscuit\achira_storage\storage.zip,achira_storage,Water Adsorption Isotherms_Achira biscuits.xlsx,Sheet1,1632,4c761ed42ff4f02b7d323384a76b15c4,Water Adsorption Isotherms,8,45,0.207605633802817,1.63767605633803
storage.zip,raw_data\phase1_biscuit\achira_storage\storage.zip,achira_storage,Water Adsorption Isotherms_Achira biscuits.xlsx,Sheet1,1633,677c4c3e191a8685298af4478c746a3a,Water Adsorption Isotherms,8,45,0.217478873239437,1.68946009389671
storage.zip,raw_data\phase1_biscuit\achira_storage\storage.zip,achira_storage,Water Adsorption Isotherms_Achira biscuits.xlsx,Sheet1,1634,5a71537aca2bced1bea4543e39d030d6,Water Adsorption Isotherms,8,45,0.227352112676056,1.68176056338028
storage.zip,raw_data\phase1_biscuit\achira_storage\storage.zip,achira_storage,Water Adsorption Isotherms_Achira biscuits.xlsx,Sheet1,1635,8376f3b94dcffe12c588a863fef05138,Water Adsorption Isotherms,8,45,0.237225352112676,1.83322183098592
storage.zip,raw_data\phase1_biscuit\achira_storage\storage.zip,achira_storage,Water Adsorption Isotherms_Achira biscuits.xlsx,Sheet1,1636,c78bc86bcc88b70d0fb2d52dace872ab,Water Adsorption Isotherms,8,45,0.247098591549296,1.82037919826652
storage.zip,raw_data\phase1_biscuit\achira_storage\storage.zip,achira_storage,Water Adsorption Isotherms_Achira biscuits.xlsx,Sheet1,1637,f0f7bda4e0abd1a49c37e7fdf64d50bd,Water Adsorption Isotherms,8,45,0.256971830985916,2.00580281690141
storage.zip,raw_data\phase1_biscuit\achira_storage\storage.zip,achira_storage,Water Adsorption Isotherms_Achira biscuits.xlsx,Sheet1,1638,63a3f36f95ecb33fd373669b61b73c02,Water Adsorption Isotherms,8,45,0.266845070422535,1.91791549295775
storage.zip,raw_data\phase1_biscuit\achira_storage\storage.zip,achira_storage,Water Adsorption Isotherms_Achira biscuits.xlsx,Sheet1,1639,c42ee179dec5467346a6368fd6479121,Water Adsorption Isotherms,8,45,0.276718309859155,1.98478873239437
storage.zip,raw_data\phase1_biscuit\achira_storage\storage.zip,achira_storage,Water Adsorption Isotherms_Achira biscuits.xlsx,Sheet1,1640,b5af28e51a6374153910539df090bad9,Water Adsorption Isotherms,8,45,0.286591549295775,2.07395449620802
storage.zip,raw_data\phase1_biscuit\achira_storage\storage.zip,achira_storage,Water Adsorption Isotherms_Achira biscuits.xlsx,Sheet1,1641,942b9896e41e646ad6040a0b7525c96a,Water Adsorption Isotherms,8,45,0.296464788732394,2.12711809317443
storage.zip,raw_data\phase1_biscuit\achira_storage\storage.zip,achira_storage,Water Adsorption Isotherms_Achira biscuits.xlsx,Sheet1,1642,3d1525197f9bfa7d10f647365d6fae3f,Water Adsorption Isotherms,8,45,0.306338028169014,2.35753521126761
storage.zip,raw_data\phase1_biscuit\achira_storage\storage.zip,achira_storage,Water Adsorption Isotherms_Achira biscuits.xlsx,Sheet1,1643,e517eb7e5752d54ffcd7fb873b035062,Water Adsorption Isotherms,8,45,0.316211267605634,2.43062740076825
storage.zip,raw_data\phase1_biscuit\achira_storage\storage.zip,achira_storage,Water Adsorption Isotherms_Achira biscuits.xlsx,Sheet1,1644,7a29b696aba146492d22d34377818e66,Water Adsorption Isotherms,8,45,0.326084507042254,2.51084507042254
storage.zip,raw_data\phase1_biscuit\achira_storage\storage.zip,achira_storage,Water Adsorption Isotherms_Achira biscuits.xlsx,Sheet1,1645,99e116fb465a36cb1c34701c859fc13c,Water Adsorption Isotherms,8,45,0.335957746478873,2.40670422535211
storage.zip,raw_data\phase1_biscuit\achira_storage\storage.zip,achira_storage,Water Adsorption Isotherms_Achira biscuits.xlsx,Sheet1,1646,8c02d9c97b65353da0959070690d235f,Water Adsorption Isotherms,8,45,0.345830985915493,2.4893896713615
storage.zip,raw_data\phase1_biscuit\achira_storage\storage.zip,achira_storage,Water Adsorption Isotherms_Achira biscuits.xlsx,Sheet1,1647,f52f7ba4fa0b0c8837f6561d0f20543c,Water Adsorption Isotherms,8,45,0.355704225352113,2.75875800256082
storage.zip,raw_data\phase1_biscuit\achira_storage\storage.zip,achira_storage,Water Adsorption Isotherms_Achira biscuits.xlsx,Sheet1,1648,e37274a7c2a3b4150a86485792a2c7da,Water Adsorption Isotherms,8,45,0.365577464788732,2.83461971830986
storage.zip,raw_data\phase1_biscuit\achira_storage\storage.zip,achira_storage,Water Adsorption Isotherms_Achira biscuits.xlsx,Sheet1,1649,eae20b52fb78764e64e40b11decbdc18,Water Adsorption Isotherms,8,45,0.375450704225352,2.93229376257545
storage.zip,raw_data\phase1_biscuit\achira_storage\storage.zip,achira_storage,Water Adsorption Isotherms_Achira biscuits.xlsx,Sheet1,1650,b28238f81704592d108e0dc210bac352,Water Adsorption Isotherms,8,45,0.385323943661972,2.96140845070423
storage.zip,raw_data\phase1_biscuit\achira_storage\storage.zip,achira_storage,Water Adsorption Isotherms_Achira biscuits.xlsx,Sheet1,1651,64dee017bb532da7c1e73008e06ea839,Water Adsorption Isotherms,8,45,0.395197183098592,2.87730046948357
storage.zip,raw_data\phase1_biscuit\achira_storage\storage.zip,achira_storage,Water Adsorption Isotherms_Achira biscuits.xlsx,Sheet1,1652,60680b01c97c4378722045b22d4ddf82,Water Adsorption Isotherms,8,45,0.405070422535211,3.11035211267606
storage.zip,raw_data\phase1_biscuit\achira_storage\storage.zip,achira_storage,Water Adsorption Isotherms_Achira biscuits.xlsx,Sheet1,1653,46010dda3e45a46dc531150964862aa7,Water Adsorption Isotherms,8,45,0.414943661971831,3.05629107981221
storage.zip,raw_data\phase1_biscuit\achira_storage\storage.zip,achira_storage,Water Adsorption Isotherms_Achira biscuits.xlsx,Sheet1,1654,55a00980dc3a24e08576b0877b0d721e,Water Adsorption Isotherms,8,45,0.424816901408451,3.35535211267606
storage.zip,raw_data\phase1_biscuit\achira_storage\storage.zip,achira_storage,Water Adsorption Isotherms_Achira biscuits.xlsx,Sheet1,1655,31df61ef82d02e3da53b292fb4451c9e,Water Adsorption Isotherms,8,45,0.434690140845071,3.43569248826291
storage.zip,raw_data\phase1_biscuit\achira_storage\storage.zip,achira_storage,Water Adsorption Isotherms_Achira biscuits.xlsx,Sheet1,1656,ded219314859db93a742185604ea071c,Water Adsorption Isotherms,8,45,0.44456338028169,3.49500782472614
storage.zip,raw_data\phase1_biscuit\achira_storage\storage.zip,achira_storage,Water Adsorption Isotherms_Achira biscuits.xlsx,Sheet1,1657,dc4440f98a489c78724baf6364d0b244,Water Adsorption Isotherms,8,45,0.45443661971831,3.38349295774648
storage.zip,raw_data\phase1_biscuit\achira_storage\storage.zip,achira_storage,Water Adsorption Isotherms_Achira biscuits.xlsx,Sheet1,1658,73f889f16941986b7308a162bbc15360,Water Adsorption Isotherms,8,45,0.46430985915493,3.65281690140845
storage.zip,raw_data\phase1_biscuit\achira_storage\storage.zip,achira_storage,Water Adsorption Isotherms_Achira biscuits.xlsx,Sheet1,1659,de4884a2698fa4bdc4e6aeec0a87f2f7,Water Adsorption Isotherms,8,45,0.474183098591549,3.55860435339309
storage.zip,raw_data\phase1_biscuit\achira_storage\storage.zip,achira_storage,Water Adsorption Isotherms_Achira biscuits.xlsx,Sheet1,1660,657f23e5d6caf5a7ba62c6fa604f39c0,Water Adsorption Isotherms,8,45,0.484056338028169,3.83207243460765
storage.zip,raw_data\phase1_biscuit\achira_storage\storage.zip,achira_storage,Water Adsorption Isotherms_Achira biscuits.xlsx,Sheet1,1661,cb4b4e4b0e4e9db6b25c46c5bb530799,Water Adsorption Isotherms,8,45,0.493929577464789,3.9353661971831
storage.zip,raw_data\phase1_biscuit\achira_storage\storage.zip,achira_storage,Water Adsorption Isotherms_Achira biscuits.xlsx,Sheet1,1662,960107e9611db08ccb06ce06b1eb328e,Water Adsorption Isotherms,8,45,0.503802816901409,4.03753521126761
storage.zip,raw_data\phase1_biscuit\achira_storage\storage.zip,achira_storage,Water Adsorption Isotherms_Achira biscuits.xlsx,Sheet1,1663,edbbd7f3595bdfa9cbbdb58dd8557e1e,Water Adsorption Isotherms,8,45,0.513676056338028,3.92117370892019
storage.zip,raw_data\phase1_biscuit\achira_storage\storage.zip,achira_storage,Water Adsorption Isotherms_Achira biscuits.xlsx,Sheet1,1664,5739b90b2907c09144d2e73d6333bd71,Water Adsorption Isotherms,8,45,0.523549295774648,3.99867957746479
storage.zip,raw_data\phase1_biscuit\achira_storage\storage.zip,achira_storage,Water Adsorption Isotherms_Achira biscuits.xlsx,Sheet1,1665,99baad54dad07cd063f1edfc76b6d0c5,Water Adsorption Isotherms,8,45,0.533422535211268,4.30971830985915
storage.zip,raw_data\phase1_biscuit\achira_storage\storage.zip,achira_storage,Water Adsorption Isotherms_Achira biscuits.xlsx,Sheet1,1666,d411079f827466a0ed4ed858768deea7,Water Adsorption Isotherms,8,45,0.543295774647887,4.42732394366197
storage.zip,raw_data\phase1_biscuit\achira_storage\storage.zip,achira_storage,Water Adsorption Isotherms_Achira biscuits.xlsx,Sheet1,1667,788c322f8c559a77fd0cdc0617241f22,Water Adsorption Isotherms,8,45,0.553169014084507,4.52463705308776
storage.zip,raw_data\phase1_biscuit\achira_storage\storage.zip,achira_storage,Water Adsorption Isotherms_Achira biscuits.xlsx,Sheet1,1668,876c4e66e36797fa1381d03ba7f432ce,Water Adsorption Isotherms,8,45,0.563042253521127,4.62042253521127
storage.zip,raw_data\phase1_biscuit\achira_storage\storage.zip,achira_storage,Water Adsorption Isotherms_Achira biscuits.xlsx,Sheet1,1669,f0235b32180c854fd08d4ecb97f799e4,Water Adsorption Isotherms,8,45,0.572915492957747,4.48932394366197
storage.zip,raw_data\phase1_biscuit\achira_storage\storage.zip,achira_storage,Water Adsorption Isotherms_Achira biscuits.xlsx,Sheet1,1670,e30ee220a07bef7c4f88bcb4dfe693be,Water Adsorption Isotherms,8,45,0.582788732394366,4.57353393085788
storage.zip,raw_data\phase1_biscuit\achira_storage\storage.zip,achira_storage,Water Adsorption Isotherms_Achira biscuits.xlsx,Sheet1,1671,6d857f9992540c244d0e69dddac530bc,Water Adsorption Isotherms,8,45,0.592661971830986,4.79026888604354
storage.zip,raw_data\phase1_biscuit\achira_storage\storage.zip,achira_storage,Water Adsorption Isotherms_Achira biscuits.xlsx,Sheet1,1672,31ecacf7943bce4d2035a13ccb5804c5,Water Adsorption Isotherms,8,45,0.602535211267606,4.99277665995976
storage.zip,raw_data\phase1_biscuit\achira_storage\storage.zip,achira_storage,Water Adsorption Isotherms_Achira biscuits.xlsx,Sheet1,1673,913d4a0651f24752bea36914fb03590f,Water Adsorption Isotherms,8,45,0.612408450704225,4.89553137003841
storage.zip,raw_data\phase1_biscuit\achira_storage\storage.zip,achira_storage,Water Adsorption Isotherms_Achira biscuits.xlsx,Sheet1,1674,2b5d63a81a0c98e45ea335e3c167ba28,Water Adsorption Isotherms,8,45,0.622281690140845,5.12619718309859
storage.zip,raw_data\phase1_biscuit\achira_storage\storage.zip,achira_storage,Water Adsorption Isotherms_Achira biscuits.xlsx,Sheet1,1675,d27fc7bd9eb21762dd6a9b891493fa79,Water Adsorption Isotherms,8,45,0.632154929577465,5.3685814889336
storage.zip,raw_data\phase1_biscuit\achira_storage\storage.zip,achira_storage,Water Adsorption Isotherms_Achira biscuits.xlsx,Sheet1,1676,acc6fe8b5575826bfd13929e9729bf21,Water Adsorption Isotherms,8,45,0.642028169014085,5.46038732394366
storage.zip,raw_data\phase1_biscuit\achira_storage\storage.zip,achira_storage,Water Adsorption Isotherms_Achira biscuits.xlsx,Sheet1,1677,ea52df01b12a75e5183e7122c3338fc5,Water Adsorption Isotherms,8,45,0.651901408450704,5.60089788732394
storage.zip,raw_data\phase1_biscuit\achira_storage\storage.zip,achira_storage,Water Adsorption Isotherms_Achira biscuits.xlsx,Sheet1,1678,4c1bd268ac6a65878f4eb4ba6bcb3285,Water Adsorption Isotherms,8,45,0.661774647887324,5.6656514084507
storage.zip,raw_data\phase1_biscuit\achira_storage\storage.zip,achira_storage,Water Adsorption Isotherms_Achira biscuits.xlsx,Sheet1,1679,b20153dba70b7ef1b073505b3b3b3c8f,Water Adsorption Isotherms,8,45,0.671647887323944,5.83425352112676
storage.zip,raw_data\phase1_biscuit\achira_storage\storage.zip,achira_storage,Water Adsorption Isotherms_Achira biscuits.xlsx,Sheet1,1680,06080f167752c787022688907ba938a5,Water Adsorption Isotherms,8,45,0.681521126760563,5.72893360160966
storage.zip,raw_data\phase1_biscuit\achira_storage\storage.zip,achira_storage,Water Adsorption Isotherms_Achira biscuits.xlsx,Sheet1,1681,1cb9dfccb78537a728d7f99e6517a25f,Water Adsorption Isotherms,8,45,0.691394366197183,6.07940140845071
storage.zip,raw_data\phase1_biscuit\achira_storage\storage.zip,achira_storage,Water Adsorption Isotherms_Achira biscuits.xlsx,Sheet1,1682,05b51a835c63b0da72b097ee761bacbb,Water Adsorption Isotherms,8,45,0.701267605633803,6.02535211267606
storage.zip,raw_data\phase1_biscuit\achira_storage\storage.zip,achira_storage,Water Adsorption Isotherms_Achira biscuits.xlsx,Sheet1,1683,5977cd269bab408ca33ba64aaf94ef45,Water Adsorption Isotherms,8,45,0.711140845070423,6.37074756229686
storage.zip,raw_data\phase1_biscuit\achira_storage\storage.zip,achira_storage,Water Adsorption Isotherms_Achira biscuits.xlsx,Sheet1,1684,280574e576185cb81f343c87a150ee73,Water Adsorption Isotherms,8,45,0.721014084507042,6.60276408450704
storage.zip,raw_data\phase1_biscuit\achira_storage\storage.zip,achira_storage,Water Adsorption Isotherms_Achira biscuits.xlsx,Sheet1,1685,eeebb356bf889aaad51686c50fceac15,Water Adsorption Isotherms,8,45,0.730887323943662,6.78106639839034
storage.zip,raw_data\phase1_biscuit\achira_storage\storage.zip,achira_storage,Water Adsorption Isotherms_Achira biscuits.xlsx,Sheet1,1686,61c9fbd6bffd8f88271fdc6806a54224,Water Adsorption Isotherms,8,45,0.740760563380282,6.98169014084507
storage.zip,raw_data\phase1_biscuit\achira_storage\storage.zip,achira_storage,Water Adsorption Isotherms_Achira biscuits.xlsx,Sheet1,1687,c5f0f5fc808b16b79e1b1fdbe0960504,Water Adsorption Isotherms,8,45,0.750633802816902,7.16267605633803
storage.zip,raw_data\phase1_biscuit\achira_storage\storage.zip,achira_storage,Water Adsorption Isotherms_Achira biscuits.xlsx,Sheet1,1688,d6857b8b1c473f208dd08342b359dafb,Water Adsorption Isotherms,8,45,0.760507042253521,7.0743661971831
storage.zip,raw_data\phase1_biscuit\achira_storage\storage.zip,achira_storage,Water Adsorption Isotherms_Achira biscuits.xlsx,Sheet1,1689,c1b5c8bfee9a65586ea96449c2251506,Water Adsorption Isotherms,8,45,0.770380281690141,7.33220657276996
storage.zip,raw_data\phase1_biscuit\achira_storage\storage.zip,achira_storage,Water Adsorption Isotherms_Achira biscuits.xlsx,Sheet1,1690,f9b2974cae9a9155a17728dfc0f8bd5a,Water Adsorption Isotherms,8,45,0.780253521126761,7.77760563380282
storage.zip,raw_data\phase1_biscuit\achira_storage\storage.zip,achira_storage,Water Adsorption Isotherms_Achira biscuits.xlsx,Sheet1,1691,02654775298b56f658e9c51dd7ea6e77,Water Adsorption Isotherms,8,45,0.79012676056338,8.08255533199195
storage.zip,raw_data\phase1_biscuit\achira_storage\storage.zip,achira_storage,Water Adsorption Isotherms_Achira biscuits.xlsx,Sheet1,1692,503ae2cec74698efe380c5d79f5c6b67,Water Adsorption Isotherms,8,45,0.8,8.16
storage.zip,raw_data\phase1_biscuit\achira_storage\storage.zip,achira_storage,Water Adsorption Isotherms_Achira biscuits.xlsx,Sheet1,1693,eee4f6addfed407a68f972c089933a49,Water Adsorption Isotherms,9,45,0.099,1.1825
storage.zip,raw_data\phase1_biscuit\achira_storage\storage.zip,achira_storage,Water Adsorption Isotherms_Achira biscuits.xlsx,Sheet1,1694,a8495a89e0b7ead5d60e6d8b2ca86ac0,Water Adsorption Isotherms,9,45,0.10887323943662,1.20485133020344
storage.zip,raw_data\phase1_biscuit\achira_storage\storage.zip,achira_storage,Water Adsorption Isotherms_Achira biscuits.xlsx,Sheet1,1695,10cdd6224bac5bcceef82044a5d47984,Water Adsorption Isotherms,9,45,0.118746478873239,1.19030516431925
storage.zip,raw_data\phase1_biscuit\achira_storage\storage.zip,achira_storage,Water Adsorption Isotherms_Achira biscuits.xlsx,Sheet1,1696,ad3d8dd7cd5da07a6468bf387dc39d9c,Water Adsorption Isotherms,9,45,0.128619718309859,1.2180985915493
storage.zip,raw_data\phase1_biscuit\achira_storage\storage.zip,achira_storage,Water Adsorption Isotherms_Achira biscuits.xlsx,Sheet1,1697,a4751f02782b2276e2804eca8e0760ef,Water Adsorption Isotherms,9,45,0.138492957746479,1.26940532081377
storage.zip,raw_data\phase1_biscuit\achira_storage\storage.zip,achira_storage,Water Adsorption Isotherms_Achira biscuits.xlsx,Sheet1,1698,677e481178fc83b7291827d7fe512f03,Water Adsorption Isotherms,9,45,0.148366197183099,1.31455399061033
storage.zip,raw_data\phase1_biscuit\achira_storage\storage.zip,achira_storage,Water Adsorption Isotherms_Achira biscuits.xlsx,Sheet1,1699,dc2f14410e2b71f12d69bcac805c4865,Water Adsorption Isotherms,9,45,0.158239436619718,1.41619718309859
storage.zip,raw_data\phase1_biscuit\achira_storage\storage.zip,achira_storage,Water Adsorption Isotherms_Achira biscuits.xlsx,Sheet1,1700,f7e2aab0be9539579e77113dfa48b5a5,Water Adsorption Isotherms,9,45,0.168112676056338,1.42695422535211
storage.zip,raw_data\phase1_biscuit\achira_storage\storage.zip,achira_storage,Water Adsorption Isotherms_Achira biscuits.xlsx,Sheet1,1701,14d5cdcb9008cd390494f97e386e6095,Water Adsorption Isotherms,9,45,0.177985915492958,1.39985915492958
storage.zip,raw_data\phase1_biscuit\achira_storage\storage.zip,achira_storage,Water Adsorption Isotherms_Achira biscuits.xlsx,Sheet1,1702,d904b7407a08fba5bc8a737ac4a69458,Water Adsorption Isotherms,9,45,0.187859154929578,1.45929577464789
storage.zip,raw_data\phase1_biscuit\achira_storage\storage.zip,achira_storage,Water Adsorption Isotherms_Achira biscuits.xlsx,Sheet1,1703,84e70cc6d70b7f3fe7e3695ec30a9e09,Water Adsorption Isotherms,9,45,0.197732394366197,1.6574245472837
storage.zip,raw_data\phase1_biscuit\achira_storage\storage.zip,achira_storage,Water Adsorption Isotherms_Achira biscuits.xlsx,Sheet1,1704,1e00820f74d1ed459e45da7c21824ea4,Water Adsorption Isotherms,9,45,0.207605633802817,1.63767605633803
storage.zip,raw_data\phase1_biscuit\achira_storage\storage.zip,achira_storage,Water Adsorption Isotherms_Achira biscuits.xlsx,Sheet1,1705,21edc3372cdde8966803f753b42680ee,Water Adsorption Isotherms,9,45,0.217478873239437,1.76799295774648
storage.zip,raw_data\phase1_biscuit\achira_storage\storage.zip,achira_storage,Water Adsorption Isotherms_Achira biscuits.xlsx,Sheet1,1706,573959e51f3d31f73f9deb37ad10c451,Water Adsorption Isotherms,9,45,0.227352112676056,1.83234741784038
storage.zip,raw_data\phase1_biscuit\achira_storage\storage.zip,achira_storage,Water Adsorption Isotherms_Achira biscuits.xlsx,Sheet1,1707,d3878e72c0da74cb2598aac0be0e26cc,Water Adsorption Isotherms,9,45,0.237225352112676,1.73816901408451
storage.zip,raw_data\phase1_biscuit\achira_storage\storage.zip,achira_storage,Water Adsorption Isotherms_Achira biscuits.xlsx,Sheet1,1708,c56a7fdd7d18e4ea96513e1656694e21,Water Adsorption Isotherms,9,45,0.247098591549296,1.82037919826652
storage.zip,raw_data\phase1_biscuit\achira_storage\storage.zip,achira_storage,Water Adsorption Isotherms_Achira biscuits.xlsx,Sheet1,1709,859a79552af89bd9827d08078616dd68,Water Adsorption Isotherms,9,45,0.256971830985916,1.85835319609968
storage.zip,raw_data\phase1_biscuit\achira_storage\storage.zip,achira_storage,Water Adsorption Isotherms_Achira biscuits.xlsx,Sheet1,1710,dfb4c9c66db2cf052a29fd95b3f70a6c,Water Adsorption Isotherms,9,45,0.266845070422535,1.91791549295775
storage.zip,raw_data\phase1_biscuit\achira_storage\storage.zip,achira_storage,Water Adsorption Isotherms_Achira biscuits.xlsx,Sheet1,1711,3758f3dc38f2d34350bcb6e5b4de5cd7,Water Adsorption Isotherms,9,45,0.276718309859155,1.98478873239437
storage.zip,raw_data\phase1_biscuit\achira_storage\storage.zip,achira_storage,Water Adsorption Isotherms_Achira biscuits.xlsx,Sheet1,1712,ad19f1097bcedf642eef568dbbc9519c,Water Adsorption Isotherms,9,45,0.286591549295775,2.07395449620802
storage.zip,raw_data\phase1_biscuit\achira_storage\storage.zip,achira_storage,Water Adsorption Isotherms_Achira biscuits.xlsx,Sheet1,1713,644c876d8ca370fe2cf2bef56aa6b249,Water Adsorption Isotherms,9,45,0.296464788732394,2.12711809317443
storage.zip,raw_data\phase1_biscuit\achira_storage\storage.zip,achira_storage,Water Adsorption Isotherms_Achira biscuits.xlsx,Sheet1,1714,dd338a4c1a1bc8203475a987dd905ca2,Water Adsorption Isotherms,9,45,0.306338028169014,2.21430583501006
storage.zip,raw_data\phase1_biscuit\achira_storage\storage.zip,achira_storage,Water Adsorption Isotherms_Achira biscuits.xlsx,Sheet1,1715,9a6db98d03f7108d2588b6d429a81551,Water Adsorption Isotherms,9,45,0.316211267605634,2.43062740076825
storage.zip,raw_data\phase1_biscuit\achira_storage\storage.zip,achira_storage,Water Adsorption Isotherms_Achira biscuits.xlsx,Sheet1,1716,aace57fd72f29242f7c0b02a7e0bd259,Water Adsorption Isotherms,9,45,0.326084507042254,2.51084507042254
storage.zip,raw_data\phase1_biscuit\achira_storage\storage.zip,achira_storage,Water Adsorption Isotherms_Achira biscuits.xlsx,Sheet1,1717,55274a203a31c5027714aa536333aa8a,Water Adsorption Isotherms,9,45,0.335957746478873,2.40670422535211
storage.zip,raw_data\phase1_biscuit\achira_storage\storage.zip,achira_storage,Water Adsorption Isotherms_Achira biscuits.xlsx,Sheet1,1718,e37f1ee6a3acfaa214344fa29a8a174c,Water Adsorption Isotherms,9,45,0.345830985915493,2.68887323943662
storage.zip,raw_data\phase1_biscuit\achira_storage\storage.zip,achira_storage,Water Adsorption Isotherms_Achira biscuits.xlsx,Sheet1,1719,9805869896a52365d8e032127adc202e,Water Adsorption Isotherms,9,45,0.355704225352113,2.71592957746479
storage.zip,raw_data\phase1_biscuit\achira_storage\storage.zip,achira_storage,Water Adsorption Isotherms_Achira biscuits.xlsx,Sheet1,1720,ac57b18df3b9943ff126635aca9a858b,Water Adsorption Isotherms,9,45,0.365577464788732,2.79577464788732
storage.zip,raw_data\phase1_biscuit\achira_storage\storage.zip,achira_storage,Water Adsorption Isotherms_Achira biscuits.xlsx,Sheet1,1721,2a79f1522eb4368715f8935d4608d977,Water Adsorption Isotherms,9,45,0.375450704225352,2.88360563380282
storage.zip,raw_data\phase1_biscuit\achira_storage\storage.zip,achira_storage,Water Adsorption Isotherms_Achira biscuits.xlsx,Sheet1,1722,e094711ec81f6ff893c4596d4418df03,Water Adsorption Isotherms,9,45,0.385323943661972,2.96140845070423
storage.zip,raw_data\phase1_biscuit\achira_storage\storage.zip,achira_storage,Water Adsorption Isotherms_Achira biscuits.xlsx,Sheet1,1723,4b837b7a7fac8aed17771bc7e57bfeed,Water Adsorption Isotherms,9,45,0.395197183098592,3.05197183098592
storage.zip,raw_data\phase1_biscuit\achira_storage\storage.zip,achira_storage,Water Adsorption Isotherms_Achira biscuits.xlsx,Sheet1,1724,10979c3a912e91ae85831554b8c2a6a9,Water Adsorption Isotherms,9,45,0.405070422535211,3.11035211267606
storage.zip,raw_data\phase1_biscuit\achira_storage\storage.zip,achira_storage,Water Adsorption Isotherms_Achira biscuits.xlsx,Sheet1,1725,842d32c5ff62bc86381dfb2f569c4d19,Water Adsorption Isotherms,9,45,0.414943661971831,3.18943661971831
storage.zip,raw_data\phase1_biscuit\achira_storage\storage.zip,achira_storage,Water Adsorption Isotherms_Achira biscuits.xlsx,Sheet1,1726,ca74925f593dac5016af7d6e53b450f0,Water Adsorption Isotherms,9,45,0.424816901408451,3.12211267605634
storage.zip,raw_data\phase1_biscuit\achira_storage\storage.zip,achira_storage,Water Adsorption Isotherms_Achira biscuits.xlsx,Sheet1,1727,4811ca0c93e6b339d19d13282d2ec49a,Water Adsorption Isotherms,9,45,0.434690140845071,3.35592829705506
storage.zip,raw_data\phase1_biscuit\achira_storage\storage.zip,achira_storage,Water Adsorption Isotherms_Achira biscuits.xlsx,Sheet1,1728,13bca5647ac094c2303ed2436ba6295a,Water Adsorption Isotherms,9,45,0.44456338028169,3.4456338028169
storage.zip,raw_data\phase1_biscuit\achira_storage\storage.zip,achira_storage,Water Adsorption Isotherms_Achira biscuits.xlsx,Sheet1,1729,75bb004e6d13ac8699b535c5776e79e7,Water Adsorption Isotherms,9,45,0.45443661971831,3.38349295774648
storage.zip,raw_data\phase1_biscuit\achira_storage\storage.zip,achira_storage,Water Adsorption Isotherms_Achira biscuits.xlsx,Sheet1,1730,e512f90ddd5ff94ab4d9bef0ed7f3442,Water Adsorption Isotherms,9,45,0.46430985915493,3.65281690140845
storage.zip,raw_data\phase1_biscuit\achira_storage\storage.zip,achira_storage,Water Adsorption Isotherms_Achira biscuits.xlsx,Sheet1,1731,23cf15733549eedd03b460e5401699fd,Water Adsorption Isotherms,9,45,0.474183098591549,3.74257362355954
storage.zip,raw_data\phase1_biscuit\achira_storage\storage.zip,achira_storage,Water Adsorption Isotherms_Achira biscuits.xlsx,Sheet1,1732,0a1f2237868d88d1e110a2d23a3fee0f,Water Adsorption Isotherms,9,45,0.484056338028169,3.63056338028169
storage.zip,raw_data\phase1_biscuit\achira_storage\storage.zip,achira_storage,Water Adsorption Isotherms_Achira biscuits.xlsx,Sheet1,1733,986fb92535052b2b042a696a47d9f7a3,Water Adsorption Isotherms,9,45,0.493929577464789,3.9353661971831
storage.zip,raw_data\phase1_biscuit\achira_storage\storage.zip,achira_storage,Water Adsorption Isotherms_Achira biscuits.xlsx,Sheet1,1734,b837545aaf935b894b395d9bffd24ba5,Water Adsorption Isotherms,9,45,0.503802816901409,3.82070422535211
storage.zip,raw_data\phase1_biscuit\achira_storage\storage.zip,achira_storage,Water Adsorption Isotherms_Achira biscuits.xlsx,Sheet1,1735,b58ac0fe8aa14161649613832fd48223,Water Adsorption Isotherms,9,45,0.513676056338028,3.92117370892019
storage.zip,raw_data\phase1_biscuit\achira_storage\storage.zip,achira_storage,Water Adsorption Isotherms_Achira biscuits.xlsx,Sheet1,1736,7b65793c982b8b21c12efa5d22bf7045,Water Adsorption Isotherms,9,45,0.523549295774648,4.1764185110664
storage.zip,raw_data\phase1_biscuit\achira_storage\storage.zip,achira_storage,Water Adsorption Isotherms_Achira biscuits.xlsx,Sheet1,1737,dd1d35c9d76033ba648db3094ffb8f75,Water Adsorption Isotherms,9,45,0.533422535211268,4.0968544600939
storage.zip,raw_data\phase1_biscuit\achira_storage\storage.zip,achira_storage,Water Adsorption Isotherms_Achira biscuits.xlsx,Sheet1,1738,5746b1c7ba76538d375ea48385d9598f,Water Adsorption Isotherms,9,45,0.543295774647887,4.18066197183099
storage.zip,raw_data\phase1_biscuit\achira_storage\storage.zip,achira_storage,Water Adsorption Isotherms_Achira biscuits.xlsx,Sheet1,1739,defcff4e4bcdcf1b0f591b1b87336b81,Water Adsorption Isotherms,9,45,0.553169014084507,4.43816901408451
storage.zip,raw_data\phase1_biscuit\achira_storage\storage.zip,achira_storage,Water Adsorption Isotherms_Achira biscuits.xlsx,Sheet1,1740,d62aebe041ade7ddc3404e029b3610f1,Water Adsorption Isotherms,9,45,0.563042253521127,4.62042253521127
storage.zip,raw_data\phase1_biscuit\achira_storage\storage.zip,achira_storage,Water Adsorption Isotherms_Achira biscuits.xlsx,Sheet1,1741,d2dde09358b93c36e60e709682a9f2ec,Water Adsorption Isotherms,9,45,0.572915492957747,4.59915492957747
storage.zip,raw_data\phase1_biscuit\achira_storage\storage.zip,achira_storage,Water Adsorption Isotherms_Achira biscuits.xlsx,Sheet1,1742,fc816a82bc425bffe30a7732e24e7a44,Water Adsorption Isotherms,9,45,0.582788732394366,4.57353393085788
storage.zip,raw_data\phase1_biscuit\achira_storage\storage.zip,achira_storage,Water Adsorption Isotherms_Achira biscuits.xlsx,Sheet1,1743,cc6beaeab5b1231e982f77425a3ec66b,Water Adsorption Isotherms,9,45,0.592661971830986,4.91520120724346
storage.zip,raw_data\phase1_biscuit\achira_storage\storage.zip,achira_storage,Water Adsorption Isotherms_Achira biscuits.xlsx,Sheet1,1744,983d9db7e873a63d05c5350b06c84262,Water Adsorption Isotherms,9,45,0.602535211267606,4.79760563380282
storage.zip,raw_data\phase1_biscuit\achira_storage\storage.zip,achira_storage,Water Adsorption Isotherms_Achira biscuits.xlsx,Sheet1,1745,9d99827ed574407b5e6e5c9644519fb0,Water Adsorption Isotherms,9,45,0.612408450704225,4.89553137003841
storage.zip,raw_data\phase1_biscuit\achira_storage\storage.zip,achira_storage,Water Adsorption Isotherms_Achira biscuits.xlsx,Sheet1,1746,5b856f3233a0ce04b1abdd3263a84a4e,Water Adsorption Isotherms,9,45,0.622281690140845,5.23469483568075
storage.zip,raw_data\phase1_biscuit\achira_storage\storage.zip,achira_storage,Water Adsorption Isotherms_Achira biscuits.xlsx,Sheet1,1747,51ea6f8a64e12dc8dfbb3775933e4369,Water Adsorption Isotherms,9,45,0.632154929577465,5.3685814889336
storage.zip,raw_data\phase1_biscuit\achira_storage\storage.zip,achira_storage,Water Adsorption Isotherms_Achira biscuits.xlsx,Sheet1,1748,405b3bf5ec73ba0c330e4c4ddaeb5b56,Water Adsorption Isotherms,9,45,0.642028169014085,5.46038732394366
storage.zip,raw_data\phase1_biscuit\achira_storage\storage.zip,achira_storage,Water Adsorption Isotherms_Achira biscuits.xlsx,Sheet1,1749,c05a35e286d21abbf432286b8842f081,Water Adsorption Isotherms,9,45,0.651901408450704,5.52068857589984
storage.zip,raw_data\phase1_biscuit\achira_storage\storage.zip,achira_storage,Water Adsorption Isotherms_Achira biscuits.xlsx,Sheet1,1750,c75f851b0b3794d53382fd38e2b321d6,Water Adsorption Isotherms,9,45,0.661774647887324,5.6656514084507
storage.zip,raw_data\phase1_biscuit\achira_storage\storage.zip,achira_storage,Water Adsorption Isotherms_Achira biscuits.xlsx,Sheet1,1751,a51dd618647dc1535cb16773008bd314,Water Adsorption Isotherms,9,45,0.671647887323944,5.83425352112676
storage.zip,raw_data\phase1_biscuit\achira_storage\storage.zip,achira_storage,Water Adsorption Isotherms_Achira biscuits.xlsx,Sheet1,1752,8b749c294313680197de4a8bbaf875e7,Water Adsorption Isotherms,9,45,0.681521126760563,5.72893360160966
storage.zip,raw_data\phase1_biscuit\achira_storage\storage.zip,achira_storage,Water Adsorption Isotherms_Achira biscuits.xlsx,Sheet1,1753,9e6faf88e7d8a85c60953071182066c1,Water Adsorption Isotherms,9,45,0.691394366197183,5.8807323943662
storage.zip,raw_data\phase1_biscuit\achira_storage\storage.zip,achira_storage,Water Adsorption Isotherms_Achira biscuits.xlsx,Sheet1,1754,71fb9a33d96531f5be73d3b56b2b13b4,Water Adsorption Isotherms,9,45,0.701267605633803,6.02535211267606
storage.zip,raw_data\phase1_biscuit\achira_storage\storage.zip,achira_storage,Water Adsorption Isotherms_Achira biscuits.xlsx,Sheet1,1755,7bad6ae9cf7cb7b7f87589c239391b9c,Water Adsorption Isotherms,9,45,0.711140845070423,6.43737516005122
storage.zip,raw_data\phase1_biscuit\achira_storage\storage.zip,achira_storage,Water Adsorption Isotherms_Achira biscuits.xlsx,Sheet1,1756,557dbfb827a56ef076e11628c482c105,Water Adsorption Isotherms,9,45,0.721014084507042,6.29028169014085
storage.zip,raw_data\phase1_biscuit\achira_storage\storage.zip,achira_storage,Water Adsorption Isotherms_Achira biscuits.xlsx,Sheet1,1757,41955a7bf125276884873da3cc1dd425,Water Adsorption Isotherms,9,45,0.730887323943662,6.78106639839034
storage.zip,raw_data\phase1_biscuit\achira_storage\storage.zip,achira_storage,Water Adsorption Isotherms_Achira biscuits.xlsx,Sheet1,1758,178a2a176081126f95c3e99f798bbf7f,Water Adsorption Isotherms,9,45,0.740760563380282,6.70708559046587
storage.zip,raw_data\phase1_biscuit\achira_storage\storage.zip,achira_storage,Water Adsorption Isotherms_Achira biscuits.xlsx,Sheet1,1759,ce7b5b812da12bac9237859993020dad,Water Adsorption Isotherms,9,45,0.750633802816902,6.85898158179849
storage.zip,raw_data\phase1_biscuit\achira_storage\storage.zip,achira_storage,Water Adsorption Isotherms_Achira biscuits.xlsx,Sheet1,1760,0de9906b456c0ca6b8b28fd1df27f71a,Water Adsorption Isotherms,9,45,0.760507042253521,7.38103286384977
storage.zip,raw_data\phase1_biscuit\achira_storage\storage.zip,achira_storage,Water Adsorption Isotherms_Achira biscuits.xlsx,Sheet1,1761,fb75baf9ae30999cc7688c860f97e49c,Water Adsorption Isotherms,9,45,0.770380281690141,7.33220657276996
storage.zip,raw_data\phase1_biscuit\achira_storage\storage.zip,achira_storage,Water Adsorption Isotherms_Achira biscuits.xlsx,Sheet1,1762,7fa8ca98404db86b9b373a52a6755c58,Water Adsorption Isotherms,9,45,0.780253521126761,7.77760563380282
storage.zip,raw_data\phase1_biscuit\achira_storage\storage.zip,achira_storage,Water Adsorption Isotherms_Achira biscuits.xlsx,Sheet1,1763,61e4c449e99f7e4e119401f329ec132e,Water Adsorption Isotherms,9,45,0.79012676056338,8.08255533199195
storage.zip,raw_data\phase1_biscuit\achira_storage\storage.zip,achira_storage,Water Adsorption Isotherms_Achira biscuits.xlsx,Sheet1,1764,25d3854255e137a3158e3b5b33495862,Water Adsorption Isotherms,9,45,0.8,8.16
Experimental water adsorption isotherms and Attenuated Total Reflectance-Fourier Transform Infrared (ATR-FTIR) analysis in Achira (Canna edulis K.) biscuits.zip,raw_data\phase1_biscuit\achira_water_adsorption\Experimental water adsorption isotherms and Attenuated Total Reflectance-Fourier Transform Infrared (ATR-FTIR) analysis in Achira (Canna edulis K.) biscuits.zip,achira_water_adsorption,Water Adsorption Isotherms_Achira biscuits.xlsx,Sheet1,2,91231b22415b8c2828953d3e79189eff,Water Adsorption Isotherms,1,25,0.0972,2.12
Experimental water adsorption isotherms and Attenuated Total Reflectance-Fourier Transform Infrared (ATR-FTIR) analysis in Achira (Canna edulis K.) biscuits.zip,raw_data\phase1_biscuit\achira_water_adsorption\Experimental water adsorption isotherms and Attenuated Total Reflectance-Fourier Transform Infrared (ATR-FTIR) analysis in Achira (Canna edulis K.) biscuits.zip,achira_water_adsorption,Water Adsorption Isotherms_Achira biscuits.xlsx,Sheet1,3,fd6fcc17109bf736ae71db3bd5be8ac0,Water Adsorption Isotherms,1,25,0.1105,2.1
Experimental water adsorption isotherms and Attenuated Total Reflectance-Fourier Transform Infrared (ATR-FTIR) analysis in Achira (Canna edulis K.) biscuits.zip,raw_data\phase1_biscuit\achira_water_adsorption\Experimental water adsorption isotherms and Attenuated Total Reflectance-Fourier Transform Infrared (ATR-FTIR) analysis in Achira (Canna edulis K.) biscuits.zip,achira_water_adsorption,Water Adsorption Isotherms_Achira biscuits.xlsx,Sheet1,4,f0915304e1e96e9dc39f7629c7dec622,Water Adsorption Isotherms,1,25,0.1227,2.13
Experimental water adsorption isotherms and Attenuated Total Reflectance-Fourier Transform Infrared (ATR-FTIR) analysis in Achira (Canna edulis K.) biscuits.zip,raw_data\phase1_biscuit\achira_water_adsorption\Experimental water adsorption isotherms and Attenuated Total Reflectance-Fourier Transform Infrared (ATR-FTIR) analysis in Achira (Canna edulis K.) biscuits.zip,achira_water_adsorption,Water Adsorption Isotherms_Achira biscuits.xlsx,Sheet1,5,5462015725231693a746f74563e54909,Water Adsorption Isotherms,1,25,0.1305,2.15
Experimental water adsorption isotherms and Attenuated Total Reflectance-Fourier Transform Infrared (ATR-FTIR) analysis in Achira (Canna edulis K.) biscuits.zip,raw_data\phase1_biscuit\achira_water_adsorption\Experimental water adsorption isotherms and Attenuated Total Reflectance-Fourier Transform Infrared (ATR-FTIR) analysis in Achira (Canna edulis K.) biscuits.zip,achira_water_adsorption,Water Adsorption Isotherms_Achira biscuits.xlsx,Sheet1,6,d1ed64d6af9fe95d755f9f5b508fbe37,Water Adsorption Isotherms,1,25,0.1363,2.18
Experimental water adsorption isotherms and Attenuated Total Reflectance-Fourier Transform Infrared (ATR-FTIR) analysis in Achira (Canna edulis K.) biscuits.zip,raw_data\phase1_biscuit\achira_water_adsorption\Experimental water adsorption isotherms and Attenuated Total Reflectance-Fourier Transform Infrared (ATR-FTIR) analysis in Achira (Canna edulis K.) biscuits.zip,achira_water_adsorption,Water Adsorption Isotherms_Achira biscuits.xlsx,Sheet1,7,0feedd833c61acb62de79fd5cbb81122,Water Adsorption Isotherms,1,25,0.1438,2.19
Experimental water adsorption isotherms and Attenuated Total Reflectance-Fourier Transform Infrared (ATR-FTIR) analysis in Achira (Canna edulis K.) biscuits.zip,raw_data\phase1_biscuit\achira_water_adsorption\Experimental water adsorption isotherms and Attenuated Total Reflectance-Fourier Transform Infrared (ATR-FTIR) analysis in Achira (Canna edulis K.) biscuits.zip,achira_water_adsorption,Water Adsorption Isotherms_Achira biscuits.xlsx,Sheet1,8,f5fd37d81ea823374a51b59400eb923e,Water Adsorption Isotherms,1,25,0.1485,2.21
Experimental water adsorption isotherms and Attenuated Total Reflectance-Fourier Transform Infrared (ATR-FTIR) analysis in Achira (Canna edulis K.) biscuits.zip,raw_data\phase1_biscuit\achira_water_adsorption\Experimental water adsorption isotherms and Attenuated Total Reflectance-Fourier Transform Infrared (ATR-FTIR) analysis in Achira (Canna edulis K.) biscuits.zip,achira_water_adsorption,Water Adsorption Isotherms_Achira biscuits.xlsx,Sheet1,9,f48d4abaf9df690f5495c513146607c0,Water Adsorption Isotherms,1,25,0.1559,2.23
Experimental water adsorption isotherms and Attenuated Total Reflectance-Fourier Transform Infrared (ATR-FTIR) analysis in Achira (Canna edulis K.) biscuits.zip,raw_data\phase1_biscuit\achira_water_adsorption\Experimental water adsorption isotherms and Attenuated Total Reflectance-Fourier Transform Infrared (ATR-FTIR) analysis in Achira (Canna edulis K.) biscuits.zip,achira_water_adsorption,Water Adsorption Isotherms_Achira biscuits.xlsx,Sheet1,10,2a3b195c4d6addc26d676c09729d90d8,Water Adsorption Isotherms,1,25,0.1635,2.2600000000000002
Experimental water adsorption isotherms and Attenuated Total Reflectance-Fourier Transform Infrared (ATR-FTIR) analysis in Achira (Canna edulis K.) biscuits.zip,raw_data\phase1_biscuit\achira_water_adsorption\Experimental water adsorption isotherms and Attenuated Total Reflectance-Fourier Transform Infrared (ATR-FTIR) analysis in Achira (Canna edulis K.) biscuits.zip,achira_water_adsorption,Water Adsorption Isotherms_Achira biscuits.xlsx,Sheet1,11,a0eb7ef4a145ed127cf8bab6965fe3bf,Water Adsorption Isotherms,1,25,0.1732,2.29
Experimental water adsorption isotherms and Attenuated Total Reflectance-Fourier Transform Infrared (ATR-FTIR) analysis in Achira (Canna edulis K.) biscuits.zip,raw_data\phase1_biscuit\achira_water_adsorption\Experimental water adsorption isotherms and Attenuated Total Reflectance-Fourier Transform Infrared (ATR-FTIR) analysis in Achira (Canna edulis K.) biscuits.zip,achira_water_adsorption,Water Adsorption Isotherms_Achira biscuits.xlsx,Sheet1,12,fbdd300d8a61e3b4ea50fe994120a256,Water Adsorption Isotherms,1,25,0.1825,2.33
Experimental water adsorption isotherms and Attenuated Total Reflectance-Fourier Transform Infrared (ATR-FTIR) analysis in Achira (Canna edulis K.) biscuits.zip,raw_data\phase1_biscuit\achira_water_adsorption\Experimental water adsorption isotherms and Attenuated Total Reflectance-Fourier Transform Infrared (ATR-FTIR) analysis in Achira (Canna edulis K.) biscuits.zip,achira_water_adsorption,Water Adsorption Isotherms_Achira biscuits.xlsx,Sheet1,13,ca81cc354c78f1321ef31a0f9efde106,Water Adsorption Isotherms,1,25,0.1914,2.36
Experimental water adsorption isotherms and Attenuated Total Reflectance-Fourier Transform Infrared (ATR-FTIR) analysis in Achira (Canna edulis K.) biscuits.zip,raw_data\phase1_biscuit\achira_water_adsorption\Experimental water adsorption isotherms and Attenuated Total Reflectance-Fourier Transform Infrared (ATR-FTIR) analysis in Achira (Canna edulis K.) biscuits.zip,achira_water_adsorption,Water Adsorption Isotherms_Achira biscuits.xlsx,Sheet1,14,d49c6dd2736a1e9a9679418079b55fe5,Water Adsorption Isotherms,1,25,0.1987,2.4
Experimental water adsorption isotherms and Attenuated Total Reflectance-Fourier Transform Infrared (ATR-FTIR) analysis in Achira (Canna edulis K.) biscuits.zip,raw_data\phase1_biscuit\achira_water_adsorption\Experimental water adsorption isotherms and Attenuated Total Reflectance-Fourier Transform Infrared (ATR-FTIR) analysis in Achira (Canna edulis K.) biscuits.zip,achira_water_adsorption,Water Adsorption Isotherms_Achira biscuits.xlsx,Sheet1,15,0a1838b1f9fcf0daf4e3a1e75ba5ddc4,Water Adsorption Isotherms,1,25,0.209,2.44
Experimental water adsorption isotherms and Attenuated Total Reflectance-Fourier Transform Infrared (ATR-FTIR) analysis in Achira (Canna edulis K.) biscuits.zip,raw_data\phase1_biscuit\achira_water_adsorption\Experimental water adsorption isotherms and Attenuated Total Reflectance-Fourier Transform Infrared (ATR-FTIR) analysis in Achira (Canna edulis K.) biscuits.zip,achira_water_adsorption,Water Adsorption Isotherms_Achira biscuits.xlsx,Sheet1,16,6c83ed2678622cfb9171b8c6c2feeb6d,Water Adsorption Isotherms,1,25,0.2169,2.48
Experimental water adsorption isotherms and Attenuated Total Reflectance-Fourier Transform Infrared (ATR-FTIR) analysis in Achira (Canna edulis K.) biscuits.zip,raw_data\phase1_biscuit\achira_water_adsorption\Experimental water adsorption isotherms and Attenuated Total Reflectance-Fourier Transform Infrared (ATR-FTIR) analysis in Achira (Canna edulis K.) biscuits.zip,achira_water_adsorption,Water Adsorption Isotherms_Achira biscuits.xlsx,Sheet1,17,d3b0917d6e1bff9cebde65fc13b341a3,Water Adsorption Isotherms,1,25,0.226,2.5300000000000002
Experimental water adsorption isotherms and Attenuated Total Reflectance-Fourier Transform Infrared (ATR-FTIR) analysis in Achira (Canna edulis K.) biscuits.zip,raw_data\phase1_biscuit\achira_water_adsorption\Experimental water adsorption isotherms and Attenuated Total Reflectance-Fourier Transform Infrared (ATR-FTIR) analysis in Achira (Canna edulis K.) biscuits.zip,achira_water_adsorption,Water Adsorption Isotherms_Achira biscuits.xlsx,Sheet1,18,02235349dccc30d3eaabc74bc07b4935,Water Adsorption Isotherms,1,25,0.2332,2.56
Experimental water adsorption isotherms and Attenuated Total Reflectance-Fourier Transform Infrared (ATR-FTIR) analysis in Achira (Canna edulis K.) biscuits.zip,raw_data\phase1_biscuit\achira_water_adsorption\Experimental water adsorption isotherms and Attenuated Total Reflectance-Fourier Transform Infrared (ATR-FTIR) analysis in Achira (Canna edulis K.) biscuits.zip,achira_water_adsorption,Water Adsorption Isotherms_Achira biscuits.xlsx,Sheet1,19,b843df49abf912be922e967ec7e9c4f7,Water Adsorption Isotherms,1,25,0.2409,2.62
Experimental water adsorption isotherms and Attenuated Total Reflectance-Fourier Transform Infrared (ATR-FTIR) analysis in Achira (Canna edulis K.) biscuits.zip,raw_data\phase1_biscuit\achira_water_adsorption\Experimental water adsorption isotherms and Attenuated Total Reflectance-Fourier Transform Infrared (ATR-FTIR) analysis in Achira (Canna edulis K.) biscuits.zip,achira_water_adsorption,Water Adsorption Isotherms_Achira biscuits.xlsx,Sheet1,20,5346db156f71feb8f444dadcaa455f0a,Water Adsorption Isotherms,1,25,0.2515,2.67
Experimental water adsorption isotherms and Attenuated Total Reflectance-Fourier Transform Infrared (ATR-FTIR) analysis in Achira (Canna edulis K.) biscuits.zip,raw_data\phase1_biscuit\achira_water_adsorption\Experimental water adsorption isotherms and Attenuated Total Reflectance-Fourier Transform Infrared (ATR-FTIR) analysis in Achira (Canna edulis K.) biscuits.zip,achira_water_adsorption,Water Adsorption Isotherms_Achira biscuits.xlsx,Sheet1,21,64a775779b9ed73e6dda77ba79b19a0d,Water Adsorption Isotherms,1,25,0.2636,2.73
Experimental water adsorption isotherms and Attenuated Total Reflectance-Fourier Transform Infrared (ATR-FTIR) analysis in Achira (Canna edulis K.) biscuits.zip,raw_data\phase1_biscuit\achira_water_adsorption\Experimental water adsorption isotherms and Attenuated Total Reflectance-Fourier Transform Infrared (ATR-FTIR) analysis in Achira (Canna edulis K.) biscuits.zip,achira_water_adsorption,Water Adsorption Isotherms_Achira biscuits.xlsx,Sheet1,22,2085bc8431419cef700f1a4b930ec0d7,Water Adsorption Isotherms,1,25,0.2731,2.79
Experimental water adsorption isotherms and Attenuated Total Reflectance-Fourier Transform Infrared (ATR-FTIR) analysis in Achira (Canna edulis K.) biscuits.zip,raw_data\phase1_biscuit\achira_water_adsorption\Experimental water adsorption isotherms and Attenuated Total Reflectance-Fourier Transform Infrared (ATR-FTIR) analysis in Achira (Canna edulis K.) biscuits.zip,achira_water_adsorption,Water Adsorption Isotherms_Achira biscuits.xlsx,Sheet1,23,fabc9e973074abf6e4c8c982387bf6a9,Water Adsorption Isotherms,1,25,0.2819,2.8400000000000003
Experimental water adsorption isotherms and Attenuated Total Reflectance-Fourier Transform Infrared (ATR-FTIR) analysis in Achira (Canna edulis K.) biscuits.zip,raw_data\phase1_biscuit\achira_water_adsorption\Experimental water adsorption isotherms and Attenuated Total Reflectance-Fourier Transform Infrared (ATR-FTIR) analysis in Achira (Canna edulis K.) biscuits.zip,achira_water_adsorption,Water Adsorption Isotherms_Achira biscuits.xlsx,Sheet1,24,6e86680e7b68297fbdbc4d2eceaae9cb,Water Adsorption Isotherms,1,25,0.29,2.9
Experimental water adsorption isotherms and Attenuated Total Reflectance-Fourier Transform Infrared (ATR-FTIR) analysis in Achira (Canna edulis K.) biscuits.zip,raw_data\phase1_biscuit\achira_water_adsorption\Experimental water adsorption isotherms and Attenuated Total Reflectance-Fourier Transform Infrared (ATR-FTIR) analysis in Achira (Canna edulis K.) biscuits.zip,achira_water_adsorption,Water Adsorption Isotherms_Achira biscuits.xlsx,Sheet1,25,108bdf7a243015baa5702782245af2e1,Water Adsorption Isotherms,1,25,0.3014,2.96
Experimental water adsorption isotherms and Attenuated Total Reflectance-Fourier Transform Infrared (ATR-FTIR) analysis in Achira (Canna edulis K.) biscuits.zip,raw_data\phase1_biscuit\achira_water_adsorption\Experimental water adsorption isotherms and Attenuated Total Reflectance-Fourier Transform Infrared (ATR-FTIR) analysis in Achira (Canna edulis K.) biscuits.zip,achira_water_adsorption,Water Adsorption Isotherms_Achira biscuits.xlsx,Sheet1,26,98e957095c8ea78bf78b41bae8c36e1a,Water Adsorption Isotherms,1,25,0.3113,3.0100000000000002
Experimental water adsorption isotherms and Attenuated Total Reflectance-Fourier Transform Infrared (ATR-FTIR) analysis in Achira (Canna edulis K.) biscuits.zip,raw_data\phase1_biscuit\achira_water_adsorption\Experimental water adsorption isotherms and Attenuated Total Reflectance-Fourier Transform Infrared (ATR-FTIR) analysis in Achira (Canna edulis K.) biscuits.zip,achira_water_adsorption,Water Adsorption Isotherms_Achira biscuits.xlsx,Sheet1,27,366d979eba423a0c4596235c8d919c9c,Water Adsorption Isotherms,1,25,0.3199,3.0900000000000003
Experimental water adsorption isotherms and Attenuated Total Reflectance-Fourier Transform Infrared (ATR-FTIR) analysis in Achira (Canna edulis K.) biscuits.zip,raw_data\phase1_biscuit\achira_water_adsorption\Experimental water adsorption isotherms and Attenuated Total Reflectance-Fourier Transform Infrared (ATR-FTIR) analysis in Achira (Canna edulis K.) biscuits.zip,achira_water_adsorption,Water Adsorption Isotherms_Achira biscuits.xlsx,Sheet1,28,a318b54a0175181b15ab613f7a31a429,Water Adsorption Isotherms,1,25,0.3244,3.14
Experimental water adsorption isotherms and Attenuated Total Reflectance-Fourier Transform Infrared (ATR-FTIR) analysis in Achira (Canna edulis K.) biscuits.zip,raw_data\phase1_biscuit\achira_water_adsorption\Experimental water adsorption isotherms and Attenuated Total Reflectance-Fourier Transform Infrared (ATR-FTIR) analysis in Achira (Canna edulis K.) biscuits.zip,achira_water_adsorption,Water Adsorption Isotherms_Achira biscuits.xlsx,Sheet1,29,a25f1371289274b1b193b1865f9ac463,Water Adsorption Isotherms,1,25,0.3365,3.22
Experimental water adsorption isotherms and Attenuated Total Reflectance-Fourier Transform Infrared (ATR-FTIR) analysis in Achira (Canna edulis K.) biscuits.zip,raw_data\phase1_biscuit\achira_water_adsorption\Experimental water adsorption isotherms and Attenuated Total Reflectance-Fourier Transform Infrared (ATR-FTIR) analysis in Achira (Canna edulis K.) biscuits.zip,achira_water_adsorption,Water Adsorption Isotherms_Achira biscuits.xlsx,Sheet1,30,a99d2f04d21dad5dac0d4a593de487f8,Water Adsorption Isotherms,1,25,0.3526,3.2800000000000002
Experimental water adsorption isotherms and Attenuated Total Reflectance-Fourier Transform Infrared (ATR-FTIR) analysis in Achira (Canna edulis K.) biscuits.zip,raw_data\phase1_biscuit\achira_water_adsorption\Experimental water adsorption isotherms and Attenuated Total Reflectance-Fourier Transform Infrared (ATR-FTIR) analysis in Achira (Canna edulis K.) biscuits.zip,achira_water_adsorption,Water Adsorption Isotherms_Achira biscuits.xlsx,Sheet1,31,3ff432d13f4a3a7f5dab264a6465d91a,Water Adsorption Isotherms,1,25,0.3599,3.35
Experimental water adsorption isotherms and Attenuated Total Reflectance-Fourier Transform Infrared (ATR-FTIR) analysis in Achira (Canna edulis K.) biscuits.zip,raw_data\phase1_biscuit\achira_water_adsorption\Experimental water adsorption isotherms and Attenuated Total Reflectance-Fourier Transform Infrared (ATR-FTIR) analysis in Achira (Canna edulis K.) biscuits.zip,achira_water_adsorption,Water Adsorption Isotherms_Achira biscuits.xlsx,Sheet1,32,9458e217c4a51029e14432555265eba7,Water Adsorption Isotherms,1,25,0.3664,3.41
Experimental water adsorption isotherms and Attenuated Total Reflectance-Fourier Transform Infrared (ATR-FTIR) analysis in Achira (Canna edulis K.) biscuits.zip,raw_data\phase1_biscuit\achira_water_adsorption\Experimental water adsorption isotherms and Attenuated Total Reflectance-Fourier Transform Infrared (ATR-FTIR) analysis in Achira (Canna edulis K.) biscuits.zip,achira_water_adsorption,Water Adsorption Isotherms_Achira biscuits.xlsx,Sheet1,33,4e80b37818107fdc767afa7a2961bb38,Water Adsorption Isotherms,1,25,0.3735,3.49
Experimental water adsorption isotherms and Attenuated Total Reflectance-Fourier Transform Infrared (ATR-FTIR) analysis in Achira (Canna edulis K.) biscuits.zip,raw_data\phase1_biscuit\achira_water_adsorption\Experimental water adsorption isotherms and Attenuated Total Reflectance-Fourier Transform Infrared (ATR-FTIR) analysis in Achira (Canna edulis K.) biscuits.zip,achira_water_adsorption,Water Adsorption Isotherms_Achira biscuits.xlsx,Sheet1,34,0c76020c04986dd58f244f80583fa03f,Water Adsorption Isotherms,1,25,0.3858,3.56
Experimental water adsorption isotherms and Attenuated Total Reflectance-Fourier Transform Infrared (ATR-FTIR) analysis in Achira (Canna edulis K.) biscuits.zip,raw_data\phase1_biscuit\achira_water_adsorption\Experimental water adsorption isotherms and Attenuated Total Reflectance-Fourier Transform Infrared (ATR-FTIR) analysis in Achira (Canna edulis K.) biscuits.zip,achira_water_adsorption,Water Adsorption Isotherms_Achira biscuits.xlsx,Sheet1,35,4df8fe9a55de705fc169d2b6fb44b92d,Water Adsorption Isotherms,1,25,0.3972,3.63
Experimental water adsorption isotherms and Attenuated Total Reflectance-Fourier Transform Infrared (ATR-FTIR) analysis in Achira (Canna edulis K.) biscuits.zip,raw_data\phase1_biscuit\achira_water_adsorption\Experimental water adsorption isotherms and Attenuated Total Reflectance-Fourier Transform Infrared (ATR-FTIR) analysis in Achira (Canna edulis K.) biscuits.zip,achira_water_adsorption,Water Adsorption Isotherms_Achira biscuits.xlsx,Sheet1,36,2dc626d9dce5d162796401d0cd091895,Water Adsorption Isotherms,1,25,0.4056,3.7
Experimental water adsorption isotherms and Attenuated Total Reflectance-Fourier Transform Infrared (ATR-FTIR) analysis in Achira (Canna edulis K.) biscuits.zip,raw_data\phase1_biscuit\achira_water_adsorption\Experimental water adsorption isotherms and Attenuated Total Reflectance-Fourier Transform Infrared (ATR-FTIR) analysis in Achira (Canna edulis K.) biscuits.zip,achira_water_adsorption,Water Adsorption Isotherms_Achira biscuits.xlsx,Sheet1,37,5b8797fe4afbefa3f6ee358d64a9257e,Water Adsorption Isotherms,1,25,0.4144,3.7800000000000002
Experimental water adsorption isotherms and Attenuated Total Reflectance-Fourier Transform Infrared (ATR-FTIR) analysis in Achira (Canna edulis K.) biscuits.zip,raw_data\phase1_biscuit\achira_water_adsorption\Experimental water adsorption isotherms and Attenuated Total Reflectance-Fourier Transform Infrared (ATR-FTIR) analysis in Achira (Canna edulis K.) biscuits.zip,achira_water_adsorption,Water Adsorption Isotherms_Achira biscuits.xlsx,Sheet1,38,66cb08960ffa4bc65106be5b8212db57,Water Adsorption Isotherms,1,25,0.4256,3.85
Experimental water adsorption isotherms and Attenuated Total Reflectance-Fourier Transform Infrared (ATR-FTIR) analysis in Achira (Canna edulis K.) biscuits.zip,raw_data\phase1_biscuit\achira_water_adsorption\Experimental water adsorption isotherms and Attenuated Total Reflectance-Fourier Transform Infrared (ATR-FTIR) analysis in Achira (Canna edulis K.) biscuits.zip,achira_water_adsorption,Water Adsorption Isotherms_Achira biscuits.xlsx,Sheet1,39,a94ee3e305412f6622b7f08cd625ba63,Water Adsorption Isotherms,1,25,0.4355,3.93
Experimental water adsorption isotherms and Attenuated Total Reflectance-Fourier Transform Infrared (ATR-FTIR) analysis in Achira (Canna edulis K.) biscuits.zip,raw_data\phase1_biscuit\achira_water_adsorption\Experimental water adsorption isotherms and Attenuated Total Reflectance-Fourier Transform Infrared (ATR-FTIR) analysis in Achira (Canna edulis K.) biscuits.zip,achira_water_adsorption,Water Adsorption Isotherms_Achira biscuits.xlsx,Sheet1,40,c5c665664eef0d86b8da08f6ff536882,Water Adsorption Isotherms,1,25,0.4435,3.99
Experimental water adsorption isotherms and Attenuated Total Reflectance-Fourier Transform Infrared (ATR-FTIR) analysis in Achira (Canna edulis K.) biscuits.zip,raw_data\phase1_biscuit\achira_water_adsorption\Experimental water adsorption isotherms and Attenuated Total Reflectance-Fourier Transform Infrared (ATR-FTIR) analysis in Achira (Canna edulis K.) biscuits.zip,achira_water_adsorption,Water Adsorption Isotherms_Achira biscuits.xlsx,Sheet1,41,3c74684e8162cef28a9b3eb16a537a49,Water Adsorption Isotherms,1,25,0.4477,4.07
Experimental water adsorption isotherms and Attenuated Total Reflectance-Fourier Transform Infrared (ATR-FTIR) analysis in Achira (Canna edulis K.) biscuits.zip,raw_data\phase1_biscuit\achira_water_adsorption\Experimental water adsorption isotherms and Attenuated Total Reflectance-Fourier Transform Infrared (ATR-FTIR) analysis in Achira (Canna edulis K.) biscuits.zip,achira_water_adsorption,Water Adsorption Isotherms_Achira biscuits.xlsx,Sheet1,42,124c6c91aabd03f817e2943aca6d3a12,Water Adsorption Isotherms,1,25,0.4658,4.159999999999999
Experimental water adsorption isotherms and Attenuated Total Reflectance-Fourier Transform Infrared (ATR-FTIR) analysis in Achira (Canna edulis K.) biscuits.zip,raw_data\phase1_biscuit\achira_water_adsorption\Experimental water adsorption isotherms and Attenuated Total Reflectance-Fourier Transform Infrared (ATR-FTIR) analysis in Achira (Canna edulis K.) biscuits.zip,achira_water_adsorption,Water Adsorption Isotherms_Achira biscuits.xlsx,Sheet1,43,74014c4b06155d9e5a1ad8218f92a3ba,Water Adsorption Isotherms,1,25,0.4714,4.239999999999999
Experimental water adsorption isotherms and Attenuated Total Reflectance-Fourier Transform Infrared (ATR-FTIR) analysis in Achira (Canna edulis K.) biscuits.zip,raw_data\phase1_biscuit\achira_water_adsorption\Experimental water adsorption isotherms and Attenuated Total Reflectance-Fourier Transform Infrared (ATR-FTIR) analysis in Achira (Canna edulis K.) biscuits.zip,achira_water_adsorption,Water Adsorption Isotherms_Achira biscuits.xlsx,Sheet1,44,80551470a1723737d4106bb2e9736fb5,Water Adsorption Isotherms,1,25,0.4802,4.33
Experimental water adsorption isotherms and Attenuated Total Reflectance-Fourier Transform Infrared (ATR-FTIR) analysis in Achira (Canna edulis K.) biscuits.zip,raw_data\phase1_biscuit\achira_water_adsorption\Experimental water adsorption isotherms and Attenuated Total Reflectance-Fourier Transform Infrared (ATR-FTIR) analysis in Achira (Canna edulis K.) biscuits.zip,achira_water_adsorption,Water Adsorption Isotherms_Achira biscuits.xlsx,Sheet1,45,dce5cb3e92ef41917d1e07c4bdeed220,Water Adsorption Isotherms,1,25,0.4918,4.42
Experimental water adsorption isotherms and Attenuated Total Reflectance-Fourier Transform Infrared (ATR-FTIR) analysis in Achira (Canna edulis K.) biscuits.zip,raw_data\phase1_biscuit\achira_water_adsorption\Experimental water adsorption isotherms and Attenuated Total Reflectance-Fourier Transform Infrared (ATR-FTIR) analysis in Achira (Canna edulis K.) biscuits.zip,achira_water_adsorption,Water Adsorption Isotherms_Achira biscuits.xlsx,Sheet1,46,294feac82a81b7b9722e95bfe7c83f4e,Water Adsorption Isotherms,1,25,0.5044,4.5
Experimental water adsorption isotherms and Attenuated Total Reflectance-Fourier Transform Infrared (ATR-FTIR) analysis in Achira (Canna edulis K.) biscuits.zip,raw_data\phase1_biscuit\achira_water_adsorption\Experimental water adsorption isotherms and Attenuated Total Reflectance-Fourier Transform Infrared (ATR-FTIR) analysis in Achira (Canna edulis K.) biscuits.zip,achira_water_adsorption,Water Adsorption Isotherms_Achira biscuits.xlsx,Sheet1,47,69ff2f467cbbb87cfd89895abf1fb598,Water Adsorption Isotherms,1,25,0.5086,4.58
Experimental water adsorption isotherms and Attenuated Total Reflectance-Fourier Transform Infrared (ATR-FTIR) analysis in Achira (Canna edulis K.) biscuits.zip,raw_data\phase1_biscuit\achira_water_adsorption\Experimental water adsorption isotherms and Attenuated Total Reflectance-Fourier Transform Infrared (ATR-FTIR) analysis in Achira (Canna edulis K.) biscuits.zip,achira_water_adsorption,Water Adsorption Isotherms_Achira biscuits.xlsx,Sheet1,48,4310852977618ab3d0422144af9d4b66,Water Adsorption Isotherms,1,25,0.5185,4.67
Experimental water adsorption isotherms and Attenuated Total Reflectance-Fourier Transform Infrared (ATR-FTIR) analysis in Achira (Canna edulis K.) biscuits.zip,raw_data\phase1_biscuit\achira_water_adsorption\Experimental water adsorption isotherms and Attenuated Total Reflectance-Fourier Transform Infrared (ATR-FTIR) analysis in Achira (Canna edulis K.) biscuits.zip,achira_water_adsorption,Water Adsorption Isotherms_Achira biscuits.xlsx,Sheet1,49,06e99bf36078266e8000a78e8c531762,Water Adsorption Isotherms,1,25,0.5297,4.77
Experimental water adsorption isotherms and Attenuated Total Reflectance-Fourier Transform Infrared (ATR-FTIR) analysis in Achira (Canna edulis K.) biscuits.zip,raw_data\phase1_biscuit\achira_water_adsorption\Experimental water adsorption isotherms and Attenuated Total Reflectance-Fourier Transform Infrared (ATR-FTIR) analysis in Achira (Canna edulis K.) biscuits.zip,achira_water_adsorption,Water Adsorption Isotherms_Achira biscuits.xlsx,Sheet1,50,b8bff8eeb7216940a03bbbb736b298e7,Water Adsorption Isotherms,1,25,0.5376,4.85
Experimental water adsorption isotherms and Attenuated Total Reflectance-Fourier Transform Infrared (ATR-FTIR) analysis in Achira (Canna edulis K.) biscuits.zip,raw_data\phase1_biscuit\achira_water_adsorption\Experimental water adsorption isotherms and Attenuated Total Reflectance-Fourier Transform Infrared (ATR-FTIR) analysis in Achira (Canna edulis K.) biscuits.zip,achira_water_adsorption,Water Adsorption Isotherms_Achira biscuits.xlsx,Sheet1,51,574e8acd4678cafe02acd2e0e6295123,Water Adsorption Isotherms,1,25,0.5494,4.949999999999999
Experimental water adsorption isotherms and Attenuated Total Reflectance-Fourier Transform Infrared (ATR-FTIR) analysis in Achira (Canna edulis K.) biscuits.zip,raw_data\phase1_biscuit\achira_water_adsorption\Experimental water adsorption isotherms and Attenuated Total Reflectance-Fourier Transform Infrared (ATR-FTIR) analysis in Achira (Canna edulis K.) biscuits.zip,achira_water_adsorption,Water Adsorption Isotherms_Achira biscuits.xlsx,Sheet1,52,151771056797df3c47dbf7b4b7f9c17b,Water Adsorption Isotherms,1,25,0.5569,5.04
Experimental water adsorption isotherms and Attenuated Total Reflectance-Fourier Transform Infrared (ATR-FTIR) analysis in Achira (Canna edulis K.) biscuits.zip,raw_data\phase1_biscuit\achira_water_adsorption\Experimental water adsorption isotherms and Attenuated Total Reflectance-Fourier Transform Infrared (ATR-FTIR) analysis in Achira (Canna edulis K.) biscuits.zip,achira_water_adsorption,Water Adsorption Isotherms_Achira biscuits.xlsx,Sheet1,53,717ce4b48df6ffa08d50ac60da5a3104,Water Adsorption Isotherms,1,25,0.5666,5.14
Experimental water adsorption isotherms and Attenuated Total Reflectance-Fourier Transform Infrared (ATR-FTIR) analysis in Achira (Canna edulis K.) biscuits.zip,raw_data\phase1_biscuit\achira_water_adsorption\Experimental water adsorption isotherms and Attenuated Total Reflectance-Fourier Transform Infrared (ATR-FTIR) analysis in Achira (Canna edulis K.) biscuits.zip,achira_water_adsorption,Water Adsorption Isotherms_Achira biscuits.xlsx,Sheet1,54,d17d1697cd061366b7fc3a4671ee24ac,Water Adsorption Isotherms,1,25,0.5753,5.2299999999999995
Experimental water adsorption isotherms and Attenuated Total Reflectance-Fourier Transform Infrared (ATR-FTIR) analysis in Achira (Canna edulis K.) biscuits.zip,raw_data\phase1_biscuit\achira_water_adsorption\Experimental water adsorption isotherms and Attenuated Total Reflectance-Fourier Transform Infrared (ATR-FTIR) analysis in Achira (Canna edulis K.) biscuits.zip,achira_water_adsorption,Water Adsorption Isotherms_Achira biscuits.xlsx,Sheet1,55,3466afe0aaddc896ca1ad5afcb301fef,Water Adsorption Isotherms,1,25,0.5876,5.34
Experimental water adsorption isotherms and Attenuated Total Reflectance-Fourier Transform Infrared (ATR-FTIR) analysis in Achira (Canna edulis K.) biscuits.zip,raw_data\phase1_biscuit\achira_water_adsorption\Experimental water adsorption isotherms and Attenuated Total Reflectance-Fourier Transform Infrared (ATR-FTIR) analysis in Achira (Canna edulis K.) biscuits.zip,achira_water_adsorption,Water Adsorption Isotherms_Achira biscuits.xlsx,Sheet1,56,3f7d132082de550dfd360f7665996b7f,Water Adsorption Isotherms,1,25,0.594,5.43
Experimental water adsorption isotherms and Attenuated Total Reflectance-Fourier Transform Infrared (ATR-FTIR) analysis in Achira (Canna edulis K.) biscuits.zip,raw_data\phase1_biscuit\achira_water_adsorption\Experimental water adsorption isotherms and Attenuated Total Reflectance-Fourier Transform Infrared (ATR-FTIR) analysis in Achira (Canna edulis K.) biscuits.zip,achira_water_adsorption,Water Adsorption Isotherms_Achira biscuits.xlsx,Sheet1,57,27a213b77c6fc32b04b34a4a5ec3463b,Water Adsorption Isotherms,1,25,0.6071,5.54
Experimental water adsorption isotherms and Attenuated Total Reflectance-Fourier Transform Infrared (ATR-FTIR) analysis in Achira (Canna edulis K.) biscuits.zip,raw_data\phase1_biscuit\achira_water_adsorption\Experimental water adsorption isotherms and Attenuated Total Reflectance-Fourier Transform Infrared (ATR-FTIR) analysis in Achira (Canna edulis K.) biscuits.zip,achira_water_adsorption,Water Adsorption Isotherms_Achira biscuits.xlsx,Sheet1,58,cf35af6782e727efe978fc2fd2f560aa,Water Adsorption Isotherms,1,25,0.614,5.63
Experimental water adsorption isotherms and Attenuated Total Reflectance-Fourier Transform Infrared (ATR-FTIR) analysis in Achira (Canna edulis K.) biscuits.zip,raw_data\phase1_biscuit\achira_water_adsorption\Experimental water adsorption isotherms and Attenuated Total Reflectance-Fourier Transform Infrared (ATR-FTIR) analysis in Achira (Canna edulis K.) biscuits.zip,achira_water_adsorption,Water Adsorption Isotherms_Achira biscuits.xlsx,Sheet1,59,4058529116242794fb669afbd2be6802,Water Adsorption Isotherms,1,25,0.6185,5.7299999999999995
Experimental water adsorption isotherms and Attenuated Total Reflectance-Fourier Transform Infrared (ATR-FTIR) analysis in Achira (Canna edulis K.) biscuits.zip,raw_data\phase1_biscuit\achira_water_adsorption\Experimental water adsorption isotherms and Attenuated Total Reflectance-Fourier Transform Infrared (ATR-FTIR) analysis in Achira (Canna edulis K.) biscuits.zip,achira_water_adsorption,Water Adsorption Isotherms_Achira biscuits.xlsx,Sheet1,60,1159a943bcf9d08e1658fc0436b50e6a,Water Adsorption Isotherms,1,25,0.6334,5.859999999999999
Experimental water adsorption isotherms and Attenuated Total Reflectance-Fourier Transform Infrared (ATR-FTIR) analysis in Achira (Canna edulis K.) biscuits.zip,raw_data\phase1_biscuit\achira_water_adsorption\Experimental water adsorption isotherms and Attenuated Total Reflectance-Fourier Transform Infrared (ATR-FTIR) analysis in Achira (Canna edulis K.) biscuits.zip,achira_water_adsorption,Water Adsorption Isotherms_Achira biscuits.xlsx,Sheet1,61,97ad1a9e57261d9e175c4ff35ff37333,Water Adsorption Isotherms,1,25,0.6387,5.9799999999999995
Experimental water adsorption isotherms and Attenuated Total Reflectance-Fourier Transform Infrared (ATR-FTIR) analysis in Achira (Canna edulis K.) biscuits.zip,raw_data\phase1_biscuit\achira_water_adsorption\Experimental water adsorption isotherms and Attenuated Total Reflectance-Fourier Transform Infrared (ATR-FTIR) analysis in Achira (Canna edulis K.) biscuits.zip,achira_water_adsorption,Water Adsorption Isotherms_Achira biscuits.xlsx,Sheet1,62,b8a46763443b82e2ea1fffc767f15429,Water Adsorption Isotherms,1,25,0.6537,6.1
Experimental water adsorption isotherms and Attenuated Total Reflectance-Fourier Transform Infrared (ATR-FTIR) analysis in Achira (Canna edulis K.) biscuits.zip,raw_data\phase1_biscuit\achira_water_adsorption\Experimental water adsorption isotherms and Attenuated Total Reflectance-Fourier Transform Infrared (ATR-FTIR) analysis in Achira (Canna edulis K.) biscuits.zip,achira_water_adsorption,Water Adsorption Isotherms_Achira biscuits.xlsx,Sheet1,63,d5dd251c19f34b64597be52ccb1359a2,Water Adsorption Isotherms,1,25,0.6599,6.2299999999999995
Experimental water adsorption isotherms and Attenuated Total Reflectance-Fourier Transform Infrared (ATR-FTIR) analysis in Achira (Canna edulis K.) biscuits.zip,raw_data\phase1_biscuit\achira_water_adsorption\Experimental water adsorption isotherms and Attenuated Total Reflectance-Fourier Transform Infrared (ATR-FTIR) analysis in Achira (Canna edulis K.) biscuits.zip,achira_water_adsorption,Water Adsorption Isotherms_Achira biscuits.xlsx,Sheet1,64,ee833ab73f005aecea12632a91a48727,Water Adsorption Isotherms,1,25,0.6667,6.35
Experimental water adsorption isotherms and Attenuated Total Reflectance-Fourier Transform Infrared (ATR-FTIR) analysis in Achira (Canna edulis K.) biscuits.zip,raw_data\phase1_biscuit\achira_water_adsorption\Experimental water adsorption isotherms and Attenuated Total Reflectance-Fourier Transform Infrared (ATR-FTIR) analysis in Achira (Canna edulis K.) biscuits.zip,achira_water_adsorption,Water Adsorption Isotherms_Achira biscuits.xlsx,Sheet1,65,1b9bdcdc61bd1bd805e1e8e6e30be72d,Water Adsorption Isotherms,1,25,0.6727,6.4799999999999995
Experimental water adsorption isotherms and Attenuated Total Reflectance-Fourier Transform Infrared (ATR-FTIR) analysis in Achira (Canna edulis K.) biscuits.zip,raw_data\phase1_biscuit\achira_water_adsorption\Experimental water adsorption isotherms and Attenuated Total Reflectance-Fourier Transform Infrared (ATR-FTIR) analysis in Achira (Canna edulis K.) biscuits.zip,achira_water_adsorption,Water Adsorption Isotherms_Achira biscuits.xlsx,Sheet1,66,b5e58e27afae3a7f05971af57b4a5419,Water Adsorption Isotherms,1,25,0.6806,6.63
Experimental water adsorption isotherms and Attenuated Total Reflectance-Fourier Transform Infrared (ATR-FTIR) analysis in Achira (Canna edulis K.) biscuits.zip,raw_data\phase1_biscuit\achira_water_adsorption\Experimental water adsorption isotherms and Attenuated Total Reflectance-Fourier Transform Infrared (ATR-FTIR) analysis in Achira (Canna edulis K.) biscuits.zip,achira_water_adsorption,Water Adsorption Isotherms_Achira biscuits.xlsx,Sheet1,67,06a00e1a83c45a9e8b4d9cbc0409e16c,Water Adsorption Isotherms,1,25,0.6886,6.8
Experimental water adsorption isotherms and Attenuated Total Reflectance-Fourier Transform Infrared (ATR-FTIR) analysis in Achira (Canna edulis K.) biscuits.zip,raw_data\phase1_biscuit\achira_water_adsorption\Experimental water adsorption isotherms and Attenuated Total Reflectance-Fourier Transform Infrared (ATR-FTIR) analysis in Achira (Canna edulis K.) biscuits.zip,achira_water_adsorption,Water Adsorption Isotherms_Achira biscuits.xlsx,Sheet1,68,9ed92e566e9ed73caed361a7ff067e64,Water Adsorption Isotherms,1,25,0.6997,6.989999999999999
Experimental water adsorption isotherms and Attenuated Total Reflectance-Fourier Transform Infrared (ATR-FTIR) analysis in Achira (Canna edulis K.) biscuits.zip,raw_data\phase1_biscuit\achira_water_adsorption\Experimental water adsorption isotherms and Attenuated Total Reflectance-Fourier Transform Infrared (ATR-FTIR) analysis in Achira (Canna edulis K.) biscuits.zip,achira_water_adsorption,Water Adsorption Isotherms_Achira biscuits.xlsx,Sheet1,69,ad09623a798a2acf7e404e65223838b2,Water Adsorption Isotherms,1,25,0.7059,7.17
Experimental water adsorption isotherms and Attenuated Total Reflectance-Fourier Transform Infrared (ATR-FTIR) analysis in Achira (Canna edulis K.) biscuits.zip,raw_data\phase1_biscuit\achira_water_adsorption\Experimental water adsorption isotherms and Attenuated Total Reflectance-Fourier Transform Infrared (ATR-FTIR) analysis in Achira (Canna edulis K.) biscuits.zip,achira_water_adsorption,Water Adsorption Isotherms_Achira biscuits.xlsx,Sheet1,70,71d06587dde78ffccadbc29597cdd7e4,Water Adsorption Isotherms,1,25,0.715,7.38
Experimental water adsorption isotherms and Attenuated Total Reflectance-Fourier Transform Infrared (ATR-FTIR) analysis in Achira (Canna edulis K.) biscuits.zip,raw_data\phase1_biscuit\achira_water_adsorption\Experimental water adsorption isotherms and Attenuated Total Reflectance-Fourier Transform Infrared (ATR-FTIR) analysis in Achira (Canna edulis K.) biscuits.zip,achira_water_adsorption,Water Adsorption Isotherms_Achira biscuits.xlsx,Sheet1,71,9f0cf69ca2a59191ca92974343138d97,Water Adsorption Isotherms,1,25,0.7216,7.54
Experimental water adsorption isotherms and Attenuated Total Reflectance-Fourier Transform Infrared (ATR-FTIR) analysis in Achira (Canna edulis K.) biscuits.zip,raw_data\phase1_biscuit\achira_water_adsorption\Experimental water adsorption isotherms and Attenuated Total Reflectance-Fourier Transform Infrared (ATR-FTIR) analysis in Achira (Canna edulis K.) biscuits.zip,achira_water_adsorption,Water Adsorption Isotherms_Achira biscuits.xlsx,Sheet1,72,347f351204dc08791ffd393f55333959,Water Adsorption Isotherms,1,25,0.7366,7.859999999999999
Experimental water adsorption isotherms and Attenuated Total Reflectance-Fourier Transform Infrared (ATR-FTIR) analysis in Achira (Canna edulis K.) biscuits.zip,raw_data\phase1_biscuit\achira_water_adsorption\Experimental water adsorption isotherms and Attenuated Total Reflectance-Fourier Transform Infrared (ATR-FTIR) analysis in Achira (Canna edulis K.) biscuits.zip,achira_water_adsorption,Water Adsorption Isotherms_Achira biscuits.xlsx,Sheet1,73,b79be428138f76eb56280fc78e8d54fa,Water Adsorption Isotherms,1,25,0.7468,8.12
Experimental water adsorption isotherms and Attenuated Total Reflectance-Fourier Transform Infrared (ATR-FTIR) analysis in Achira (Canna edulis K.) biscuits.zip,raw_data\phase1_biscuit\achira_water_adsorption\Experimental water adsorption isotherms and Attenuated Total Reflectance-Fourier Transform Infrared (ATR-FTIR) analysis in Achira (Canna edulis K.) biscuits.zip,achira_water_adsorption,Water Adsorption Isotherms_Achira biscuits.xlsx,Sheet1,74,0f4381079d494fff2c39966b1335cec8,Water Adsorption Isotherms,1,25,0.7636,8.379999999999999
Experimental water adsorption isotherms and Attenuated Total Reflectance-Fourier Transform Infrared (ATR-FTIR) analysis in Achira (Canna edulis K.) biscuits.zip,raw_data\phase1_biscuit\achira_water_adsorption\Experimental water adsorption isotherms and Attenuated Total Reflectance-Fourier Transform Infrared (ATR-FTIR) analysis in Achira (Canna edulis K.) biscuits.zip,achira_water_adsorption,Water Adsorption Isotherms_Achira biscuits.xlsx,Sheet1,75,879e7c52706faa0f303cb2429b47990b,Water Adsorption Isotherms,1,25,0.7755,8.61
Experimental water adsorption isotherms and Attenuated Total Reflectance-Fourier Transform Infrared (ATR-FTIR) analysis in Achira (Canna edulis K.) biscuits.zip,raw_data\phase1_biscuit\achira_water_adsorption\Experimental water adsorption isotherms and Attenuated Total Reflectance-Fourier Transform Infrared (ATR-FTIR) analysis in Achira (Canna edulis K.) biscuits.zip,achira_water_adsorption,Water Adsorption Isotherms_Achira biscuits.xlsx,Sheet1,76,9055bf4ce8c328b4c942fb1b66d34ddc,Water Adsorption Isotherms,1,25,0.7809,8.78
Experimental water adsorption isotherms and Attenuated Total Reflectance-Fourier Transform Infrared (ATR-FTIR) analysis in Achira (Canna edulis K.) biscuits.zip,raw_data\phase1_biscuit\achira_water_adsorption\Experimental water adsorption isotherms and Attenuated Total Reflectance-Fourier Transform Infrared (ATR-FTIR) analysis in Achira (Canna edulis K.) biscuits.zip,achira_water_adsorption,Water Adsorption Isotherms_Achira biscuits.xlsx,Sheet1,77,d33d0217d6dc83575fa3f0ff791c3056,Water Adsorption Isotherms,1,25,0.7861,8.959999999999999
Experimental water adsorption isotherms and Attenuated Total Reflectance-Fourier Transform Infrared (ATR-FTIR) analysis in Achira (Canna edulis K.) biscuits.zip,raw_data\phase1_biscuit\achira_water_adsorption\Experimental water adsorption isotherms and Attenuated Total Reflectance-Fourier Transform Infrared (ATR-FTIR) analysis in Achira (Canna edulis K.) biscuits.zip,achira_water_adsorption,Water Adsorption Isotherms_Achira biscuits.xlsx,Sheet1,78,f3b8213cc6611a849ce09cedfd75d44b,Water Adsorption Isotherms,1,25,0.7963,9.19
Experimental water adsorption isotherms and Attenuated Total Reflectance-Fourier Transform Infrared (ATR-FTIR) analysis in Achira (Canna edulis K.) biscuits.zip,raw_data\phase1_biscuit\achira_water_adsorption\Experimental water adsorption isotherms and Attenuated Total Reflectance-Fourier Transform Infrared (ATR-FTIR) analysis in Achira (Canna edulis K.) biscuits.zip,achira_water_adsorption,Water Adsorption Isotherms_Achira biscuits.xlsx,Sheet1,79,e2ba53abb4db713989750cb7bfd7cfba,Water Adsorption Isotherms,1,25,0.8041,9.42
Experimental water adsorption isotherms and Attenuated Total Reflectance-Fourier Transform Infrared (ATR-FTIR) analysis in Achira (Canna edulis K.) biscuits.zip,raw_data\phase1_biscuit\achira_water_adsorption\Experimental water adsorption isotherms and Attenuated Total Reflectance-Fourier Transform Infrared (ATR-FTIR) analysis in Achira (Canna edulis K.) biscuits.zip,achira_water_adsorption,Water Adsorption Isotherms_Achira biscuits.xlsx,Sheet1,80,def0287f0904250a09441fb2d0cf1114,Water Adsorption Isotherms,2,25,0.0988,2.33
Experimental water adsorption isotherms and Attenuated Total Reflectance-Fourier Transform Infrared (ATR-FTIR) analysis in Achira (Canna edulis K.) biscuits.zip,raw_data\phase1_biscuit\achira_water_adsorption\Experimental water adsorption isotherms and Attenuated Total Reflectance-Fourier Transform Infrared (ATR-FTIR) analysis in Achira (Canna edulis K.) biscuits.zip,achira_water_adsorption,Water Adsorption Isotherms_Achira biscuits.xlsx,Sheet1,81,2f06a47b837852c8b6ecf362d4f3983e,Water Adsorption Isotherms,2,25,0.1175,2.3200000000000003
Experimental water adsorption isotherms and Attenuated Total Reflectance-Fourier Transform Infrared (ATR-FTIR) analysis in Achira (Canna edulis K.) biscuits.zip,raw_data\phase1_biscuit\achira_water_adsorption\Experimental water adsorption isotherms and Attenuated Total Reflectance-Fourier Transform Infrared (ATR-FTIR) analysis in Achira (Canna edulis K.) biscuits.zip,achira_water_adsorption,Water Adsorption Isotherms_Achira biscuits.xlsx,Sheet1,82,20f7725825ae4984136eb6654df0abaf,Water Adsorption Isotherms,2,25,0.1355,2.3400000000000003
Experimental water adsorption isotherms and Attenuated Total Reflectance-Fourier Transform Infrared (ATR-FTIR) analysis in Achira (Canna edulis K.) biscuits.zip,raw_data\phase1_biscuit\achira_water_adsorption\Experimental water adsorption isotherms and Attenuated Total Reflectance-Fourier Transform Infrared (ATR-FTIR) analysis in Achira (Canna edulis K.) biscuits.zip,achira_water_adsorption,Water Adsorption Isotherms_Achira biscuits.xlsx,Sheet1,83,9dbfb21743c4dded7273bfb122ddbc4b,Water Adsorption Isotherms,2,25,0.1445,2.3600000000000003
Experimental water adsorption isotherms and Attenuated Total Reflectance-Fourier Transform Infrared (ATR-FTIR) analysis in Achira (Canna edulis K.) biscuits.zip,raw_data\phase1_biscuit\achira_water_adsorption\Experimental water adsorption isotherms and Attenuated Total Reflectance-Fourier Transform Infrared (ATR-FTIR) analysis in Achira (Canna edulis K.) biscuits.zip,achira_water_adsorption,Water Adsorption Isotherms_Achira biscuits.xlsx,Sheet1,84,6efdbc0502a1e5627ec73dfd27b47054,Water Adsorption Isotherms,2,25,0.151,2.38
Experimental water adsorption isotherms and Attenuated Total Reflectance-Fourier Transform Infrared (ATR-FTIR) analysis in Achira (Canna edulis K.) biscuits.zip,raw_data\phase1_biscuit\achira_water_adsorption\Experimental water adsorption isotherms and Attenuated Total Reflectance-Fourier Transform Infrared (ATR-FTIR) analysis in Achira (Canna edulis K.) biscuits.zip,achira_water_adsorption,Water Adsorption Isotherms_Achira biscuits.xlsx,Sheet1,85,a9d5a60ce203a293b739090a01a13677,Water Adsorption Isotherms,2,25,0.1567,2.39
Experimental water adsorption isotherms and Attenuated Total Reflectance-Fourier Transform Infrared (ATR-FTIR) analysis in Achira (Canna edulis K.) biscuits.zip,raw_data\phase1_biscuit\achira_water_adsorption\Experimental water adsorption isotherms and Attenuated Total Reflectance-Fourier Transform Infrared (ATR-FTIR) analysis in Achira (Canna edulis K.) biscuits.zip,achira_water_adsorption,Water Adsorption Isotherms_Achira biscuits.xlsx,Sheet1,86,3fd37d612780ae5d40afa1bf2a2a7675,Water Adsorption Isotherms,2,25,0.1595,2.41
Experimental water adsorption isotherms and Attenuated Total Reflectance-Fourier Transform Infrared (ATR-FTIR) analysis in Achira (Canna edulis K.) biscuits.zip,raw_data\phase1_biscuit\achira_water_adsorption\Experimental water adsorption isotherms and Attenuated Total Reflectance-Fourier Transform Infrared (ATR-FTIR) analysis in Achira (Canna edulis K.) biscuits.zip,achira_water_adsorption,Water Adsorption Isotherms_Achira biscuits.xlsx,Sheet1,87,74f7df2da72d0f4d3fd28aeb8b22755a,Water Adsorption Isotherms,2,25,0.1706,2.43
Experimental water adsorption isotherms and Attenuated Total Reflectance-Fourier Transform Infrared (ATR-FTIR) analysis in Achira (Canna edulis K.) biscuits.zip,raw_data\phase1_biscuit\achira_water_adsorption\Experimental water adsorption isotherms and Attenuated Total Reflectance-Fourier Transform Infrared (ATR-FTIR) analysis in Achira (Canna edulis K.) biscuits.zip,achira_water_adsorption,Water Adsorption Isotherms_Achira biscuits.xlsx,Sheet1,88,f03690a0a3e186053e89102b7ce43d37,Water Adsorption Isotherms,2,25,0.1786,2.46
Experimental water adsorption isotherms and Attenuated Total Reflectance-Fourier Transform Infrared (ATR-FTIR) analysis in Achira (Canna edulis K.) biscuits.zip,raw_data\phase1_biscuit\achira_water_adsorption\Experimental water adsorption isotherms and Attenuated Total Reflectance-Fourier Transform Infrared (ATR-FTIR) analysis in Achira (Canna edulis K.) biscuits.zip,achira_water_adsorption,Water Adsorption Isotherms_Achira biscuits.xlsx,Sheet1,89,ab5d5b469e74e5a0f72b514d03862d69,Water Adsorption Isotherms,2,25,0.1868,2.49
Experimental water adsorption isotherms and Attenuated Total Reflectance-Fourier Transform Infrared (ATR-FTIR) analysis in Achira (Canna edulis K.) biscuits.zip,raw_data\phase1_biscuit\achira_water_adsorption\Experimental water adsorption isotherms and Attenuated Total Reflectance-Fourier Transform Infrared (ATR-FTIR) analysis in Achira (Canna edulis K.) biscuits.zip,achira_water_adsorption,Water Adsorption Isotherms_Achira biscuits.xlsx,Sheet1,90,7b335d37e0dfd992a8267698c9b14d10,Water Adsorption Isotherms,2,25,0.1953,2.52
Experimental water adsorption isotherms and Attenuated Total Reflectance-Fourier Transform Infrared (ATR-FTIR) analysis in Achira (Canna edulis K.) biscuits.zip,raw_data\phase1_biscuit\achira_water_adsorption\Experimental water adsorption isotherms and Attenuated Total Reflectance-Fourier Transform Infrared (ATR-FTIR) analysis in Achira (Canna edulis K.) biscuits.zip,achira_water_adsorption,Water Adsorption Isotherms_Achira biscuits.xlsx,Sheet1,91,82d0055965d7db88cb69a97d0d097126,Water Adsorption Isotherms,2,25,0.2048,2.5500000000000003
Experimental water adsorption isotherms and Attenuated Total Reflectance-Fourier Transform Infrared (ATR-FTIR) analysis in Achira (Canna edulis K.) biscuits.zip,raw_data\phase1_biscuit\achira_water_adsorption\Experimental water adsorption isotherms and Attenuated Total Reflectance-Fourier Transform Infrared (ATR-FTIR) analysis in Achira (Canna edulis K.) biscuits.zip,achira_water_adsorption,Water Adsorption Isotherms_Achira biscuits.xlsx,Sheet1,92,85db797dbefc2c9fa6a9bc923d8a0f45,Water Adsorption Isotherms,2,25,0.2134,2.58
Experimental water adsorption isotherms and Attenuated Total Reflectance-Fourier Transform Infrared (ATR-FTIR) analysis in Achira (Canna edulis K.) biscuits.zip,raw_data\phase1_biscuit\achira_water_adsorption\Experimental water adsorption isotherms and Attenuated Total Reflectance-Fourier Transform Infrared (ATR-FTIR) analysis in Achira (Canna edulis K.) biscuits.zip,achira_water_adsorption,Water Adsorption Isotherms_Achira biscuits.xlsx,Sheet1,93,c84fc96be75e4e447de7dc670450e89e,Water Adsorption Isotherms,2,25,0.2221,2.6100000000000003
Experimental water adsorption isotherms and Attenuated Total Reflectance-Fourier Transform Infrared (ATR-FTIR) analysis in Achira (Canna edulis K.) biscuits.zip,raw_data\phase1_biscuit\achira_water_adsorption\Experimental water adsorption isotherms and Attenuated Total Reflectance-Fourier Transform Infrared (ATR-FTIR) analysis in Achira (Canna edulis K.) biscuits.zip,achira_water_adsorption,Water Adsorption Isotherms_Achira biscuits.xlsx,Sheet1,94,10e7902ed0a6b743ff13e9828638c43c,Water Adsorption Isotherms,2,25,0.2309,2.65
Experimental water adsorption isotherms and Attenuated Total Reflectance-Fourier Transform Infrared (ATR-FTIR) analysis in Achira (Canna edulis K.) biscuits.zip,raw_data\phase1_biscuit\achira_water_adsorption\Experimental water adsorption isotherms and Attenuated Total Reflectance-Fourier Transform Infrared (ATR-FTIR) analysis in Achira (Canna edulis K.) biscuits.zip,achira_water_adsorption,Water Adsorption Isotherms_Achira biscuits.xlsx,Sheet1,95,77d1ec14775eff1b44323a056c4653bb,Water Adsorption Isotherms,2,25,0.24,2.7
Experimental water adsorption isotherms and Attenuated Total Reflectance-Fourier Transform Infrared (ATR-FTIR) analysis in Achira (Canna edulis K.) biscuits.zip,raw_data\phase1_biscuit\achira_water_adsorption\Experimental water adsorption isotherms and Attenuated Total Reflectance-Fourier Transform Infrared (ATR-FTIR) analysis in Achira (Canna edulis K.) biscuits.zip,achira_water_adsorption,Water Adsorption Isotherms_Achira biscuits.xlsx,Sheet1,96,621bedb7e4afea52905cf5b0d43aeaf2,Water Adsorption Isotherms,2,25,0.2503,2.74
Experimental water adsorption isotherms and Attenuated Total Reflectance-Fourier Transform Infrared (ATR-FTIR) analysis in Achira (Canna edulis K.) biscuits.zip,raw_data\phase1_biscuit\achira_water_adsorption\Experimental water adsorption isotherms and Attenuated Total Reflectance-Fourier Transform Infrared (ATR-FTIR) analysis in Achira (Canna edulis K.) biscuits.zip,achira_water_adsorption,Water Adsorption Isotherms_Achira biscuits.xlsx,Sheet1,97,5cfe0933ba7e674b09125575aa22430c,Water Adsorption Isotherms,2,25,0.2591,2.77
Experimental water adsorption isotherms and Attenuated Total Reflectance-Fourier Transform Infrared (ATR-FTIR) analysis in Achira (Canna edulis K.) biscuits.zip,raw_data\phase1_biscuit\achira_water_adsorption\Experimental water adsorption isotherms and Attenuated Total Reflectance-Fourier Transform Infrared (ATR-FTIR) analysis in Achira (Canna edulis K.) biscuits.zip,achira_water_adsorption,Water Adsorption Isotherms_Achira biscuits.xlsx,Sheet1,98,7ed0204ae610fa7311ae2077fbc48de8,Water Adsorption Isotherms,2,25,0.2675,2.8200000000000003
Experimental water adsorption isotherms and Attenuated Total Reflectance-Fourier Transform Infrared (ATR-FTIR) analysis in Achira (Canna edulis K.) biscuits.zip,raw_data\phase1_biscuit\achira_water_adsorption\Experimental water adsorption isotherms and Attenuated Total Reflectance-Fourier Transform Infrared (ATR-FTIR) analysis in Achira (Canna edulis K.) biscuits.zip,achira_water_adsorption,Water Adsorption Isotherms_Achira biscuits.xlsx,Sheet1,99,c2b03915f1b21f0cc654b663f908803d,Water Adsorption Isotherms,2,25,0.2701,2.8600000000000003
Experimental water adsorption isotherms and Attenuated Total Reflectance-Fourier Transform Infrared (ATR-FTIR) analysis in Achira (Canna edulis K.) biscuits.zip,raw_data\phase1_biscuit\achira_water_adsorption\Experimental water adsorption isotherms and Attenuated Total Reflectance-Fourier Transform Infrared (ATR-FTIR) analysis in Achira (Canna edulis K.) biscuits.zip,achira_water_adsorption,Water Adsorption Isotherms_Achira biscuits.xlsx,Sheet1,100,ed6413e9a576d7ca83924c4dc23f0a8d,Water Adsorption Isotherms,2,25,0.2928,2.92
Experimental water adsorption isotherms and Attenuated Total Reflectance-Fourier Transform Infrared (ATR-FTIR) analysis in Achira (Canna edulis K.) biscuits.zip,raw_data\phase1_biscuit\achira_water_adsorption\Experimental water adsorption isotherms and Attenuated Total Reflectance-Fourier Transform Infrared (ATR-FTIR) analysis in Achira (Canna edulis K.) biscuits.zip,achira_water_adsorption,Water Adsorption Isotherms_Achira biscuits.xlsx,Sheet1,101,f1c0c6f1b83b26afce0b0d5050b7f1c9,Water Adsorption Isotherms,2,25,0.2938,2.96
Experimental water adsorption isotherms and Attenuated Total Reflectance-Fourier Transform Infrared (ATR-FTIR) analysis in Achira (Canna edulis K.) biscuits.zip,raw_data\phase1_biscuit\achira_water_adsorption\Experimental water adsorption isotherms and Attenuated Total Reflectance-Fourier Transform Infrared (ATR-FTIR) analysis in Achira (Canna edulis K.) biscuits.zip,achira_water_adsorption,Water Adsorption Isotherms_Achira biscuits.xlsx,Sheet1,102,7261dd005e5cc217ca410cdc56fb712b,Water Adsorption Isotherms,2,25,0.3015,3.02
Experimental water adsorption isotherms and Attenuated Total Reflectance-Fourier Transform Infrared (ATR-FTIR) analysis in Achira (Canna edulis K.) biscuits.zip,raw_data\phase1_biscuit\achira_water_adsorption\Experimental water adsorption isotherms and Attenuated Total Reflectance-Fourier Transform Infrared (ATR-FTIR) analysis in Achira (Canna edulis K.) biscuits.zip,achira_water_adsorption,Water Adsorption Isotherms_Achira biscuits.xlsx,Sheet1,103,5cc957abbce7a1e475c8d8b17e5c7b3e,Water Adsorption Isotherms,2,25,0.3098,3.0700000000000003
Experimental water adsorption isotherms and Attenuated Total Reflectance-Fourier Transform Infrared (ATR-FTIR) analysis in Achira (Canna edulis K.) biscuits.zip,raw_data\phase1_biscuit\achira_water_adsorption\Experimental water adsorption isotherms and Attenuated Total Reflectance-Fourier Transform Infrared (ATR-FTIR) analysis in Achira (Canna edulis K.) biscuits.zip,achira_water_adsorption,Water Adsorption Isotherms_Achira biscuits.xlsx,Sheet1,104,af23d7a0fcfd59702a7376531727b136,Water Adsorption Isotherms,2,25,0.3224,3.14
Experimental water adsorption isotherms and Attenuated Total Reflectance-Fourier Transform Infrared (ATR-FTIR) analysis in Achira (Canna edulis K.) biscuits.zip,raw_data\phase1_biscuit\achira_water_adsorption\Experimental water adsorption isotherms and Attenuated Total Reflectance-Fourier Transform Infrared (ATR-FTIR) analysis in Achira (Canna edulis K.) biscuits.zip,achira_water_adsorption,Water Adsorption Isotherms_Achira biscuits.xlsx,Sheet1,105,d7eb861cd39fa78610434460e7413efa,Water Adsorption Isotherms,2,25,0.335,3.19
Experimental water adsorption isotherms and Attenuated Total Reflectance-Fourier Transform Infrared (ATR-FTIR) analysis in Achira (Canna edulis K.) biscuits.zip,raw_data\phase1_biscuit\achira_water_adsorption\Experimental water adsorption isotherms and Attenuated Total Reflectance-Fourier Transform Infrared (ATR-FTIR) analysis in Achira (Canna edulis K.) biscuits.zip,achira_water_adsorption,Water Adsorption Isotherms_Achira biscuits.xlsx,Sheet1,106,6b88f32c9aba4882e847be6b5f8fb699,Water Adsorption Isotherms,2,25,0.3402,3.24
Experimental water adsorption isotherms and Attenuated Total Reflectance-Fourier Transform Infrared (ATR-FTIR) analysis in Achira (Canna edulis K.) biscuits.zip,raw_data\phase1_biscuit\achira_water_adsorption\Experimental water adsorption isotherms and Attenuated Total Reflectance-Fourier Transform Infrared (ATR-FTIR) analysis in Achira (Canna edulis K.) biscuits.zip,achira_water_adsorption,Water Adsorption Isotherms_Achira biscuits.xlsx,Sheet1,107,267eb221bf24d6eeaac72c75f98eb01a,Water Adsorption Isotherms,2,25,0.3517,3.3000000000000003
Experimental water adsorption isotherms and Attenuated Total Reflectance-Fourier Transform Infrared (ATR-FTIR) analysis in Achira (Canna edulis K.) biscuits.zip,raw_data\phase1_biscuit\achira_water_adsorption\Experimental water adsorption isotherms and Attenuated Total Reflectance-Fourier Transform Infrared (ATR-FTIR) analysis in Achira (Canna edulis K.) biscuits.zip,achira_water_adsorption,Water Adsorption Isotherms_Achira biscuits.xlsx,Sheet1,108,b20d7f45c9445512f0726ff2c41fea29,Water Adsorption Isotherms,2,25,0.3631,3.3600000000000003
Experimental water adsorption isotherms and Attenuated Total Reflectance-Fourier Transform Infrared (ATR-FTIR) analysis in Achira (Canna edulis K.) biscuits.zip,raw_data\phase1_biscuit\achira_water_adsorption\Experimental water adsorption isotherms and Attenuated Total Reflectance-Fourier Transform Infrared (ATR-FTIR) analysis in Achira (Canna edulis K.) biscuits.zip,achira_water_adsorption,Water Adsorption Isotherms_Achira biscuits.xlsx,Sheet1,109,98c7a12422f27a67d855df9eb80f48eb,Water Adsorption Isotherms,2,25,0.3669,3.41
Experimental water adsorption isotherms and Attenuated Total Reflectance-Fourier Transform Infrared (ATR-FTIR) analysis in Achira (Canna edulis K.) biscuits.zip,raw_data\phase1_biscuit\achira_water_adsorption\Experimental water adsorption isotherms and Attenuated Total Reflectance-Fourier Transform Infrared (ATR-FTIR) analysis in Achira (Canna edulis K.) biscuits.zip,achira_water_adsorption,Water Adsorption Isotherms_Achira biscuits.xlsx,Sheet1,110,8cf475f6d665e51033df64cc89287746,Water Adsorption Isotherms,2,25,0.3815,3.47
Experimental water adsorption isotherms and Attenuated Total Reflectance-Fourier Transform Infrared (ATR-FTIR) analysis in Achira (Canna edulis K.) biscuits.zip,raw_data\phase1_biscuit\achira_water_adsorption\Experimental water adsorption isotherms and Attenuated Total Reflectance-Fourier Transform Infrared (ATR-FTIR) analysis in Achira (Canna edulis K.) biscuits.zip,achira_water_adsorption,Water Adsorption Isotherms_Achira biscuits.xlsx,Sheet1,111,df6e83af93418d0588a8c68fd142a1b2,Water Adsorption Isotherms,2,25,0.3795,3.52
Experimental water adsorption isotherms and Attenuated Total Reflectance-Fourier Transform Infrared (ATR-FTIR) analysis in Achira (Canna edulis K.) biscuits.zip,raw_data\phase1_biscuit\achira_water_adsorption\Experimental water adsorption isotherms and Attenuated Total Reflectance-Fourier Transform Infrared (ATR-FTIR) analysis in Achira (Canna edulis K.) biscuits.zip,achira_water_adsorption,Water Adsorption Isotherms_Achira biscuits.xlsx,Sheet1,112,6be7c90065f54f3b5d8d1c752a2593c8,Water Adsorption Isotherms,2,25,0.3982,3.5900000000000003
Experimental water adsorption isotherms and Attenuated Total Reflectance-Fourier Transform Infrared (ATR-FTIR) analysis in Achira (Canna edulis K.) biscuits.zip,raw_data\phase1_biscuit\achira_water_adsorption\Experimental water adsorption isotherms and Attenuated Total Reflectance-Fourier Transform Infrared (ATR-FTIR) analysis in Achira (Canna edulis K.) biscuits.zip,achira_water_adsorption,Water Adsorption Isotherms_Achira biscuits.xlsx,Sheet1,113,3c86636ffa65f7660a0f3f6fbc1dfc67,Water Adsorption Isotherms,2,25,0.4061,3.73
Experimental water adsorption isotherms and Attenuated Total Reflectance-Fourier Transform Infrared (ATR-FTIR) analysis in Achira (Canna edulis K.) biscuits.zip,raw_data\phase1_biscuit\achira_water_adsorption\Experimental water adsorption isotherms and Attenuated Total Reflectance-Fourier Transform Infrared (ATR-FTIR) analysis in Achira (Canna edulis K.) biscuits.zip,achira_water_adsorption,Water Adsorption Isotherms_Achira biscuits.xlsx,Sheet1,114,381bdd14ade0f3913ab934504a35aac9,Water Adsorption Isotherms,2,25,0.4116,3.8000000000000003
Experimental water adsorption isotherms and Attenuated Total Reflectance-Fourier Transform Infrared (ATR-FTIR) analysis in Achira (Canna edulis K.) biscuits.zip,raw_data\phase1_biscuit\achira_water_adsorption\Experimental water adsorption isotherms and Attenuated Total Reflectance-Fourier Transform Infrared (ATR-FTIR) analysis in Achira (Canna edulis K.) biscuits.zip,achira_water_adsorption,Water Adsorption Isotherms_Achira biscuits.xlsx,Sheet1,115,3ec66eefb620c16ca7903e9a85c99b4d,Water Adsorption Isotherms,2,25,0.4221,3.85
Experimental water adsorption isotherms and Attenuated Total Reflectance-Fourier Transform Infrared (ATR-FTIR) analysis in Achira (Canna edulis K.) biscuits.zip,raw_data\phase1_biscuit\achira_water_adsorption\Experimental water adsorption isotherms and Attenuated Total Reflectance-Fourier Transform Infrared (ATR-FTIR) analysis in Achira (Canna edulis K.) biscuits.zip,achira_water_adsorption,Water Adsorption Isotherms_Achira biscuits.xlsx,Sheet1,116,3502be95dfb6cf3f9d1b0905cfe92b23,Water Adsorption Isotherms,2,25,0.4227,3.9200000000000004
Experimental water adsorption isotherms and Attenuated Total Reflectance-Fourier Transform Infrared (ATR-FTIR) analysis in Achira (Canna edulis K.) biscuits.zip,raw_data\phase1_biscuit\achira_water_adsorption\Experimental water adsorption isotherms and Attenuated Total Reflectance-Fourier Transform Infrared (ATR-FTIR) analysis in Achira (Canna edulis K.) biscuits.zip,achira_water_adsorption,Water Adsorption Isotherms_Achira biscuits.xlsx,Sheet1,117,6e47708acddbb0172d3af0b3e96d071e,Water Adsorption Isotherms,2,25,0.442,4.0
Experimental water adsorption isotherms and Attenuated Total Reflectance-Fourier Transform Infrared (ATR-FTIR) analysis in Achira (Canna edulis K.) biscuits.zip,raw_data\phase1_biscuit\achira_water_adsorption\Experimental water adsorption isotherms and Attenuated Total Reflectance-Fourier Transform Infrared (ATR-FTIR) analysis in Achira (Canna edulis K.) biscuits.zip,achira_water_adsorption,Water Adsorption Isotherms_Achira biscuits.xlsx,Sheet1,118,2f72d0728c9286f77da4801b6927658e,Water Adsorption Isotherms,2,25,0.4501,4.08
Experimental water adsorption isotherms and Attenuated Total Reflectance-Fourier Transform Infrared (ATR-FTIR) analysis in Achira (Canna edulis K.) biscuits.zip,raw_data\phase1_biscuit\achira_water_adsorption\Experimental water adsorption isotherms and Attenuated Total Reflectance-Fourier Transform Infrared (ATR-FTIR) analysis in Achira (Canna edulis K.) biscuits.zip,achira_water_adsorption,Water Adsorption Isotherms_Achira biscuits.xlsx,Sheet1,119,a59de48a1134f289599ec66361ccfcff,Water Adsorption Isotherms,2,25,0.4559,4.14
Experimental water adsorption isotherms and Attenuated Total Reflectance-Fourier Transform Infrared (ATR-FTIR) analysis in Achira (Canna edulis K.) biscuits.zip,raw_data\phase1_biscuit\achira_water_adsorption\Experimental water adsorption isotherms and Attenuated Total Reflectance-Fourier Transform Infrared (ATR-FTIR) analysis in Achira (Canna edulis K.) biscuits.zip,achira_water_adsorption,Water Adsorption Isotherms_Achira biscuits.xlsx,Sheet1,120,61f7e44b3ee4fc6da3e8065b85702c0e,Water Adsorption Isotherms,2,25,0.4694,4.22
Experimental water adsorption isotherms and Attenuated Total Reflectance-Fourier Transform Infrared (ATR-FTIR) analysis in Achira (Canna edulis K.) biscuits.zip,raw_data\phase1_biscuit\achira_water_adsorption\Experimental water adsorption isotherms and Attenuated Total Reflectance-Fourier Transform Infrared (ATR-FTIR) analysis in Achira (Canna edulis K.) biscuits.zip,achira_water_adsorption,Water Adsorption Isotherms_Achira biscuits.xlsx,Sheet1,121,072424f2bc711b04ae0d7c370f840994,Water Adsorption Isotherms,2,25,0.4745,4.29
Experimental water adsorption isotherms and Attenuated Total Reflectance-Fourier Transform Infrared (ATR-FTIR) analysis in Achira (Canna edulis K.) biscuits.zip,raw_data\phase1_biscuit\achira_water_adsorption\Experimental water adsorption isotherms and Attenuated Total Reflectance-Fourier Transform Infrared (ATR-FTIR) analysis in Achira (Canna edulis K.) biscuits.zip,achira_water_adsorption,Water Adsorption Isotherms_Achira biscuits.xlsx,Sheet1,122,6052f365cb3836e67014a9c57929ecd3,Water Adsorption Isotherms,2,25,0.4893,4.37
Experimental water adsorption isotherms and Attenuated Total Reflectance-Fourier Transform Infrared (ATR-FTIR) analysis in Achira (Canna edulis K.) biscuits.zip,raw_data\phase1_biscuit\achira_water_adsorption\Experimental water adsorption isotherms and Attenuated Total Reflectance-Fourier Transform Infrared (ATR-FTIR) analysis in Achira (Canna edulis K.) biscuits.zip,achira_water_adsorption,Water Adsorption Isotherms_Achira biscuits.xlsx,Sheet1,123,eb0f1e4c26be5dba7f98a9663dfce814,Water Adsorption Isotherms,2,25,0.4956,4.45
Experimental water adsorption isotherms and Attenuated Total Reflectance-Fourier Transform Infrared (ATR-FTIR) analysis in Achira (Canna edulis K.) biscuits.zip,raw_data\phase1_biscuit\achira_water_adsorption\Experimental water adsorption isotherms and Attenuated Total Reflectance-Fourier Transform Infrared (ATR-FTIR) analysis in Achira (Canna edulis K.) biscuits.zip,achira_water_adsorption,Water Adsorption Isotherms_Achira biscuits.xlsx,Sheet1,124,259d5920f6661b882131eec35b330b2d,Water Adsorption Isotherms,2,25,0.5088,4.53
Experimental water adsorption isotherms and Attenuated Total Reflectance-Fourier Transform Infrared (ATR-FTIR) analysis in Achira (Canna edulis K.) biscuits.zip,raw_data\phase1_biscuit\achira_water_adsorption\Experimental water adsorption isotherms and Attenuated Total Reflectance-Fourier Transform Infrared (ATR-FTIR) analysis in Achira (Canna edulis K.) biscuits.zip,achira_water_adsorption,Water Adsorption Isotherms_Achira biscuits.xlsx,Sheet1,125,dd4cd2617efad4ca2bdecf25f2018f9a,Water Adsorption Isotherms,2,25,0.5139,4.6000000000000005
Experimental water adsorption isotherms and Attenuated Total Reflectance-Fourier Transform Infrared (ATR-FTIR) analysis in Achira (Canna edulis K.) biscuits.zip,raw_data\phase1_biscuit\achira_water_adsorption\Experimental water adsorption isotherms and Attenuated Total Reflectance-Fourier Transform Infrared (ATR-FTIR) analysis in Achira (Canna edulis K.) biscuits.zip,achira_water_adsorption,Water Adsorption Isotherms_Achira biscuits.xlsx,Sheet1,126,40321bc7127b5191f13788ec8aeea467,Water Adsorption Isotherms,2,25,0.5276,4.69
Experimental water adsorption isotherms and Attenuated Total Reflectance-Fourier Transform Infrared (ATR-FTIR) analysis in Achira (Canna edulis K.) biscuits.zip,raw_data\phase1_biscuit\achira_water_adsorption\Experimental water adsorption isotherms and Attenuated Total Reflectance-Fourier Transform Infrared (ATR-FTIR) analysis in Achira (Canna edulis K.) biscuits.zip,achira_water_adsorption,Water Adsorption Isotherms_Achira biscuits.xlsx,Sheet1,127,5eb6348c4006461c8fe1f2c1f7ca9a61,Water Adsorption Isotherms,2,25,0.5336,4.7700000000000005
Experimental water adsorption isotherms and Attenuated Total Reflectance-Fourier Transform Infrared (ATR-FTIR) analysis in Achira (Canna edulis K.) biscuits.zip,raw_data\phase1_biscuit\achira_water_adsorption\Experimental water adsorption isotherms and Attenuated Total Reflectance-Fourier Transform Infrared (ATR-FTIR) analysis in Achira (Canna edulis K.) biscuits.zip,achira_water_adsorption,Water Adsorption Isotherms_Achira biscuits.xlsx,Sheet1,128,77482d254e1be902623677ededa3260a,Water Adsorption Isotherms,2,25,0.5426,4.8500000000000005
Experimental water adsorption isotherms and Attenuated Total Reflectance-Fourier Transform Infrared (ATR-FTIR) analysis in Achira (Canna edulis K.) biscuits.zip,raw_data\phase1_biscuit\achira_water_adsorption\Experimental water adsorption isotherms and Attenuated Total Reflectance-Fourier Transform Infrared (ATR-FTIR) analysis in Achira (Canna edulis K.) biscuits.zip,achira_water_adsorption,Water Adsorption Isotherms_Achira biscuits.xlsx,Sheet1,129,1e7d2ad5aa3983ad405b5fab907bd344,Water Adsorption Isotherms,2,25,0.5561,4.930000000000001
Experimental water adsorption isotherms and Attenuated Total Reflectance-Fourier Transform Infrared (ATR-FTIR) analysis in Achira (Canna edulis K.) biscuits.zip,raw_data\phase1_biscuit\achira_water_adsorption\Experimental water adsorption isotherms and Attenuated Total Reflectance-Fourier Transform Infrared (ATR-FTIR) analysis in Achira (Canna edulis K.) biscuits.zip,achira_water_adsorption,Water Adsorption Isotherms_Achira biscuits.xlsx,Sheet1,130,27f1ca5635a2c35cc34def92eb9e57d7,Water Adsorption Isotherms,2,25,0.5628,5.01
Experimental water adsorption isotherms and Attenuated Total Reflectance-Fourier Transform Infrared (ATR-FTIR) analysis in Achira (Canna edulis K.) biscuits.zip,raw_data\phase1_biscuit\achira_water_adsorption\Experimental water adsorption isotherms and Attenuated Total Reflectance-Fourier Transform Infrared (ATR-FTIR) analysis in Achira (Canna edulis K.) biscuits.zip,achira_water_adsorption,Water Adsorption Isotherms_Achira biscuits.xlsx,Sheet1,131,16ed479d248ff1672d12ca28c1719dc2,Water Adsorption Isotherms,2,25,0.5687,5.09
Experimental water adsorption isotherms and Attenuated Total Reflectance-Fourier Transform Infrared (ATR-FTIR) analysis in Achira (Canna edulis K.) biscuits.zip,raw_data\phase1_biscuit\achira_water_adsorption\Experimental water adsorption isotherms and Attenuated Total Reflectance-Fourier Transform Infrared (ATR-FTIR) analysis in Achira (Canna edulis K.) biscuits.zip,achira_water_adsorption,Water Adsorption Isotherms_Achira biscuits.xlsx,Sheet1,132,68f627a0dad5880812c16d41e82e90bc,Water Adsorption Isotherms,2,25,0.5833,5.2
Experimental water adsorption isotherms and Attenuated Total Reflectance-Fourier Transform Infrared (ATR-FTIR) analysis in Achira (Canna edulis K.) biscuits.zip,raw_data\phase1_biscuit\achira_water_adsorption\Experimental water adsorption isotherms and Attenuated Total Reflectance-Fourier Transform Infrared (ATR-FTIR) analysis in Achira (Canna edulis K.) biscuits.zip,achira_water_adsorption,Water Adsorption Isotherms_Achira biscuits.xlsx,Sheet1,133,e23365fa37d70cd68db7e87a20276e0e,Water Adsorption Isotherms,2,25,0.5907,5.28
Experimental water adsorption isotherms and Attenuated Total Reflectance-Fourier Transform Infrared (ATR-FTIR) analysis in Achira (Canna edulis K.) biscuits.zip,raw_data\phase1_biscuit\achira_water_adsorption\Experimental water adsorption isotherms and Attenuated Total Reflectance-Fourier Transform Infrared (ATR-FTIR) analysis in Achira (Canna edulis K.) biscuits.zip,achira_water_adsorption,Water Adsorption Isotherms_Achira biscuits.xlsx,Sheet1,134,d226facce20965a0ac3494da19349400,Water Adsorption Isotherms,2,25,0.5986,5.38
Experimental water adsorption isotherms and Attenuated Total Reflectance-Fourier Transform Infrared (ATR-FTIR) analysis in Achira (Canna edulis K.) biscuits.zip,raw_data\phase1_biscuit\achira_water_adsorption\Experimental water adsorption isotherms and Attenuated Total Reflectance-Fourier Transform Infrared (ATR-FTIR) analysis in Achira (Canna edulis K.) biscuits.zip,achira_water_adsorption,Water Adsorption Isotherms_Achira biscuits.xlsx,Sheet1,135,38d980bfd17b6531cbc837a5b845c14d,Water Adsorption Isotherms,2,25,0.6125,5.47
Experimental water adsorption isotherms and Attenuated Total Reflectance-Fourier Transform Infrared (ATR-FTIR) analysis in Achira (Canna edulis K.) biscuits.zip,raw_data\phase1_biscuit\achira_water_adsorption\Experimental water adsorption isotherms and Attenuated Total Reflectance-Fourier Transform Infrared (ATR-FTIR) analysis in Achira (Canna edulis K.) biscuits.zip,achira_water_adsorption,Water Adsorption Isotherms_Achira biscuits.xlsx,Sheet1,136,570f226fb81a4dd6a1826cf529259442,Water Adsorption Isotherms,2,25,0.6185,5.57
Experimental water adsorption isotherms and Attenuated Total Reflectance-Fourier Transform Infrared (ATR-FTIR) analysis in Achira (Canna edulis K.) biscuits.zip,raw_data\phase1_biscuit\achira_water_adsorption\Experimental water adsorption isotherms and Attenuated Total Reflectance-Fourier Transform Infrared (ATR-FTIR) analysis in Achira (Canna edulis K.) biscuits.zip,achira_water_adsorption,Water Adsorption Isotherms_Achira biscuits.xlsx,Sheet1,137,6c56b85a0f8e2d8a5d47d4514c7237dc,Water Adsorption Isotherms,2,25,0.6255,5.66
Experimental water adsorption isotherms and Attenuated Total Reflectance-Fourier Transform Infrared (ATR-FTIR) analysis in Achira (Canna edulis K.) biscuits.zip,raw_data\phase1_biscuit\achira_water_adsorption\Experimental water adsorption isotherms and Attenuated Total Reflectance-Fourier Transform Infrared (ATR-FTIR) analysis in Achira (Canna edulis K.) biscuits.zip,achira_water_adsorption,Water Adsorption Isotherms_Achira biscuits.xlsx,Sheet1,138,e18304d3e260d0f737cdcd976c9dffea,Water Adsorption Isotherms,2,25,0.6348,5.76
Experimental water adsorption isotherms and Attenuated Total Reflectance-Fourier Transform Infrared (ATR-FTIR) analysis in Achira (Canna edulis K.) biscuits.zip,raw_data\phase1_biscuit\achira_water_adsorption\Experimental water adsorption isotherms and Attenuated Total Reflectance-Fourier Transform Infrared (ATR-FTIR) analysis in Achira (Canna edulis K.) biscuits.zip,achira_water_adsorption,Water Adsorption Isotherms_Achira biscuits.xlsx,Sheet1,139,c7ef3af07803b58d8ac72f375aed1576,Water Adsorption Isotherms,2,25,0.6511,6.08
Experimental water adsorption isotherms and Attenuated Total Reflectance-Fourier Transform Infrared (ATR-FTIR) analysis in Achira (Canna edulis K.) biscuits.zip,raw_data\phase1_biscuit\achira_water_adsorption\Experimental water adsorption isotherms and Attenuated Total Reflectance-Fourier Transform Infrared (ATR-FTIR) analysis in Achira (Canna edulis K.) biscuits.zip,achira_water_adsorption,Water Adsorption Isotherms_Achira biscuits.xlsx,Sheet1,140,29ed95ccedd9e35a8f1122ad286fc1e7,Water Adsorption Isotherms,2,25,0.6563,6.180000000000001
Experimental water adsorption isotherms and Attenuated Total Reflectance-Fourier Transform Infrared (ATR-FTIR) analysis in Achira (Canna edulis K.) biscuits.zip,raw_data\phase1_biscuit\achira_water_adsorption\Experimental water adsorption isotherms and Attenuated Total Reflectance-Fourier Transform Infrared (ATR-FTIR) analysis in Achira (Canna edulis K.) biscuits.zip,achira_water_adsorption,Water Adsorption Isotherms_Achira biscuits.xlsx,Sheet1,141,bd3e40bfe70ba2e47d97bf9eb62d5792,Water Adsorption Isotherms,2,25,0.6686,6.28
Experimental water adsorption isotherms and Attenuated Total Reflectance-Fourier Transform Infrared (ATR-FTIR) analysis in Achira (Canna edulis K.) biscuits.zip,raw_data\phase1_biscuit\achira_water_adsorption\Experimental water adsorption isotherms and Attenuated Total Reflectance-Fourier Transform Infrared (ATR-FTIR) analysis in Achira (Canna edulis K.) biscuits.zip,achira_water_adsorption,Water Adsorption Isotherms_Achira biscuits.xlsx,Sheet1,142,59627afc91ead2fd1276e156cbe29db4,Water Adsorption Isotherms,2,25,0.6754,6.390000000000001
Experimental water adsorption isotherms and Attenuated Total Reflectance-Fourier Transform Infrared (ATR-FTIR) analysis in Achira (Canna edulis K.) biscuits.zip,raw_data\phase1_biscuit\achira_water_adsorption\Experimental water adsorption isotherms and Attenuated Total Reflectance-Fourier Transform Infrared (ATR-FTIR) analysis in Achira (Canna edulis K.) biscuits.zip,achira_water_adsorption,Water Adsorption Isotherms_Achira biscuits.xlsx,Sheet1,143,f3f9edd5e32309364d01297d930ce7ba,Water Adsorption Isotherms,2,25,0.6815,6.49
Experimental water adsorption isotherms and Attenuated Total Reflectance-Fourier Transform Infrared (ATR-FTIR) analysis in Achira (Canna edulis K.) biscuits.zip,raw_data\phase1_biscuit\achira_water_adsorption\Experimental water adsorption isotherms and Attenuated Total Reflectance-Fourier Transform Infrared (ATR-FTIR) analysis in Achira (Canna edulis K.) biscuits.zip,achira_water_adsorption,Water Adsorption Isotherms_Achira biscuits.xlsx,Sheet1,144,9ddc33c0b8d3d96cc91af8f203dfb36b,Water Adsorption Isotherms,2,25,0.6919,6.61
Experimental water adsorption isotherms and Attenuated Total Reflectance-Fourier Transform Infrared (ATR-FTIR) analysis in Achira (Canna edulis K.) biscuits.zip,raw_data\phase1_biscuit\achira_water_adsorption\Experimental water adsorption isotherms and Attenuated Total Reflectance-Fourier Transform Infrared (ATR-FTIR) analysis in Achira (Canna edulis K.) biscuits.zip,achira_water_adsorption,Water Adsorption Isotherms_Achira biscuits.xlsx,Sheet1,145,98b9bd4444e135a744830b3f0b7a7fd7,Water Adsorption Isotherms,2,25,0.7009,6.9399999999999995
Experimental water adsorption isotherms and Attenuated Total Reflectance-Fourier Transform Infrared (ATR-FTIR) analysis in Achira (Canna edulis K.) biscuits.zip,raw_data\phase1_biscuit\achira_water_adsorption\Experimental water adsorption isotherms and Attenuated Total Reflectance-Fourier Transform Infrared (ATR-FTIR) analysis in Achira (Canna edulis K.) biscuits.zip,achira_water_adsorption,Water Adsorption Isotherms_Achira biscuits.xlsx,Sheet1,146,eb31beb3982905ea93f93f66317363c0,Water Adsorption Isotherms,2,25,0.704,7.16
Experimental water adsorption isotherms and Attenuated Total Reflectance-Fourier Transform Infrared (ATR-FTIR) analysis in Achira (Canna edulis K.) biscuits.zip,raw_data\phase1_biscuit\achira_water_adsorption\Experimental water adsorption isotherms and Attenuated Total Reflectance-Fourier Transform Infrared (ATR-FTIR) analysis in Achira (Canna edulis K.) biscuits.zip,achira_water_adsorption,Water Adsorption Isotherms_Achira biscuits.xlsx,Sheet1,147,a9865cd151276f7ff00f0557848e1d4c,Water Adsorption Isotherms,2,25,0.7095,7.3100000000000005
Experimental water adsorption isotherms and Attenuated Total Reflectance-Fourier Transform Infrared (ATR-FTIR) analysis in Achira (Canna edulis K.) biscuits.zip,raw_data\phase1_biscuit\achira_water_adsorption\Experimental water adsorption isotherms and Attenuated Total Reflectance-Fourier Transform Infrared (ATR-FTIR) analysis in Achira (Canna edulis K.) biscuits.zip,achira_water_adsorption,Water Adsorption Isotherms_Achira biscuits.xlsx,Sheet1,148,70aabe01cf10abdfda2b793e5d32be65,Water Adsorption Isotherms,2,25,0.7283,7.51
Experimental water adsorption isotherms and Attenuated Total Reflectance-Fourier Transform Infrared (ATR-FTIR) analysis in Achira (Canna edulis K.) biscuits.zip,raw_data\phase1_biscuit\achira_water_adsorption\Experimental water adsorption isotherms and Attenuated Total Reflectance-Fourier Transform Infrared (ATR-FTIR) analysis in Achira (Canna edulis K.) biscuits.zip,achira_water_adsorption,Water Adsorption Isotherms_Achira biscuits.xlsx,Sheet1,149,321aee516dce3a2620facf9585fdf216,Water Adsorption Isotherms,2,25,0.7355,7.67
Experimental water adsorption isotherms and Attenuated Total Reflectance-Fourier Transform Infrared (ATR-FTIR) analysis in Achira (Canna edulis K.) biscuits.zip,raw_data\phase1_biscuit\achira_water_adsorption\Experimental water adsorption isotherms and Attenuated Total Reflectance-Fourier Transform Infrared (ATR-FTIR) analysis in Achira (Canna edulis K.) biscuits.zip,achira_water_adsorption,Water Adsorption Isotherms_Achira biscuits.xlsx,Sheet1,150,b847c830ba28cb9364ffcee75b079edf,Water Adsorption Isotherms,2,25,0.7412,7.83
Experimental water adsorption isotherms and Attenuated Total Reflectance-Fourier Transform Infrared (ATR-FTIR) analysis in Achira (Canna edulis K.) biscuits.zip,raw_data\phase1_biscuit\achira_water_adsorption\Experimental water adsorption isotherms and Attenuated Total Reflectance-Fourier Transform Infrared (ATR-FTIR) analysis in Achira (Canna edulis K.) biscuits.zip,achira_water_adsorption,Water Adsorption Isotherms_Achira biscuits.xlsx,Sheet1,151,5be16ddc24a5454a1a67cb36164d007d,Water Adsorption Isotherms,2,25,0.7472,8.0
Experimental water adsorption isotherms and Attenuated Total Reflectance-Fourier Transform Infrared (ATR-FTIR) analysis in Achira (Canna edulis K.) biscuits.zip,raw_data\phase1_biscuit\achira_water_adsorption\Experimental water adsorption isotherms and Attenuated Total Reflectance-Fourier Transform Infrared (ATR-FTIR) analysis in Achira (Canna edulis K.) biscuits.zip,achira_water_adsorption,Water Adsorption Isotherms_Achira biscuits.xlsx,Sheet1,152,3c4c5fcf610ede3231cdfda0bc00b7ff,Water Adsorption Isotherms,2,25,0.7502,8.16
Experimental water adsorption isotherms and Attenuated Total Reflectance-Fourier Transform Infrared (ATR-FTIR) analysis in Achira (Canna edulis K.) biscuits.zip,raw_data\phase1_biscuit\achira_water_adsorption\Experimental water adsorption isotherms and Attenuated Total Reflectance-Fourier Transform Infrared (ATR-FTIR) analysis in Achira (Canna edulis K.) biscuits.zip,achira_water_adsorption,Water Adsorption Isotherms_Achira biscuits.xlsx,Sheet1,153,7ac23ad4ee6b059a2d2102c844a840e1,Water Adsorption Isotherms,2,25,0.7608,8.51
Experimental water adsorption isotherms and Attenuated Total Reflectance-Fourier Transform Infrared (ATR-FTIR) analysis in Achira (Canna edulis K.) biscuits.zip,raw_data\phase1_biscuit\achira_water_adsorption\Experimental water adsorption isotherms and Attenuated Total Reflectance-Fourier Transform Infrared (ATR-FTIR) analysis in Achira (Canna edulis K.) biscuits.zip,achira_water_adsorption,Water Adsorption Isotherms_Achira biscuits.xlsx,Sheet1,154,214515ec849e79a6d7413e3d68d7513e,Water Adsorption Isotherms,2,25,0.793,8.93
Experimental water adsorption isotherms and Attenuated Total Reflectance-Fourier Transform Infrared (ATR-FTIR) analysis in Achira (Canna edulis K.) biscuits.zip,raw_data\phase1_biscuit\achira_water_adsorption\Experimental water adsorption isotherms and Attenuated Total Reflectance-Fourier Transform Infrared (ATR-FTIR) analysis in Achira (Canna edulis K.) biscuits.zip,achira_water_adsorption,Water Adsorption Isotherms_Achira biscuits.xlsx,Sheet1,155,66166b3511d4435c420d11ba5360127f,Water Adsorption Isotherms,2,25,0.8047,9.229999999999999
Experimental water adsorption isotherms and Attenuated Total Reflectance-Fourier Transform Infrared (ATR-FTIR) analysis in Achira (Canna edulis K.) biscuits.zip,raw_data\phase1_biscuit\achira_water_adsorption\Experimental water adsorption isotherms and Attenuated Total Reflectance-Fourier Transform Infrared (ATR-FTIR) analysis in Achira (Canna edulis K.) biscuits.zip,achira_water_adsorption,Water Adsorption Isotherms_Achira biscuits.xlsx,Sheet1,156,47942de64dc0c3e500d12c2f65ac483b,Water Adsorption Isotherms,3,25,0.0989,2.12
Experimental water adsorption isotherms and Attenuated Total Reflectance-Fourier Transform Infrared (ATR-FTIR) analysis in Achira (Canna edulis K.) biscuits.zip,raw_data\phase1_biscuit\achira_water_adsorption\Experimental water adsorption isotherms and Attenuated Total Reflectance-Fourier Transform Infrared (ATR-FTIR) analysis in Achira (Canna edulis K.) biscuits.zip,achira_water_adsorption,Water Adsorption Isotherms_Achira biscuits.xlsx,Sheet1,157,45b157ebfce7d0f343ff1f54851d233d,Water Adsorption Isotherms,3,25,0.1156,2.08
Experimental water adsorption isotherms and Attenuated Total Reflectance-Fourier Transform Infrared (ATR-FTIR) analysis in Achira (Canna edulis K.) biscuits.zip,raw_data\phase1_biscuit\achira_water_adsorption\Experimental water adsorption isotherms and Attenuated Total Reflectance-Fourier Transform Infrared (ATR-FTIR) analysis in Achira (Canna edulis K.) biscuits.zip,achira_water_adsorption,Water Adsorption Isotherms_Achira biscuits.xlsx,Sheet1,158,4430820dea9d50341c4714b84adb9283,Water Adsorption Isotherms,3,25,0.1322,2.07
Experimental water adsorption isotherms and Attenuated Total Reflectance-Fourier Transform Infrared (ATR-FTIR) analysis in Achira (Canna edulis K.) biscuits.zip,raw_data\phase1_biscuit\achira_water_adsorption\Experimental water adsorption isotherms and Attenuated Total Reflectance-Fourier Transform Infrared (ATR-FTIR) analysis in Achira (Canna edulis K.) biscuits.zip,achira_water_adsorption,Water Adsorption Isotherms_Achira biscuits.xlsx,Sheet1,159,edd5f9e92f8a0c80537beb5c6e2ba895,Water Adsorption Isotherms,3,25,0.1389,2.08
Experimental water adsorption isotherms and Attenuated Total Reflectance-Fourier Transform Infrared (ATR-FTIR) analysis in Achira (Canna edulis K.) biscuits.zip,raw_data\phase1_biscuit\achira_water_adsorption\Experimental water adsorption isotherms and Attenuated Total Reflectance-Fourier Transform Infrared (ATR-FTIR) analysis in Achira (Canna edulis K.) biscuits.zip,achira_water_adsorption,Water Adsorption Isotherms_Achira biscuits.xlsx,Sheet1,160,4abb4edae08ac36e9793f49ae51c5380,Water Adsorption Isotherms,3,25,0.1472,2.11
Experimental water adsorption isotherms and Attenuated Total Reflectance-Fourier Transform Infrared (ATR-FTIR) analysis in Achira (Canna edulis K.) biscuits.zip,raw_data\phase1_biscuit\achira_water_adsorption\Experimental water adsorption isotherms and Attenuated Total Reflectance-Fourier Transform Infrared (ATR-FTIR) analysis in Achira (Canna edulis K.) biscuits.zip,achira_water_adsorption,Water Adsorption Isotherms_Achira biscuits.xlsx,Sheet1,161,7b873e389bb5bbc4e0720e0303f54edc,Water Adsorption Isotherms,3,25,0.1489,2.17
Experimental water adsorption isotherms and Attenuated Total Reflectance-Fourier Transform Infrared (ATR-FTIR) analysis in Achira (Canna edulis K.) biscuits.zip,raw_data\phase1_biscuit\achira_water_adsorption\Experimental water adsorption isotherms and Attenuated Total Reflectance-Fourier Transform Infrared (ATR-FTIR) analysis in Achira (Canna edulis K.) biscuits.zip,achira_water_adsorption,Water Adsorption Isotherms_Achira biscuits.xlsx,Sheet1,162,f0273b801052d4944f2a4b291a5de7e1,Water Adsorption Isotherms,3,25,0.1571,2.22
Experimental water adsorption isotherms and Attenuated Total Reflectance-Fourier Transform Infrared (ATR-FTIR) analysis in Achira (Canna edulis K.) biscuits.zip,raw_data\phase1_biscuit\achira_water_adsorption\Experimental water adsorption isotherms and Attenuated Total Reflectance-Fourier Transform Infrared (ATR-FTIR) analysis in Achira (Canna edulis K.) biscuits.zip,achira_water_adsorption,Water Adsorption Isotherms_Achira biscuits.xlsx,Sheet1,163,a1c0ec2c5d348bcc0d4afef81df86b95,Water Adsorption Isotherms,3,25,0.1608,2.17
Experimental water adsorption isotherms and Attenuated Total Reflectance-Fourier Transform Infrared (ATR-FTIR) analysis in Achira (Canna edulis K.) biscuits.zip,raw_data\phase1_biscuit\achira_water_adsorption\Experimental water adsorption isotherms and Attenuated Total Reflectance-Fourier Transform Infrared (ATR-FTIR) analysis in Achira (Canna edulis K.) biscuits.zip,achira_water_adsorption,Water Adsorption Isotherms_Achira biscuits.xlsx,Sheet1,164,2b684f42039074192addf0124c3318aa,Water Adsorption Isotherms,3,25,0.1737,2.2
Experimental water adsorption isotherms and Attenuated Total Reflectance-Fourier Transform Infrared (ATR-FTIR) analysis in Achira (Canna edulis K.) biscuits.zip,raw_data\phase1_biscuit\achira_water_adsorption\Experimental water adsorption isotherms and Attenuated Total Reflectance-Fourier Transform Infrared (ATR-FTIR) analysis in Achira (Canna edulis K.) biscuits.zip,achira_water_adsorption,Water Adsorption Isotherms_Achira biscuits.xlsx,Sheet1,165,a1cbe524f2e682201fee649a95adae58,Water Adsorption Isotherms,3,25,0.1788,2.23
Experimental water adsorption isotherms and Attenuated Total Reflectance-Fourier Transform Infrared (ATR-FTIR) analysis in Achira (Canna edulis K.) biscuits.zip,raw_data\phase1_biscuit\achira_water_adsorption\Experimental water adsorption isotherms and Attenuated Total Reflectance-Fourier Transform Infrared (ATR-FTIR) analysis in Achira (Canna edulis K.) biscuits.zip,achira_water_adsorption,Water Adsorption Isotherms_Achira biscuits.xlsx,Sheet1,166,d585bc85175293a821d694d58b7f4135,Water Adsorption Isotherms,3,25,0.1914,2.26
Experimental water adsorption isotherms and Attenuated Total Reflectance-Fourier Transform Infrared (ATR-FTIR) analysis in Achira (Canna edulis K.) biscuits.zip,raw_data\phase1_biscuit\achira_water_adsorption\Experimental water adsorption isotherms and Attenuated Total Reflectance-Fourier Transform Infrared (ATR-FTIR) analysis in Achira (Canna edulis K.) biscuits.zip,achira_water_adsorption,Water Adsorption Isotherms_Achira biscuits.xlsx,Sheet1,167,f792a9e4645541fc55b80cb30f5322f1,Water Adsorption Isotherms,3,25,0.2003,2.29
Experimental water adsorption isotherms and Attenuated Total Reflectance-Fourier Transform Infrared (ATR-FTIR) analysis in Achira (Canna edulis K.) biscuits.zip,raw_data\phase1_biscuit\achira_water_adsorption\Experimental water adsorption isotherms and Attenuated Total Reflectance-Fourier Transform Infrared (ATR-FTIR) analysis in Achira (Canna edulis K.) biscuits.zip,achira_water_adsorption,Water Adsorption Isotherms_Achira biscuits.xlsx,Sheet1,168,653dc70fe54424f80d49eb4f8a35e005,Water Adsorption Isotherms,3,25,0.2088,2.35
Experimental water adsorption isotherms and Attenuated Total Reflectance-Fourier Transform Infrared (ATR-FTIR) analysis in Achira (Canna edulis K.) biscuits.zip,raw_data\phase1_biscuit\achira_water_adsorption\Experimental water adsorption isotherms and Attenuated Total Reflectance-Fourier Transform Infrared (ATR-FTIR) analysis in Achira (Canna edulis K.) biscuits.zip,achira_water_adsorption,Water Adsorption Isotherms_Achira biscuits.xlsx,Sheet1,169,4c4eea6022d8e264adb468cc478d7148,Water Adsorption Isotherms,3,25,0.2118,2.4
Experimental water adsorption isotherms and Attenuated Total Reflectance-Fourier Transform Infrared (ATR-FTIR) analysis in Achira (Canna edulis K.) biscuits.zip,raw_data\phase1_biscuit\achira_water_adsorption\Experimental water adsorption isotherms and Attenuated Total Reflectance-Fourier Transform Infrared (ATR-FTIR) analysis in Achira (Canna edulis K.) biscuits.zip,achira_water_adsorption,Water Adsorption Isotherms_Achira biscuits.xlsx,Sheet1,170,6559d6a7159dcb9f84323dfc24cce5e7,Water Adsorption Isotherms,3,25,0.2285,2.46
Experimental water adsorption isotherms and Attenuated Total Reflectance-Fourier Transform Infrared (ATR-FTIR) analysis in Achira (Canna edulis K.) biscuits.zip,raw_data\phase1_biscuit\achira_water_adsorption\Experimental water adsorption isotherms and Attenuated Total Reflectance-Fourier Transform Infrared (ATR-FTIR) analysis in Achira (Canna edulis K.) biscuits.zip,achira_water_adsorption,Water Adsorption Isotherms_Achira biscuits.xlsx,Sheet1,171,467ebe6b2dcda31bd0e65f9b9a688a6a,Water Adsorption Isotherms,3,25,0.2322,2.5
Experimental water adsorption isotherms and Attenuated Total Reflectance-Fourier Transform Infrared (ATR-FTIR) analysis in Achira (Canna edulis K.) biscuits.zip,raw_data\phase1_biscuit\achira_water_adsorption\Experimental water adsorption isotherms and Attenuated Total Reflectance-Fourier Transform Infrared (ATR-FTIR) analysis in Achira (Canna edulis K.) biscuits.zip,achira_water_adsorption,Water Adsorption Isotherms_Achira biscuits.xlsx,Sheet1,172,110fc490f2e8f6ee286ac837b66c9a37,Water Adsorption Isotherms,3,25,0.2489,2.55
Experimental water adsorption isotherms and Attenuated Total Reflectance-Fourier Transform Infrared (ATR-FTIR) analysis in Achira (Canna edulis K.) biscuits.zip,raw_data\phase1_biscuit\achira_water_adsorption\Experimental water adsorption isotherms and Attenuated Total Reflectance-Fourier Transform Infrared (ATR-FTIR) analysis in Achira (Canna edulis K.) biscuits.zip,achira_water_adsorption,Water Adsorption Isotherms_Achira biscuits.xlsx,Sheet1,173,cb5cd41f030cf5039e3cbf8a3f4b4611,Water Adsorption Isotherms,3,25,0.2506,2.6
Experimental water adsorption isotherms and Attenuated Total Reflectance-Fourier Transform Infrared (ATR-FTIR) analysis in Achira (Canna edulis K.) biscuits.zip,raw_data\phase1_biscuit\achira_water_adsorption\Experimental water adsorption isotherms and Attenuated Total Reflectance-Fourier Transform Infrared (ATR-FTIR) analysis in Achira (Canna edulis K.) biscuits.zip,achira_water_adsorption,Water Adsorption Isotherms_Achira biscuits.xlsx,Sheet1,174,538643a29879124e2b076c1a64e4cd47,Water Adsorption Isotherms,3,25,0.26,2.66
Experimental water adsorption isotherms and Attenuated Total Reflectance-Fourier Transform Infrared (ATR-FTIR) analysis in Achira (Canna edulis K.) biscuits.zip,raw_data\phase1_biscuit\achira_water_adsorption\Experimental water adsorption isotherms and Attenuated Total Reflectance-Fourier Transform Infrared (ATR-FTIR) analysis in Achira (Canna edulis K.) biscuits.zip,achira_water_adsorption,Water Adsorption Isotherms_Achira biscuits.xlsx,Sheet1,175,d418ba411e9ffc8df5aa4bbeeae68df9,Water Adsorption Isotherms,3,25,0.2708,2.71
Experimental water adsorption isotherms and Attenuated Total Reflectance-Fourier Transform Infrared (ATR-FTIR) analysis in Achira (Canna edulis K.) biscuits.zip,raw_data\phase1_biscuit\achira_water_adsorption\Experimental water adsorption isotherms and Attenuated Total Reflectance-Fourier Transform Infrared (ATR-FTIR) analysis in Achira (Canna edulis K.) biscuits.zip,achira_water_adsorption,Water Adsorption Isotherms_Achira biscuits.xlsx,Sheet1,176,26052066b089d910382ca406818d1385,Water Adsorption Isotherms,3,25,0.2798,2.77
Experimental water adsorption isotherms and Attenuated Total Reflectance-Fourier Transform Infrared (ATR-FTIR) analysis in Achira (Canna edulis K.) biscuits.zip,raw_data\phase1_biscuit\achira_water_adsorption\Experimental water adsorption isotherms and Attenuated Total Reflectance-Fourier Transform Infrared (ATR-FTIR) analysis in Achira (Canna edulis K.) biscuits.zip,achira_water_adsorption,Water Adsorption Isotherms_Achira biscuits.xlsx,Sheet1,177,e343b2f50f1006db48fbc18a4da8b9e6,Water Adsorption Isotherms,3,25,0.2911,2.83
Experimental water adsorption isotherms and Attenuated Total Reflectance-Fourier Transform Infrared (ATR-FTIR) analysis in Achira (Canna edulis K.) biscuits.zip,raw_data\phase1_biscuit\achira_water_adsorption\Experimental water adsorption isotherms and Attenuated Total Reflectance-Fourier Transform Infrared (ATR-FTIR) analysis in Achira (Canna edulis K.) biscuits.zip,achira_water_adsorption,Water Adsorption Isotherms_Achira biscuits.xlsx,Sheet1,178,5cf620646f16002e586b317f2eb55ebe,Water Adsorption Isotherms,3,25,0.2981,2.89
Experimental water adsorption isotherms and Attenuated Total Reflectance-Fourier Transform Infrared (ATR-FTIR) analysis in Achira (Canna edulis K.) biscuits.zip,raw_data\phase1_biscuit\achira_water_adsorption\Experimental water adsorption isotherms and Attenuated Total Reflectance-Fourier Transform Infrared (ATR-FTIR) analysis in Achira (Canna edulis K.) biscuits.zip,achira_water_adsorption,Water Adsorption Isotherms_Achira biscuits.xlsx,Sheet1,179,8059b6682c10d34e4d0558271f6c478e,Water Adsorption Isotherms,3,25,0.3067,2.95
Experimental water adsorption isotherms and Attenuated Total Reflectance-Fourier Transform Infrared (ATR-FTIR) analysis in Achira (Canna edulis K.) biscuits.zip,raw_data\phase1_biscuit\achira_water_adsorption\Experimental water adsorption isotherms and Attenuated Total Reflectance-Fourier Transform Infrared (ATR-FTIR) analysis in Achira (Canna edulis K.) biscuits.zip,achira_water_adsorption,Water Adsorption Isotherms_Achira biscuits.xlsx,Sheet1,180,0617e763de3f55532664681440a9fbd1,Water Adsorption Isotherms,3,25,0.3176,2.99
Experimental water adsorption isotherms and Attenuated Total Reflectance-Fourier Transform Infrared (ATR-FTIR) analysis in Achira (Canna edulis K.) biscuits.zip,raw_data\phase1_biscuit\achira_water_adsorption\Experimental water adsorption isotherms and Attenuated Total Reflectance-Fourier Transform Infrared (ATR-FTIR) analysis in Achira (Canna edulis K.) biscuits.zip,achira_water_adsorption,Water Adsorption Isotherms_Achira biscuits.xlsx,Sheet1,181,0acf4aef7027c6c7b74a16906dd2a4de,Water Adsorption Isotherms,3,25,0.3287,3.04
Experimental water adsorption isotherms and Attenuated Total Reflectance-Fourier Transform Infrared (ATR-FTIR) analysis in Achira (Canna edulis K.) biscuits.zip,raw_data\phase1_biscuit\achira_water_adsorption\Experimental water adsorption isotherms and Attenuated Total Reflectance-Fourier Transform Infrared (ATR-FTIR) analysis in Achira (Canna edulis K.) biscuits.zip,achira_water_adsorption,Water Adsorption Isotherms_Achira biscuits.xlsx,Sheet1,182,2c9a214709811a3513bbaf290cc9a877,Water Adsorption Isotherms,3,25,0.3397,3.11
Experimental water adsorption isotherms and Attenuated Total Reflectance-Fourier Transform Infrared (ATR-FTIR) analysis in Achira (Canna edulis K.) biscuits.zip,raw_data\phase1_biscuit\achira_water_adsorption\Experimental water adsorption isotherms and Attenuated Total Reflectance-Fourier Transform Infrared (ATR-FTIR) analysis in Achira (Canna edulis K.) biscuits.zip,achira_water_adsorption,Water Adsorption Isotherms_Achira biscuits.xlsx,Sheet1,183,550a7c9aa042e29ac2bfede1e65f4a89,Water Adsorption Isotherms,3,25,0.3441,3.2
Experimental water adsorption isotherms and Attenuated Total Reflectance-Fourier Transform Infrared (ATR-FTIR) analysis in Achira (Canna edulis K.) biscuits.zip,raw_data\phase1_biscuit\achira_water_adsorption\Experimental water adsorption isotherms and Attenuated Total Reflectance-Fourier Transform Infrared (ATR-FTIR) analysis in Achira (Canna edulis K.) biscuits.zip,achira_water_adsorption,Water Adsorption Isotherms_Achira biscuits.xlsx,Sheet1,184,59c5190915337221f3e8c2409a72e15d,Water Adsorption Isotherms,3,25,0.3578,3.28
Experimental water adsorption isotherms and Attenuated Total Reflectance-Fourier Transform Infrared (ATR-FTIR) analysis in Achira (Canna edulis K.) biscuits.zip,raw_data\phase1_biscuit\achira_water_adsorption\Experimental water adsorption isotherms and Attenuated Total Reflectance-Fourier Transform Infrared (ATR-FTIR) analysis in Achira (Canna edulis K.) biscuits.zip,achira_water_adsorption,Water Adsorption Isotherms_Achira biscuits.xlsx,Sheet1,185,b91df2c6ffdcd9abeb2753efe469fdd6,Water Adsorption Isotherms,3,25,0.3657,3.35
Experimental water adsorption isotherms and Attenuated Total Reflectance-Fourier Transform Infrared (ATR-FTIR) analysis in Achira (Canna edulis K.) biscuits.zip,raw_data\phase1_biscuit\achira_water_adsorption\Experimental water adsorption isotherms and Attenuated Total Reflectance-Fourier Transform Infrared (ATR-FTIR) analysis in Achira (Canna edulis K.) biscuits.zip,achira_water_adsorption,Water Adsorption Isotherms_Achira biscuits.xlsx,Sheet1,186,f37a6d7f3ba123432e9c893f843eff7b,Water Adsorption Isotherms,3,25,0.3689,3.4
Experimental water adsorption isotherms and Attenuated Total Reflectance-Fourier Transform Infrared (ATR-FTIR) analysis in Achira (Canna edulis K.) biscuits.zip,raw_data\phase1_biscuit\achira_water_adsorption\Experimental water adsorption isotherms and Attenuated Total Reflectance-Fourier Transform Infrared (ATR-FTIR) analysis in Achira (Canna edulis K.) biscuits.zip,achira_water_adsorption,Water Adsorption Isotherms_Achira biscuits.xlsx,Sheet1,187,ee70eb4af8ecdd6b3fdaf462aaceca74,Water Adsorption Isotherms,3,25,0.3915,3.49
Experimental water adsorption isotherms and Attenuated Total Reflectance-Fourier Transform Infrared (ATR-FTIR) analysis in Achira (Canna edulis K.) biscuits.zip,raw_data\phase1_biscuit\achira_water_adsorption\Experimental water adsorption isotherms and Attenuated Total Reflectance-Fourier Transform Infrared (ATR-FTIR) analysis in Achira (Canna edulis K.) biscuits.zip,achira_water_adsorption,Water Adsorption Isotherms_Achira biscuits.xlsx,Sheet1,188,0b8cc4231b5234ff3b3929251ed9b4c7,Water Adsorption Isotherms,3,25,0.3913,3.54
Experimental water adsorption isotherms and Attenuated Total Reflectance-Fourier Transform Infrared (ATR-FTIR) analysis in Achira (Canna edulis K.) biscuits.zip,raw_data\phase1_biscuit\achira_water_adsorption\Experimental water adsorption isotherms and Attenuated Total Reflectance-Fourier Transform Infrared (ATR-FTIR) analysis in Achira (Canna edulis K.) biscuits.zip,achira_water_adsorption,Water Adsorption Isotherms_Achira biscuits.xlsx,Sheet1,189,fddcb8d48243599418672884aabd8814,Water Adsorption Isotherms,3,25,0.4001,3.61
Experimental water adsorption isotherms and Attenuated Total Reflectance-Fourier Transform Infrared (ATR-FTIR) analysis in Achira (Canna edulis K.) biscuits.zip,raw_data\phase1_biscuit\achira_water_adsorption\Experimental water adsorption isotherms and Attenuated Total Reflectance-Fourier Transform Infrared (ATR-FTIR) analysis in Achira (Canna edulis K.) biscuits.zip,achira_water_adsorption,Water Adsorption Isotherms_Achira biscuits.xlsx,Sheet1,190,fa15eac78984f7402bf5a7a812584dd2,Water Adsorption Isotherms,3,25,0.4079,3.69
Experimental water adsorption isotherms and Attenuated Total Reflectance-Fourier Transform Infrared (ATR-FTIR) analysis in Achira (Canna edulis K.) biscuits.zip,raw_data\phase1_biscuit\achira_water_adsorption\Experimental water adsorption isotherms and Attenuated Total Reflectance-Fourier Transform Infrared (ATR-FTIR) analysis in Achira (Canna edulis K.) biscuits.zip,achira_water_adsorption,Water Adsorption Isotherms_Achira biscuits.xlsx,Sheet1,191,fc84d25925cf1ea172d5bec87f3e0021,Water Adsorption Isotherms,3,25,0.4215,3.77
Experimental water adsorption isotherms and Attenuated Total Reflectance-Fourier Transform Infrared (ATR-FTIR) analysis in Achira (Canna edulis K.) biscuits.zip,raw_data\phase1_biscuit\achira_water_adsorption\Experimental water adsorption isotherms and Attenuated Total Reflectance-Fourier Transform Infrared (ATR-FTIR) analysis in Achira (Canna edulis K.) biscuits.zip,achira_water_adsorption,Water Adsorption Isotherms_Achira biscuits.xlsx,Sheet1,192,2b27ba9ec735a03706ea2a05628adbcc,Water Adsorption Isotherms,3,25,0.4308,3.84
Experimental water adsorption isotherms and Attenuated Total Reflectance-Fourier Transform Infrared (ATR-FTIR) analysis in Achira (Canna edulis K.) biscuits.zip,raw_data\phase1_biscuit\achira_water_adsorption\Experimental water adsorption isotherms and Attenuated Total Reflectance-Fourier Transform Infrared (ATR-FTIR) analysis in Achira (Canna edulis K.) biscuits.zip,achira_water_adsorption,Water Adsorption Isotherms_Achira biscuits.xlsx,Sheet1,193,27b39ca74d29288df1086fa620f4284c,Water Adsorption Isotherms,3,25,0.438,3.92
Experimental water adsorption isotherms and Attenuated Total Reflectance-Fourier Transform Infrared (ATR-FTIR) analysis in Achira (Canna edulis K.) biscuits.zip,raw_data\phase1_biscuit\achira_water_adsorption\Experimental water adsorption isotherms and Attenuated Total Reflectance-Fourier Transform Infrared (ATR-FTIR) analysis in Achira (Canna edulis K.) biscuits.zip,achira_water_adsorption,Water Adsorption Isotherms_Achira biscuits.xlsx,Sheet1,194,03a32bb94a1d5928d3f90988d51ed8b5,Water Adsorption Isotherms,3,25,0.449,4.0
Experimental water adsorption isotherms and Attenuated Total Reflectance-Fourier Transform Infrared (ATR-FTIR) analysis in Achira (Canna edulis K.) biscuits.zip,raw_data\phase1_biscuit\achira_water_adsorption\Experimental water adsorption isotherms and Attenuated Total Reflectance-Fourier Transform Infrared (ATR-FTIR) analysis in Achira (Canna edulis K.) biscuits.zip,achira_water_adsorption,Water Adsorption Isotherms_Achira biscuits.xlsx,Sheet1,195,eb44d0dc00ea2a79629b4726c10b5d4b,Water Adsorption Isotherms,3,25,0.4588,4.09
Experimental water adsorption isotherms and Attenuated Total Reflectance-Fourier Transform Infrared (ATR-FTIR) analysis in Achira (Canna edulis K.) biscuits.zip,raw_data\phase1_biscuit\achira_water_adsorption\Experimental water adsorption isotherms and Attenuated Total Reflectance-Fourier Transform Infrared (ATR-FTIR) analysis in Achira (Canna edulis K.) biscuits.zip,achira_water_adsorption,Water Adsorption Isotherms_Achira biscuits.xlsx,Sheet1,196,ce6314069f1f73d1f68baa7ecf8860a8,Water Adsorption Isotherms,3,25,0.4683,4.15
Experimental water adsorption isotherms and Attenuated Total Reflectance-Fourier Transform Infrared (ATR-FTIR) analysis in Achira (Canna edulis K.) biscuits.zip,raw_data\phase1_biscuit\achira_water_adsorption\Experimental water adsorption isotherms and Attenuated Total Reflectance-Fourier Transform Infrared (ATR-FTIR) analysis in Achira (Canna edulis K.) biscuits.zip,achira_water_adsorption,Water Adsorption Isotherms_Achira biscuits.xlsx,Sheet1,197,e46d6570cc339caad4c9668d4a3607f7,Water Adsorption Isotherms,3,25,0.4744,4.23
Experimental water adsorption isotherms and Attenuated Total Reflectance-Fourier Transform Infrared (ATR-FTIR) analysis in Achira (Canna edulis K.) biscuits.zip,raw_data\phase1_biscuit\achira_water_adsorption\Experimental water adsorption isotherms and Attenuated Total Reflectance-Fourier Transform Infrared (ATR-FTIR) analysis in Achira (Canna edulis K.) biscuits.zip,achira_water_adsorption,Water Adsorption Isotherms_Achira biscuits.xlsx,Sheet1,198,b47a8d8d0c6dfd0efd5147266534f9e9,Water Adsorption Isotherms,3,25,0.4831,4.31
Experimental water adsorption isotherms and Attenuated Total Reflectance-Fourier Transform Infrared (ATR-FTIR) analysis in Achira (Canna edulis K.) biscuits.zip,raw_data\phase1_biscuit\achira_water_adsorption\Experimental water adsorption isotherms and Attenuated Total Reflectance-Fourier Transform Infrared (ATR-FTIR) analysis in Achira (Canna edulis K.) biscuits.zip,achira_water_adsorption,Water Adsorption Isotherms_Achira biscuits.xlsx,Sheet1,199,67f55352b7bd9a25e281d0473fbdbc4f,Water Adsorption Isotherms,3,25,0.5017,4.38
Experimental water adsorption isotherms and Attenuated Total Reflectance-Fourier Transform Infrared (ATR-FTIR) analysis in Achira (Canna edulis K.) biscuits.zip,raw_data\phase1_biscuit\achira_water_adsorption\Experimental water adsorption isotherms and Attenuated Total Reflectance-Fourier Transform Infrared (ATR-FTIR) analysis in Achira (Canna edulis K.) biscuits.zip,achira_water_adsorption,Water Adsorption Isotherms_Achira biscuits.xlsx,Sheet1,200,16d605be3ba11e3769ccc4ae576f3ef8,Water Adsorption Isotherms,3,25,0.5068,4.5
Experimental water adsorption isotherms and Attenuated Total Reflectance-Fourier Transform Infrared (ATR-FTIR) analysis in Achira (Canna edulis K.) biscuits.zip,raw_data\phase1_biscuit\achira_water_adsorption\Experimental water adsorption isotherms and Attenuated Total Reflectance-Fourier Transform Infrared (ATR-FTIR) analysis in Achira (Canna edulis K.) biscuits.zip,achira_water_adsorption,Water Adsorption Isotherms_Achira biscuits.xlsx,Sheet1,201,6f52aaca27f13f1f3a72b3195eb8e1a2,Water Adsorption Isotherms,3,25,0.518,4.59
Experimental water adsorption isotherms and Attenuated Total Reflectance-Fourier Transform Infrared (ATR-FTIR) analysis in Achira (Canna edulis K.) biscuits.zip,raw_data\phase1_biscuit\achira_water_adsorption\Experimental water adsorption isotherms and Attenuated Total Reflectance-Fourier Transform Infrared (ATR-FTIR) analysis in Achira (Canna edulis K.) biscuits.zip,achira_water_adsorption,Water Adsorption Isotherms_Achira biscuits.xlsx,Sheet1,202,a75dee0da5aa8fae2ea1858c61a8a958,Water Adsorption Isotherms,3,25,0.5249,4.66
Experimental water adsorption isotherms and Attenuated Total Reflectance-Fourier Transform Infrared (ATR-FTIR) analysis in Achira (Canna edulis K.) biscuits.zip,raw_data\phase1_biscuit\achira_water_adsorption\Experimental water adsorption isotherms and Attenuated Total Reflectance-Fourier Transform Infrared (ATR-FTIR) analysis in Achira (Canna edulis K.) biscuits.zip,achira_water_adsorption,Water Adsorption Isotherms_Achira biscuits.xlsx,Sheet1,203,d489df0edbc3adc714439aa16bbae157,Water Adsorption Isotherms,3,25,0.529,4.74
Experimental water adsorption isotherms and Attenuated Total Reflectance-Fourier Transform Infrared (ATR-FTIR) analysis in Achira (Canna edulis K.) biscuits.zip,raw_data\phase1_biscuit\achira_water_adsorption\Experimental water adsorption isotherms and Attenuated Total Reflectance-Fourier Transform Infrared (ATR-FTIR) analysis in Achira (Canna edulis K.) biscuits.zip,achira_water_adsorption,Water Adsorption Isotherms_Achira biscuits.xlsx,Sheet1,204,b6b85c4f719386d6cb9d7ec05a5d5a5f,Water Adsorption Isotherms,3,25,0.5527,4.86
Experimental water adsorption isotherms and Attenuated Total Reflectance-Fourier Transform Infrared (ATR-FTIR) analysis in Achira (Canna edulis K.) biscuits.zip,raw_data\phase1_biscuit\achira_water_adsorption\Experimental water adsorption isotherms and Attenuated Total Reflectance-Fourier Transform Infrared (ATR-FTIR) analysis in Achira (Canna edulis K.) biscuits.zip,achira_water_adsorption,Water Adsorption Isotherms_Achira biscuits.xlsx,Sheet1,205,6ce340c749444113ebdcbed90944ecc8,Water Adsorption Isotherms,3,25,0.5521,4.97
Experimental water adsorption isotherms and Attenuated Total Reflectance-Fourier Transform Infrared (ATR-FTIR) analysis in Achira (Canna edulis K.) biscuits.zip,raw_data\phase1_biscuit\achira_water_adsorption\Experimental water adsorption isotherms and Attenuated Total Reflectance-Fourier Transform Infrared (ATR-FTIR) analysis in Achira (Canna edulis K.) biscuits.zip,achira_water_adsorption,Water Adsorption Isotherms_Achira biscuits.xlsx,Sheet1,206,f19741391d396636d567ee0289dd0eb5,Water Adsorption Isotherms,3,25,0.5669,5.06
Experimental water adsorption isotherms and Attenuated Total Reflectance-Fourier Transform Infrared (ATR-FTIR) analysis in Achira (Canna edulis K.) biscuits.zip,raw_data\phase1_biscuit\achira_water_adsorption\Experimental water adsorption isotherms and Attenuated Total Reflectance-Fourier Transform Infrared (ATR-FTIR) analysis in Achira (Canna edulis K.) biscuits.zip,achira_water_adsorption,Water Adsorption Isotherms_Achira biscuits.xlsx,Sheet1,207,a7fbb695c47ede66732cb62c96e87a30,Water Adsorption Isotherms,3,25,0.5731,5.14
Experimental water adsorption isotherms and Attenuated Total Reflectance-Fourier Transform Infrared (ATR-FTIR) analysis in Achira (Canna edulis K.) biscuits.zip,raw_data\phase1_biscuit\achira_water_adsorption\Experimental water adsorption isotherms and Attenuated Total Reflectance-Fourier Transform Infrared (ATR-FTIR) analysis in Achira (Canna edulis K.) biscuits.zip,achira_water_adsorption,Water Adsorption Isotherms_Achira biscuits.xlsx,Sheet1,208,c05ce5494a2c6d8ce66a37d5d098611a,Water Adsorption Isotherms,3,25,0.5795,5.21
Experimental water adsorption isotherms and Attenuated Total Reflectance-Fourier Transform Infrared (ATR-FTIR) analysis in Achira (Canna edulis K.) biscuits.zip,raw_data\phase1_biscuit\achira_water_adsorption\Experimental water adsorption isotherms and Attenuated Total Reflectance-Fourier Transform Infrared (ATR-FTIR) analysis in Achira (Canna edulis K.) biscuits.zip,achira_water_adsorption,Water Adsorption Isotherms_Achira biscuits.xlsx,Sheet1,209,a15a6ac5a1844037fc0bfbf700238762,Water Adsorption Isotherms,3,25,0.5907,5.3
Experimental water adsorption isotherms and Attenuated Total Reflectance-Fourier Transform Infrared (ATR-FTIR) analysis in Achira (Canna edulis K.) biscuits.zip,raw_data\phase1_biscuit\achira_water_adsorption\Experimental water adsorption isotherms and Attenuated Total Reflectance-Fourier Transform Infrared (ATR-FTIR) analysis in Achira (Canna edulis K.) biscuits.zip,achira_water_adsorption,Water Adsorption Isotherms_Achira biscuits.xlsx,Sheet1,210,d4daccdcd2947bc28ee7e17a01cc4b14,Water Adsorption Isotherms,3,25,0.5982,5.39
Experimental water adsorption isotherms and Attenuated Total Reflectance-Fourier Transform Infrared (ATR-FTIR) analysis in Achira (Canna edulis K.) biscuits.zip,raw_data\phase1_biscuit\achira_water_adsorption\Experimental water adsorption isotherms and Attenuated Total Reflectance-Fourier Transform Infrared (ATR-FTIR) analysis in Achira (Canna edulis K.) biscuits.zip,achira_water_adsorption,Water Adsorption Isotherms_Achira biscuits.xlsx,Sheet1,211,a1e45b95d1d463ace9cfe5206d41efcb,Water Adsorption Isotherms,3,25,0.6119,5.5
Experimental water adsorption isotherms and Attenuated Total Reflectance-Fourier Transform Infrared (ATR-FTIR) analysis in Achira (Canna edulis K.) biscuits.zip,raw_data\phase1_biscuit\achira_water_adsorption\Experimental water adsorption isotherms and Attenuated Total Reflectance-Fourier Transform Infrared (ATR-FTIR) analysis in Achira (Canna edulis K.) biscuits.zip,achira_water_adsorption,Water Adsorption Isotherms_Achira biscuits.xlsx,Sheet1,212,dd2b50f9d3e73ad09383e5165d5cd9fe,Water Adsorption Isotherms,3,25,0.6194,5.61
Experimental water adsorption isotherms and Attenuated Total Reflectance-Fourier Transform Infrared (ATR-FTIR) analysis in Achira (Canna edulis K.) biscuits.zip,raw_data\phase1_biscuit\achira_water_adsorption\Experimental water adsorption isotherms and Attenuated Total Reflectance-Fourier Transform Infrared (ATR-FTIR) analysis in Achira (Canna edulis K.) biscuits.zip,achira_water_adsorption,Water Adsorption Isotherms_Achira biscuits.xlsx,Sheet1,213,c7c44073271529b90f2f6d12b9caae3b,Water Adsorption Isotherms,3,25,0.6262,5.7
Experimental water adsorption isotherms and Attenuated Total Reflectance-Fourier Transform Infrared (ATR-FTIR) analysis in Achira (Canna edulis K.) biscuits.zip,raw_data\phase1_biscuit\achira_water_adsorption\Experimental water adsorption isotherms and Attenuated Total Reflectance-Fourier Transform Infrared (ATR-FTIR) analysis in Achira (Canna edulis K.) biscuits.zip,achira_water_adsorption,Water Adsorption Isotherms_Achira biscuits.xlsx,Sheet1,214,eeb816ca0a6de836a6ad22db2ff0f512,Water Adsorption Isotherms,3,25,0.6301,5.82
Experimental water adsorption isotherms and Attenuated Total Reflectance-Fourier Transform Infrared (ATR-FTIR) analysis in Achira (Canna edulis K.) biscuits.zip,raw_data\phase1_biscuit\achira_water_adsorption\Experimental water adsorption isotherms and Attenuated Total Reflectance-Fourier Transform Infrared (ATR-FTIR) analysis in Achira (Canna edulis K.) biscuits.zip,achira_water_adsorption,Water Adsorption Isotherms_Achira biscuits.xlsx,Sheet1,215,aed3fe24c1ba417c42a378df0d16fb1d,Water Adsorption Isotherms,3,25,0.6527,5.98
Experimental water adsorption isotherms and Attenuated Total Reflectance-Fourier Transform Infrared (ATR-FTIR) analysis in Achira (Canna edulis K.) biscuits.zip,raw_data\phase1_biscuit\achira_water_adsorption\Experimental water adsorption isotherms and Attenuated Total Reflectance-Fourier Transform Infrared (ATR-FTIR) analysis in Achira (Canna edulis K.) biscuits.zip,achira_water_adsorption,Water Adsorption Isotherms_Achira biscuits.xlsx,Sheet1,216,162ec92032674bf2b1f4c59511a8bcb6,Water Adsorption Isotherms,3,25,0.6592,6.09
Experimental water adsorption isotherms and Attenuated Total Reflectance-Fourier Transform Infrared (ATR-FTIR) analysis in Achira (Canna edulis K.) biscuits.zip,raw_data\phase1_biscuit\achira_water_adsorption\Experimental water adsorption isotherms and Attenuated Total Reflectance-Fourier Transform Infrared (ATR-FTIR) analysis in Achira (Canna edulis K.) biscuits.zip,achira_water_adsorption,Water Adsorption Isotherms_Achira biscuits.xlsx,Sheet1,217,5bc072a11ccea641f8a02f7f278e950a,Water Adsorption Isotherms,3,25,0.6663,6.21
Experimental water adsorption isotherms and Attenuated Total Reflectance-Fourier Transform Infrared (ATR-FTIR) analysis in Achira (Canna edulis K.) biscuits.zip,raw_data\phase1_biscuit\achira_water_adsorption\Experimental water adsorption isotherms and Attenuated Total Reflectance-Fourier Transform Infrared (ATR-FTIR) analysis in Achira (Canna edulis K.) biscuits.zip,achira_water_adsorption,Water Adsorption Isotherms_Achira biscuits.xlsx,Sheet1,218,8bed4c288289a135259a52e9eab53630,Water Adsorption Isotherms,3,25,0.6699,6.33
Experimental water adsorption isotherms and Attenuated Total Reflectance-Fourier Transform Infrared (ATR-FTIR) analysis in Achira (Canna edulis K.) biscuits.zip,raw_data\phase1_biscuit\achira_water_adsorption\Experimental water adsorption isotherms and Attenuated Total Reflectance-Fourier Transform Infrared (ATR-FTIR) analysis in Achira (Canna edulis K.) biscuits.zip,achira_water_adsorption,Water Adsorption Isotherms_Achira biscuits.xlsx,Sheet1,219,c334c38076707e6ef4d670f4b0f41cd1,Water Adsorption Isotherms,3,25,0.6876,6.49
Experimental water adsorption isotherms and Attenuated Total Reflectance-Fourier Transform Infrared (ATR-FTIR) analysis in Achira (Canna edulis K.) biscuits.zip,raw_data\phase1_biscuit\achira_water_adsorption\Experimental water adsorption isotherms and Attenuated Total Reflectance-Fourier Transform Infrared (ATR-FTIR) analysis in Achira (Canna edulis K.) biscuits.zip,achira_water_adsorption,Water Adsorption Isotherms_Achira biscuits.xlsx,Sheet1,220,2b2a4fabb42c73bcea911c0382e2b288,Water Adsorption Isotherms,3,25,0.6962,6.62
Experimental water adsorption isotherms and Attenuated Total Reflectance-Fourier Transform Infrared (ATR-FTIR) analysis in Achira (Canna edulis K.) biscuits.zip,raw_data\phase1_biscuit\achira_water_adsorption\Experimental water adsorption isotherms and Attenuated Total Reflectance-Fourier Transform Infrared (ATR-FTIR) analysis in Achira (Canna edulis K.) biscuits.zip,achira_water_adsorption,Water Adsorption Isotherms_Achira biscuits.xlsx,Sheet1,221,5e693dd4206f75ffedf23f908cab2318,Water Adsorption Isotherms,3,25,0.7034,6.96
Experimental water adsorption isotherms and Attenuated Total Reflectance-Fourier Transform Infrared (ATR-FTIR) analysis in Achira (Canna edulis K.) biscuits.zip,raw_data\phase1_biscuit\achira_water_adsorption\Experimental water adsorption isotherms and Attenuated Total Reflectance-Fourier Transform Infrared (ATR-FTIR) analysis in Achira (Canna edulis K.) biscuits.zip,achira_water_adsorption,Water Adsorption Isotherms_Achira biscuits.xlsx,Sheet1,222,31ec0c511109705909674ac0a219bfbe,Water Adsorption Isotherms,3,25,0.7111,7.1000000000000005
Experimental water adsorption isotherms and Attenuated Total Reflectance-Fourier Transform Infrared (ATR-FTIR) analysis in Achira (Canna edulis K.) biscuits.zip,raw_data\phase1_biscuit\achira_water_adsorption\Experimental water adsorption isotherms and Attenuated Total Reflectance-Fourier Transform Infrared (ATR-FTIR) analysis in Achira (Canna edulis K.) biscuits.zip,achira_water_adsorption,Water Adsorption Isotherms_Achira biscuits.xlsx,Sheet1,223,0b9953ded1f91af51b3f48784f669880,Water Adsorption Isotherms,3,25,0.7212,7.26
Experimental water adsorption isotherms and Attenuated Total Reflectance-Fourier Transform Infrared (ATR-FTIR) analysis in Achira (Canna edulis K.) biscuits.zip,raw_data\phase1_biscuit\achira_water_adsorption\Experimental water adsorption isotherms and Attenuated Total Reflectance-Fourier Transform Infrared (ATR-FTIR) analysis in Achira (Canna edulis K.) biscuits.zip,achira_water_adsorption,Water Adsorption Isotherms_Achira biscuits.xlsx,Sheet1,224,dfe806d70a875fab29530e87c5d28534,Water Adsorption Isotherms,3,25,0.7308,7.390000000000001
Experimental water adsorption isotherms and Attenuated Total Reflectance-Fourier Transform Infrared (ATR-FTIR) analysis in Achira (Canna edulis K.) biscuits.zip,raw_data\phase1_biscuit\achira_water_adsorption\Experimental water adsorption isotherms and Attenuated Total Reflectance-Fourier Transform Infrared (ATR-FTIR) analysis in Achira (Canna edulis K.) biscuits.zip,achira_water_adsorption,Water Adsorption Isotherms_Achira biscuits.xlsx,Sheet1,225,6574e025a043a658a56d6ac969ab0b9d,Water Adsorption Isotherms,3,25,0.7376,7.54
Experimental water adsorption isotherms and Attenuated Total Reflectance-Fourier Transform Infrared (ATR-FTIR) analysis in Achira (Canna edulis K.) biscuits.zip,raw_data\phase1_biscuit\achira_water_adsorption\Experimental water adsorption isotherms and Attenuated Total Reflectance-Fourier Transform Infrared (ATR-FTIR) analysis in Achira (Canna edulis K.) biscuits.zip,achira_water_adsorption,Water Adsorption Isotherms_Achira biscuits.xlsx,Sheet1,226,8c289203494cd27d38565539d863431f,Water Adsorption Isotherms,3,25,0.7424,7.71
Experimental water adsorption isotherms and Attenuated Total Reflectance-Fourier Transform Infrared (ATR-FTIR) analysis in Achira (Canna edulis K.) biscuits.zip,raw_data\phase1_biscuit\achira_water_adsorption\Experimental water adsorption isotherms and Attenuated Total Reflectance-Fourier Transform Infrared (ATR-FTIR) analysis in Achira (Canna edulis K.) biscuits.zip,achira_water_adsorption,Water Adsorption Isotherms_Achira biscuits.xlsx,Sheet1,227,0ff60193ae10c5dd54f3b7f6d6b2a94c,Water Adsorption Isotherms,3,25,0.7578,7.930000000000001
Experimental water adsorption isotherms and Attenuated Total Reflectance-Fourier Transform Infrared (ATR-FTIR) analysis in Achira (Canna edulis K.) biscuits.zip,raw_data\phase1_biscuit\achira_water_adsorption\Experimental water adsorption isotherms and Attenuated Total Reflectance-Fourier Transform Infrared (ATR-FTIR) analysis in Achira (Canna edulis K.) biscuits.zip,achira_water_adsorption,Water Adsorption Isotherms_Achira biscuits.xlsx,Sheet1,228,982c8d4cd52bbb5a5e4ecb1441b0cd50,Water Adsorption Isotherms,3,25,0.7663,8.12
Experimental water adsorption isotherms and Attenuated Total Reflectance-Fourier Transform Infrared (ATR-FTIR) analysis in Achira (Canna edulis K.) biscuits.zip,raw_data\phase1_biscuit\achira_water_adsorption\Experimental water adsorption isotherms and Attenuated Total Reflectance-Fourier Transform Infrared (ATR-FTIR) analysis in Achira (Canna edulis K.) biscuits.zip,achira_water_adsorption,Water Adsorption Isotherms_Achira biscuits.xlsx,Sheet1,229,152c2207c7937bad8c87bd020955cfe3,Water Adsorption Isotherms,3,25,0.7745,8.319999999999999
Experimental water adsorption isotherms and Attenuated Total Reflectance-Fourier Transform Infrared (ATR-FTIR) analysis in Achira (Canna edulis K.) biscuits.zip,raw_data\phase1_biscuit\achira_water_adsorption\Experimental water adsorption isotherms and Attenuated Total Reflectance-Fourier Transform Infrared (ATR-FTIR) analysis in Achira (Canna edulis K.) biscuits.zip,achira_water_adsorption,Water Adsorption Isotherms_Achira biscuits.xlsx,Sheet1,230,24cc13fdd03a79c69e53098210d7fe75,Water Adsorption Isotherms,3,25,0.7785,8.5
Experimental water adsorption isotherms and Attenuated Total Reflectance-Fourier Transform Infrared (ATR-FTIR) analysis in Achira (Canna edulis K.) biscuits.zip,raw_data\phase1_biscuit\achira_water_adsorption\Experimental water adsorption isotherms and Attenuated Total Reflectance-Fourier Transform Infrared (ATR-FTIR) analysis in Achira (Canna edulis K.) biscuits.zip,achira_water_adsorption,Water Adsorption Isotherms_Achira biscuits.xlsx,Sheet1,231,17cb99b5db503ff4515f259d905ceba2,Water Adsorption Isotherms,3,25,0.784,8.739999999999998
Experimental water adsorption isotherms and Attenuated Total Reflectance-Fourier Transform Infrared (ATR-FTIR) analysis in Achira (Canna edulis K.) biscuits.zip,raw_data\phase1_biscuit\achira_water_adsorption\Experimental water adsorption isotherms and Attenuated Total Reflectance-Fourier Transform Infrared (ATR-FTIR) analysis in Achira (Canna edulis K.) biscuits.zip,achira_water_adsorption,Water Adsorption Isotherms_Achira biscuits.xlsx,Sheet1,232,94dc2fadac7260e70ed50235a585e28c,Water Adsorption Isotherms,3,25,0.7819,8.989999999999998
Experimental water adsorption isotherms and Attenuated Total Reflectance-Fourier Transform Infrared (ATR-FTIR) analysis in Achira (Canna edulis K.) biscuits.zip,raw_data\phase1_biscuit\achira_water_adsorption\Experimental water adsorption isotherms and Attenuated Total Reflectance-Fourier Transform Infrared (ATR-FTIR) analysis in Achira (Canna edulis K.) biscuits.zip,achira_water_adsorption,Water Adsorption Isotherms_Achira biscuits.xlsx,Sheet1,233,585c221c14a6a40b126f926a75f96929,Water Adsorption Isotherms,3,25,0.7849,9.01
Experimental water adsorption isotherms and Attenuated Total Reflectance-Fourier Transform Infrared (ATR-FTIR) analysis in Achira (Canna edulis K.) biscuits.zip,raw_data\phase1_biscuit\achira_water_adsorption\Experimental water adsorption isotherms and Attenuated Total Reflectance-Fourier Transform Infrared (ATR-FTIR) analysis in Achira (Canna edulis K.) biscuits.zip,achira_water_adsorption,Water Adsorption Isotherms_Achira biscuits.xlsx,Sheet1,234,c8b5a7f4a4c13fd219af58e443f26fc2,Water Adsorption Isotherms,3,25,0.8,9.179487832844949
Experimental water adsorption isotherms and Attenuated Total Reflectance-Fourier Transform Infrared (ATR-FTIR) analysis in Achira (Canna edulis K.) biscuits.zip,raw_data\phase1_biscuit\achira_water_adsorption\Experimental water adsorption isotherms and Attenuated Total Reflectance-Fourier Transform Infrared (ATR-FTIR) analysis in Achira (Canna edulis K.) biscuits.zip,achira_water_adsorption,Water Adsorption Isotherms_Achira biscuits.xlsx,Sheet1,235,11dcd5a4a697607edfb22ba8f39ab670,Water Adsorption Isotherms,1,35,0.1003,1.7000000000000002
Experimental water adsorption isotherms and Attenuated Total Reflectance-Fourier Transform Infrared (ATR-FTIR) analysis in Achira (Canna edulis K.) biscuits.zip,raw_data\phase1_biscuit\achira_water_adsorption\Experimental water adsorption isotherms and Attenuated Total Reflectance-Fourier Transform Infrared (ATR-FTIR) analysis in Achira (Canna edulis K.) biscuits.zip,achira_water_adsorption,Water Adsorption Isotherms_Achira biscuits.xlsx,Sheet1,236,1b98568854ae6f394e1f700414319838,Water Adsorption Isotherms,1,35,0.1203,1.62
Experimental water adsorption isotherms and Attenuated Total Reflectance-Fourier Transform Infrared (ATR-FTIR) analysis in Achira (Canna edulis K.) biscuits.zip,raw_data\phase1_biscuit\achira_water_adsorption\Experimental water adsorption isotherms and Attenuated Total Reflectance-Fourier Transform Infrared (ATR-FTIR) analysis in Achira (Canna edulis K.) biscuits.zip,achira_water_adsorption,Water Adsorption Isotherms_Achira biscuits.xlsx,Sheet1,237,5d563b713428ee4174db7d82ea7d0c42,Water Adsorption Isotherms,1,35,0.1389,1.6400000000000001
Experimental water adsorption isotherms and Attenuated Total Reflectance-Fourier Transform Infrared (ATR-FTIR) analysis in Achira (Canna edulis K.) biscuits.zip,raw_data\phase1_biscuit\achira_water_adsorption\Experimental water adsorption isotherms and Attenuated Total Reflectance-Fourier Transform Infrared (ATR-FTIR) analysis in Achira (Canna edulis K.) biscuits.zip,achira_water_adsorption,Water Adsorption Isotherms_Achira biscuits.xlsx,Sheet1,238,52469b1bcc33b720d4b634ca34b5416f,Water Adsorption Isotherms,1,35,0.1486,1.69
Experimental water adsorption isotherms and Attenuated Total Reflectance-Fourier Transform Infrared (ATR-FTIR) analysis in Achira (Canna edulis K.) biscuits.zip,raw_data\phase1_biscuit\achira_water_adsorption\Experimental water adsorption isotherms and Attenuated Total Reflectance-Fourier Transform Infrared (ATR-FTIR) analysis in Achira (Canna edulis K.) biscuits.zip,achira_water_adsorption,Water Adsorption Isotherms_Achira biscuits.xlsx,Sheet1,239,147f6eefa52832913c5efc791cfc11ed,Water Adsorption Isotherms,1,35,0.1572,1.7200000000000002
Experimental water adsorption isotherms and Attenuated Total Reflectance-Fourier Transform Infrared (ATR-FTIR) analysis in Achira (Canna edulis K.) biscuits.zip,raw_data\phase1_biscuit\achira_water_adsorption\Experimental water adsorption isotherms and Attenuated Total Reflectance-Fourier Transform Infrared (ATR-FTIR) analysis in Achira (Canna edulis K.) biscuits.zip,achira_water_adsorption,Water Adsorption Isotherms_Achira biscuits.xlsx,Sheet1,240,fd06c04eb49a56f2356fd72ddd57dafa,Water Adsorption Isotherms,1,35,0.1636,1.75
Experimental water adsorption isotherms and Attenuated Total Reflectance-Fourier Transform Infrared (ATR-FTIR) analysis in Achira (Canna edulis K.) biscuits.zip,raw_data\phase1_biscuit\achira_water_adsorption\Experimental water adsorption isotherms and Attenuated Total Reflectance-Fourier Transform Infrared (ATR-FTIR) analysis in Achira (Canna edulis K.) biscuits.zip,achira_water_adsorption,Water Adsorption Isotherms_Achira biscuits.xlsx,Sheet1,241,4a0e63301e45b182637f8898964bcbab,Water Adsorption Isotherms,1,35,0.1699,1.79
Experimental water adsorption isotherms and Attenuated Total Reflectance-Fourier Transform Infrared (ATR-FTIR) analysis in Achira (Canna edulis K.) biscuits.zip,raw_data\phase1_biscuit\achira_water_adsorption\Experimental water adsorption isotherms and Attenuated Total Reflectance-Fourier Transform Infrared (ATR-FTIR) analysis in Achira (Canna edulis K.) biscuits.zip,achira_water_adsorption,Water Adsorption Isotherms_Achira biscuits.xlsx,Sheet1,242,fe98ec65c49fb2635aeebfbe9f9d9ff1,Water Adsorption Isotherms,1,35,0.1775,1.77
Experimental water adsorption isotherms and Attenuated Total Reflectance-Fourier Transform Infrared (ATR-FTIR) analysis in Achira (Canna edulis K.) biscuits.zip,raw_data\phase1_biscuit\achira_water_adsorption\Experimental water adsorption isotherms and Attenuated Total Reflectance-Fourier Transform Infrared (ATR-FTIR) analysis in Achira (Canna edulis K.) biscuits.zip,achira_water_adsorption,Water Adsorption Isotherms_Achira biscuits.xlsx,Sheet1,243,29f8d6ebc54cd078835247b82b96e0e1,Water Adsorption Isotherms,1,35,0.185,1.8200000000000003
Experimental water adsorption isotherms and Attenuated Total Reflectance-Fourier Transform Infrared (ATR-FTIR) analysis in Achira (Canna edulis K.) biscuits.zip,raw_data\phase1_biscuit\achira_water_adsorption\Experimental water adsorption isotherms and Attenuated Total Reflectance-Fourier Transform Infrared (ATR-FTIR) analysis in Achira (Canna edulis K.) biscuits.zip,achira_water_adsorption,Water Adsorption Isotherms_Achira biscuits.xlsx,Sheet1,244,8cdc8d02fa61fd9bf2637109ff9eb892,Water Adsorption Isotherms,1,35,0.1925,1.87
Experimental water adsorption isotherms and Attenuated Total Reflectance-Fourier Transform Infrared (ATR-FTIR) analysis in Achira (Canna edulis K.) biscuits.zip,raw_data\phase1_biscuit\achira_water_adsorption\Experimental water adsorption isotherms and Attenuated Total Reflectance-Fourier Transform Infrared (ATR-FTIR) analysis in Achira (Canna edulis K.) biscuits.zip,achira_water_adsorption,Water Adsorption Isotherms_Achira biscuits.xlsx,Sheet1,245,79222beb7d0fd9ca4e4404f2f3b98ba7,Water Adsorption Isotherms,1,35,0.203,1.9
Experimental water adsorption isotherms and Attenuated Total Reflectance-Fourier Transform Infrared (ATR-FTIR) analysis in Achira (Canna edulis K.) biscuits.zip,raw_data\phase1_biscuit\achira_water_adsorption\Experimental water adsorption isotherms and Attenuated Total Reflectance-Fourier Transform Infrared (ATR-FTIR) analysis in Achira (Canna edulis K.) biscuits.zip,achira_water_adsorption,Water Adsorption Isotherms_Achira biscuits.xlsx,Sheet1,246,27f1416350cf40f8353d7531713dc6e4,Water Adsorption Isotherms,1,35,0.2148,1.9500000000000002
Experimental water adsorption isotherms and Attenuated Total Reflectance-Fourier Transform Infrared (ATR-FTIR) analysis in Achira (Canna edulis K.) biscuits.zip,raw_data\phase1_biscuit\achira_water_adsorption\Experimental water adsorption isotherms and Attenuated Total Reflectance-Fourier Transform Infrared (ATR-FTIR) analysis in Achira (Canna edulis K.) biscuits.zip,achira_water_adsorption,Water Adsorption Isotherms_Achira biscuits.xlsx,Sheet1,247,b8688ebbef591c96eea80cf2e3ef4131,Water Adsorption Isotherms,1,35,0.2191,2.0
Experimental water adsorption isotherms and Attenuated Total Reflectance-Fourier Transform Infrared (ATR-FTIR) analysis in Achira (Canna edulis K.) biscuits.zip,raw_data\phase1_biscuit\achira_water_adsorption\Experimental water adsorption isotherms and Attenuated Total Reflectance-Fourier Transform Infrared (ATR-FTIR) analysis in Achira (Canna edulis K.) biscuits.zip,achira_water_adsorption,Water Adsorption Isotherms_Achira biscuits.xlsx,Sheet1,248,f8045b43a052b926f3c40428a79704aa,Water Adsorption Isotherms,1,35,0.2317,2.0700000000000003
Experimental water adsorption isotherms and Attenuated Total Reflectance-Fourier Transform Infrared (ATR-FTIR) analysis in Achira (Canna edulis K.) biscuits.zip,raw_data\phase1_biscuit\achira_water_adsorption\Experimental water adsorption isotherms and Attenuated Total Reflectance-Fourier Transform Infrared (ATR-FTIR) analysis in Achira (Canna edulis K.) biscuits.zip,achira_water_adsorption,Water Adsorption Isotherms_Achira biscuits.xlsx,Sheet1,249,69538546c890b4847ab8452b5ef5a4c6,Water Adsorption Isotherms,1,35,0.2393,2.1
Experimental water adsorption isotherms and Attenuated Total Reflectance-Fourier Transform Infrared (ATR-FTIR) analysis in Achira (Canna edulis K.) biscuits.zip,raw_data\phase1_biscuit\achira_water_adsorption\Experimental water adsorption isotherms and Attenuated Total Reflectance-Fourier Transform Infrared (ATR-FTIR) analysis in Achira (Canna edulis K.) biscuits.zip,achira_water_adsorption,Water Adsorption Isotherms_Achira biscuits.xlsx,Sheet1,250,c4e4574a4172c9ab31b8ba7f436d5674,Water Adsorption Isotherms,1,35,0.247,2.16
Experimental water adsorption isotherms and Attenuated Total Reflectance-Fourier Transform Infrared (ATR-FTIR) analysis in Achira (Canna edulis K.) biscuits.zip,raw_data\phase1_biscuit\achira_water_adsorption\Experimental water adsorption isotherms and Attenuated Total Reflectance-Fourier Transform Infrared (ATR-FTIR) analysis in Achira (Canna edulis K.) biscuits.zip,achira_water_adsorption,Water Adsorption Isotherms_Achira biscuits.xlsx,Sheet1,251,a4032dcf5e9e49f109b5bd4e4f5543f4,Water Adsorption Isotherms,1,35,0.2575,2.22
Experimental water adsorption isotherms and Attenuated Total Reflectance-Fourier Transform Infrared (ATR-FTIR) analysis in Achira (Canna edulis K.) biscuits.zip,raw_data\phase1_biscuit\achira_water_adsorption\Experimental water adsorption isotherms and Attenuated Total Reflectance-Fourier Transform Infrared (ATR-FTIR) analysis in Achira (Canna edulis K.) biscuits.zip,achira_water_adsorption,Water Adsorption Isotherms_Achira biscuits.xlsx,Sheet1,252,cba91b85ecb4dec0c2744f5316e6e034,Water Adsorption Isotherms,1,35,0.268,2.29
Experimental water adsorption isotherms and Attenuated Total Reflectance-Fourier Transform Infrared (ATR-FTIR) analysis in Achira (Canna edulis K.) biscuits.zip,raw_data\phase1_biscuit\achira_water_adsorption\Experimental water adsorption isotherms and Attenuated Total Reflectance-Fourier Transform Infrared (ATR-FTIR) analysis in Achira (Canna edulis K.) biscuits.zip,achira_water_adsorption,Water Adsorption Isotherms_Achira biscuits.xlsx,Sheet1,253,bd6a74802a2ff6e8146a6c3270c6337c,Water Adsorption Isotherms,1,35,0.2776,2.35
Experimental water adsorption isotherms and Attenuated Total Reflectance-Fourier Transform Infrared (ATR-FTIR) analysis in Achira (Canna edulis K.) biscuits.zip,raw_data\phase1_biscuit\achira_water_adsorption\Experimental water adsorption isotherms and Attenuated Total Reflectance-Fourier Transform Infrared (ATR-FTIR) analysis in Achira (Canna edulis K.) biscuits.zip,achira_water_adsorption,Water Adsorption Isotherms_Achira biscuits.xlsx,Sheet1,254,9f47f36ab5bbd189fcde023fd9af31b2,Water Adsorption Isotherms,1,35,0.2844,2.41
Experimental water adsorption isotherms and Attenuated Total Reflectance-Fourier Transform Infrared (ATR-FTIR) analysis in Achira (Canna edulis K.) biscuits.zip,raw_data\phase1_biscuit\achira_water_adsorption\Experimental water adsorption isotherms and Attenuated Total Reflectance-Fourier Transform Infrared (ATR-FTIR) analysis in Achira (Canna edulis K.) biscuits.zip,achira_water_adsorption,Water Adsorption Isotherms_Achira biscuits.xlsx,Sheet1,255,d1eaa71607658344d0710f3176fee68f,Water Adsorption Isotherms,1,35,0.2948,2.47
Experimental water adsorption isotherms and Attenuated Total Reflectance-Fourier Transform Infrared (ATR-FTIR) analysis in Achira (Canna edulis K.) biscuits.zip,raw_data\phase1_biscuit\achira_water_adsorption\Experimental water adsorption isotherms and Attenuated Total Reflectance-Fourier Transform Infrared (ATR-FTIR) analysis in Achira (Canna edulis K.) biscuits.zip,achira_water_adsorption,Water Adsorption Isotherms_Achira biscuits.xlsx,Sheet1,256,4290101eae37b02e3638ff11dd6cc232,Water Adsorption Isotherms,1,35,0.3064,2.54
Experimental water adsorption isotherms and Attenuated Total Reflectance-Fourier Transform Infrared (ATR-FTIR) analysis in Achira (Canna edulis K.) biscuits.zip,raw_data\phase1_biscuit\achira_water_adsorption\Experimental water adsorption isotherms and Attenuated Total Reflectance-Fourier Transform Infrared (ATR-FTIR) analysis in Achira (Canna edulis K.) biscuits.zip,achira_water_adsorption,Water Adsorption Isotherms_Achira biscuits.xlsx,Sheet1,257,2743da692189f35506bbff3515d1ac82,Water Adsorption Isotherms,1,35,0.3095,2.61
Experimental water adsorption isotherms and Attenuated Total Reflectance-Fourier Transform Infrared (ATR-FTIR) analysis in Achira (Canna edulis K.) biscuits.zip,raw_data\phase1_biscuit\achira_water_adsorption\Experimental water adsorption isotherms and Attenuated Total Reflectance-Fourier Transform Infrared (ATR-FTIR) analysis in Achira (Canna edulis K.) biscuits.zip,achira_water_adsorption,Water Adsorption Isotherms_Achira biscuits.xlsx,Sheet1,258,c14566d9419aa5e9581fb60f3e4002d6,Water Adsorption Isotherms,1,35,0.3268,2.68
Experimental water adsorption isotherms and Attenuated Total Reflectance-Fourier Transform Infrared (ATR-FTIR) analysis in Achira (Canna edulis K.) biscuits.zip,raw_data\phase1_biscuit\achira_water_adsorption\Experimental water adsorption isotherms and Attenuated Total Reflectance-Fourier Transform Infrared (ATR-FTIR) analysis in Achira (Canna edulis K.) biscuits.zip,achira_water_adsorption,Water Adsorption Isotherms_Achira biscuits.xlsx,Sheet1,259,e2bb9683bec7de1fa525c27f7c71921f,Water Adsorption Isotherms,1,35,0.3296,2.75
Experimental water adsorption isotherms and Attenuated Total Reflectance-Fourier Transform Infrared (ATR-FTIR) analysis in Achira (Canna edulis K.) biscuits.zip,raw_data\phase1_biscuit\achira_water_adsorption\Experimental water adsorption isotherms and Attenuated Total Reflectance-Fourier Transform Infrared (ATR-FTIR) analysis in Achira (Canna edulis K.) biscuits.zip,achira_water_adsorption,Water Adsorption Isotherms_Achira biscuits.xlsx,Sheet1,260,8a79f4d2e608ce6dc9d2dd55ad272b30,Water Adsorption Isotherms,1,35,0.3414,2.8200000000000003
Experimental water adsorption isotherms and Attenuated Total Reflectance-Fourier Transform Infrared (ATR-FTIR) analysis in Achira (Canna edulis K.) biscuits.zip,raw_data\phase1_biscuit\achira_water_adsorption\Experimental water adsorption isotherms and Attenuated Total Reflectance-Fourier Transform Infrared (ATR-FTIR) analysis in Achira (Canna edulis K.) biscuits.zip,achira_water_adsorption,Water Adsorption Isotherms_Achira biscuits.xlsx,Sheet1,261,0ea1a1b296d052b187506499827b18b3,Water Adsorption Isotherms,1,35,0.3516,2.9
Experimental water adsorption isotherms and Attenuated Total Reflectance-Fourier Transform Infrared (ATR-FTIR) analysis in Achira (Canna edulis K.) biscuits.zip,raw_data\phase1_biscuit\achira_water_adsorption\Experimental water adsorption isotherms and Attenuated Total Reflectance-Fourier Transform Infrared (ATR-FTIR) analysis in Achira (Canna edulis K.) biscuits.zip,achira_water_adsorption,Water Adsorption Isotherms_Achira biscuits.xlsx,Sheet1,262,6f13a54020ab7a02237c0d482e693611,Water Adsorption Isotherms,1,35,0.3622,2.95
Experimental water adsorption isotherms and Attenuated Total Reflectance-Fourier Transform Infrared (ATR-FTIR) analysis in Achira (Canna edulis K.) biscuits.zip,raw_data\phase1_biscuit\achira_water_adsorption\Experimental water adsorption isotherms and Attenuated Total Reflectance-Fourier Transform Infrared (ATR-FTIR) analysis in Achira (Canna edulis K.) biscuits.zip,achira_water_adsorption,Water Adsorption Isotherms_Achira biscuits.xlsx,Sheet1,263,bd9f8edc5ab26674058b911322add012,Water Adsorption Isotherms,1,35,0.3709,3.04
Experimental water adsorption isotherms and Attenuated Total Reflectance-Fourier Transform Infrared (ATR-FTIR) analysis in Achira (Canna edulis K.) biscuits.zip,raw_data\phase1_biscuit\achira_water_adsorption\Experimental water adsorption isotherms and Attenuated Total Reflectance-Fourier Transform Infrared (ATR-FTIR) analysis in Achira (Canna edulis K.) biscuits.zip,achira_water_adsorption,Water Adsorption Isotherms_Achira biscuits.xlsx,Sheet1,264,26c0f91d3cf304077ec1e8b1f536d448,Water Adsorption Isotherms,1,35,0.3777,3.11
Experimental water adsorption isotherms and Attenuated Total Reflectance-Fourier Transform Infrared (ATR-FTIR) analysis in Achira (Canna edulis K.) biscuits.zip,raw_data\phase1_biscuit\achira_water_adsorption\Experimental water adsorption isotherms and Attenuated Total Reflectance-Fourier Transform Infrared (ATR-FTIR) analysis in Achira (Canna edulis K.) biscuits.zip,achira_water_adsorption,Water Adsorption Isotherms_Achira biscuits.xlsx,Sheet1,265,0abc2a02062a0fc920b38ebc4a494c81,Water Adsorption Isotherms,1,35,0.3901,3.19
Experimental water adsorption isotherms and Attenuated Total Reflectance-Fourier Transform Infrared (ATR-FTIR) analysis in Achira (Canna edulis K.) biscuits.zip,raw_data\phase1_biscuit\achira_water_adsorption\Experimental water adsorption isotherms and Attenuated Total Reflectance-Fourier Transform Infrared (ATR-FTIR) analysis in Achira (Canna edulis K.) biscuits.zip,achira_water_adsorption,Water Adsorption Isotherms_Achira biscuits.xlsx,Sheet1,266,7f1bcce1912c65039121da61c61b4a72,Water Adsorption Isotherms,1,35,0.3953,3.2600000000000002
Experimental water adsorption isotherms and Attenuated Total Reflectance-Fourier Transform Infrared (ATR-FTIR) analysis in Achira (Canna edulis K.) biscuits.zip,raw_data\phase1_biscuit\achira_water_adsorption\Experimental water adsorption isotherms and Attenuated Total Reflectance-Fourier Transform Infrared (ATR-FTIR) analysis in Achira (Canna edulis K.) biscuits.zip,achira_water_adsorption,Water Adsorption Isotherms_Achira biscuits.xlsx,Sheet1,267,f2095309907ed169838376da62b31694,Water Adsorption Isotherms,1,35,0.4101,3.33
Experimental water adsorption isotherms and Attenuated Total Reflectance-Fourier Transform Infrared (ATR-FTIR) analysis in Achira (Canna edulis K.) biscuits.zip,raw_data\phase1_biscuit\achira_water_adsorption\Experimental water adsorption isotherms and Attenuated Total Reflectance-Fourier Transform Infrared (ATR-FTIR) analysis in Achira (Canna edulis K.) biscuits.zip,achira_water_adsorption,Water Adsorption Isotherms_Achira biscuits.xlsx,Sheet1,268,eb2af364dad9d5f07dba5991fa4616cf,Water Adsorption Isotherms,1,35,0.4179,3.41
Experimental water adsorption isotherms and Attenuated Total Reflectance-Fourier Transform Infrared (ATR-FTIR) analysis in Achira (Canna edulis K.) biscuits.zip,raw_data\phase1_biscuit\achira_water_adsorption\Experimental water adsorption isotherms and Attenuated Total Reflectance-Fourier Transform Infrared (ATR-FTIR) analysis in Achira (Canna edulis K.) biscuits.zip,achira_water_adsorption,Water Adsorption Isotherms_Achira biscuits.xlsx,Sheet1,269,6c2f7b4e9caf9adfee48508b07b96b03,Water Adsorption Isotherms,1,35,0.4239,3.5
Experimental water adsorption isotherms and Attenuated Total Reflectance-Fourier Transform Infrared (ATR-FTIR) analysis in Achira (Canna edulis K.) biscuits.zip,raw_data\phase1_biscuit\achira_water_adsorption\Experimental water adsorption isotherms and Attenuated Total Reflectance-Fourier Transform Infrared (ATR-FTIR) analysis in Achira (Canna edulis K.) biscuits.zip,achira_water_adsorption,Water Adsorption Isotherms_Achira biscuits.xlsx,Sheet1,270,76bc5dbc4ee2d70ad74c93d7ddd192dd,Water Adsorption Isotherms,1,35,0.4394,3.58
Experimental water adsorption isotherms and Attenuated Total Reflectance-Fourier Transform Infrared (ATR-FTIR) analysis in Achira (Canna edulis K.) biscuits.zip,raw_data\phase1_biscuit\achira_water_adsorption\Experimental water adsorption isotherms and Attenuated Total Reflectance-Fourier Transform Infrared (ATR-FTIR) analysis in Achira (Canna edulis K.) biscuits.zip,achira_water_adsorption,Water Adsorption Isotherms_Achira biscuits.xlsx,Sheet1,271,ce3d693a17154df7be40bb3e32ef6edc,Water Adsorption Isotherms,1,35,0.4438,3.65
Experimental water adsorption isotherms and Attenuated Total Reflectance-Fourier Transform Infrared (ATR-FTIR) analysis in Achira (Canna edulis K.) biscuits.zip,raw_data\phase1_biscuit\achira_water_adsorption\Experimental water adsorption isotherms and Attenuated Total Reflectance-Fourier Transform Infrared (ATR-FTIR) analysis in Achira (Canna edulis K.) biscuits.zip,achira_water_adsorption,Water Adsorption Isotherms_Achira biscuits.xlsx,Sheet1,272,3d482350990395747ed8862ad298e54c,Water Adsorption Isotherms,1,35,0.454,3.7399999999999998
Experimental water adsorption isotherms and Attenuated Total Reflectance-Fourier Transform Infrared (ATR-FTIR) analysis in Achira (Canna edulis K.) biscuits.zip,raw_data\phase1_biscuit\achira_water_adsorption\Experimental water adsorption isotherms and Attenuated Total Reflectance-Fourier Transform Infrared (ATR-FTIR) analysis in Achira (Canna edulis K.) biscuits.zip,achira_water_adsorption,Water Adsorption Isotherms_Achira biscuits.xlsx,Sheet1,273,7dca861ffb575ae1984668fa2c74e19c,Water Adsorption Isotherms,1,35,0.4632,3.7900000000000005
Experimental water adsorption isotherms and Attenuated Total Reflectance-Fourier Transform Infrared (ATR-FTIR) analysis in Achira (Canna edulis K.) biscuits.zip,raw_data\phase1_biscuit\achira_water_adsorption\Experimental water adsorption isotherms and Attenuated Total Reflectance-Fourier Transform Infrared (ATR-FTIR) analysis in Achira (Canna edulis K.) biscuits.zip,achira_water_adsorption,Water Adsorption Isotherms_Achira biscuits.xlsx,Sheet1,274,db36c50ab2062113bc8ce00898be68a5,Water Adsorption Isotherms,1,35,0.4755,3.8800000000000003
Experimental water adsorption isotherms and Attenuated Total Reflectance-Fourier Transform Infrared (ATR-FTIR) analysis in Achira (Canna edulis K.) biscuits.zip,raw_data\phase1_biscuit\achira_water_adsorption\Experimental water adsorption isotherms and Attenuated Total Reflectance-Fourier Transform Infrared (ATR-FTIR) analysis in Achira (Canna edulis K.) biscuits.zip,achira_water_adsorption,Water Adsorption Isotherms_Achira biscuits.xlsx,Sheet1,275,67f0318415d11c4238a75000e952d1fe,Water Adsorption Isotherms,1,35,0.4827,3.93
Experimental water adsorption isotherms and Attenuated Total Reflectance-Fourier Transform Infrared (ATR-FTIR) analysis in Achira (Canna edulis K.) biscuits.zip,raw_data\phase1_biscuit\achira_water_adsorption\Experimental water adsorption isotherms and Attenuated Total Reflectance-Fourier Transform Infrared (ATR-FTIR) analysis in Achira (Canna edulis K.) biscuits.zip,achira_water_adsorption,Water Adsorption Isotherms_Achira biscuits.xlsx,Sheet1,276,6597b254aed8ac899e9970fab03a6a1c,Water Adsorption Isotherms,1,35,0.4918,4.0
Experimental water adsorption isotherms and Attenuated Total Reflectance-Fourier Transform Infrared (ATR-FTIR) analysis in Achira (Canna edulis K.) biscuits.zip,raw_data\phase1_biscuit\achira_water_adsorption\Experimental water adsorption isotherms and Attenuated Total Reflectance-Fourier Transform Infrared (ATR-FTIR) analysis in Achira (Canna edulis K.) biscuits.zip,achira_water_adsorption,Water Adsorption Isotherms_Achira biscuits.xlsx,Sheet1,277,4ead93ed2e8d380758b1867f282db235,Water Adsorption Isotherms,1,35,0.5047,4.109999999999999
Experimental water adsorption isotherms and Attenuated Total Reflectance-Fourier Transform Infrared (ATR-FTIR) analysis in Achira (Canna edulis K.) biscuits.zip,raw_data\phase1_biscuit\achira_water_adsorption\Experimental water adsorption isotherms and Attenuated Total Reflectance-Fourier Transform Infrared (ATR-FTIR) analysis in Achira (Canna edulis K.) biscuits.zip,achira_water_adsorption,Water Adsorption Isotherms_Achira biscuits.xlsx,Sheet1,278,3f71bd500194b9a4e3ccd024c1c53298,Water Adsorption Isotherms,1,35,0.5071,4.22
Experimental water adsorption isotherms and Attenuated Total Reflectance-Fourier Transform Infrared (ATR-FTIR) analysis in Achira (Canna edulis K.) biscuits.zip,raw_data\phase1_biscuit\achira_water_adsorption\Experimental water adsorption isotherms and Attenuated Total Reflectance-Fourier Transform Infrared (ATR-FTIR) analysis in Achira (Canna edulis K.) biscuits.zip,achira_water_adsorption,Water Adsorption Isotherms_Achira biscuits.xlsx,Sheet1,279,9652ba649f69795486a26d2be7d6b4fe,Water Adsorption Isotherms,1,35,0.5227,4.3
Experimental water adsorption isotherms and Attenuated Total Reflectance-Fourier Transform Infrared (ATR-FTIR) analysis in Achira (Canna edulis K.) biscuits.zip,raw_data\phase1_biscuit\achira_water_adsorption\Experimental water adsorption isotherms and Attenuated Total Reflectance-Fourier Transform Infrared (ATR-FTIR) analysis in Achira (Canna edulis K.) biscuits.zip,achira_water_adsorption,Water Adsorption Isotherms_Achira biscuits.xlsx,Sheet1,280,3d68782ba51f7f40baaa32f4307cb203,Water Adsorption Isotherms,1,35,0.5308,4.38
Experimental water adsorption isotherms and Attenuated Total Reflectance-Fourier Transform Infrared (ATR-FTIR) analysis in Achira (Canna edulis K.) biscuits.zip,raw_data\phase1_biscuit\achira_water_adsorption\Experimental water adsorption isotherms and Attenuated Total Reflectance-Fourier Transform Infrared (ATR-FTIR) analysis in Achira (Canna edulis K.) biscuits.zip,achira_water_adsorption,Water Adsorption Isotherms_Achira biscuits.xlsx,Sheet1,281,30fc8e2bbfd8076fc5b55f4be73707bb,Water Adsorption Isotherms,1,35,0.5376,4.47
Experimental water adsorption isotherms and Attenuated Total Reflectance-Fourier Transform Infrared (ATR-FTIR) analysis in Achira (Canna edulis K.) biscuits.zip,raw_data\phase1_biscuit\achira_water_adsorption\Experimental water adsorption isotherms and Attenuated Total Reflectance-Fourier Transform Infrared (ATR-FTIR) analysis in Achira (Canna edulis K.) biscuits.zip,achira_water_adsorption,Water Adsorption Isotherms_Achira biscuits.xlsx,Sheet1,282,f31406ce8082f6ab7d0b110eae7f46af,Water Adsorption Isotherms,1,35,0.5498,4.569999999999999
Experimental water adsorption isotherms and Attenuated Total Reflectance-Fourier Transform Infrared (ATR-FTIR) analysis in Achira (Canna edulis K.) biscuits.zip,raw_data\phase1_biscuit\achira_water_adsorption\Experimental water adsorption isotherms and Attenuated Total Reflectance-Fourier Transform Infrared (ATR-FTIR) analysis in Achira (Canna edulis K.) biscuits.zip,achira_water_adsorption,Water Adsorption Isotherms_Achira biscuits.xlsx,Sheet1,283,8d9d790c21fad30fbecc0513d9999eff,Water Adsorption Isotherms,1,35,0.5589,4.67
Experimental water adsorption isotherms and Attenuated Total Reflectance-Fourier Transform Infrared (ATR-FTIR) analysis in Achira (Canna edulis K.) biscuits.zip,raw_data\phase1_biscuit\achira_water_adsorption\Experimental water adsorption isotherms and Attenuated Total Reflectance-Fourier Transform Infrared (ATR-FTIR) analysis in Achira (Canna edulis K.) biscuits.zip,achira_water_adsorption,Water Adsorption Isotherms_Achira biscuits.xlsx,Sheet1,284,c34e3589ac7cde0f508a1027b3624029,Water Adsorption Isotherms,1,35,0.5672,4.76
Experimental water adsorption isotherms and Attenuated Total Reflectance-Fourier Transform Infrared (ATR-FTIR) analysis in Achira (Canna edulis K.) biscuits.zip,raw_data\phase1_biscuit\achira_water_adsorption\Experimental water adsorption isotherms and Attenuated Total Reflectance-Fourier Transform Infrared (ATR-FTIR) analysis in Achira (Canna edulis K.) biscuits.zip,achira_water_adsorption,Water Adsorption Isotherms_Achira biscuits.xlsx,Sheet1,285,f814ee5e18e641a18ba69a17ccc71ec1,Water Adsorption Isotherms,1,35,0.5746,4.85
Experimental water adsorption isotherms and Attenuated Total Reflectance-Fourier Transform Infrared (ATR-FTIR) analysis in Achira (Canna edulis K.) biscuits.zip,raw_data\phase1_biscuit\achira_water_adsorption\Experimental water adsorption isotherms and Attenuated Total Reflectance-Fourier Transform Infrared (ATR-FTIR) analysis in Achira (Canna edulis K.) biscuits.zip,achira_water_adsorption,Water Adsorption Isotherms_Achira biscuits.xlsx,Sheet1,286,118c460af456deaa39d7d7af27a40367,Water Adsorption Isotherms,1,35,0.5889,4.96
Experimental water adsorption isotherms and Attenuated Total Reflectance-Fourier Transform Infrared (ATR-FTIR) analysis in Achira (Canna edulis K.) biscuits.zip,raw_data\phase1_biscuit\achira_water_adsorption\Experimental water adsorption isotherms and Attenuated Total Reflectance-Fourier Transform Infrared (ATR-FTIR) analysis in Achira (Canna edulis K.) biscuits.zip,achira_water_adsorption,Water Adsorption Isotherms_Achira biscuits.xlsx,Sheet1,287,48451981b64624be36e436f3c53e713c,Water Adsorption Isotherms,1,35,0.5973,5.05
Experimental water adsorption isotherms and Attenuated Total Reflectance-Fourier Transform Infrared (ATR-FTIR) analysis in Achira (Canna edulis K.) biscuits.zip,raw_data\phase1_biscuit\achira_water_adsorption\Experimental water adsorption isotherms and Attenuated Total Reflectance-Fourier Transform Infrared (ATR-FTIR) analysis in Achira (Canna edulis K.) biscuits.zip,achira_water_adsorption,Water Adsorption Isotherms_Achira biscuits.xlsx,Sheet1,288,cd7c7b9a52d9cc31fcfdb54ec2b7ec5f,Water Adsorption Isotherms,1,35,0.603,5.14
Experimental water adsorption isotherms and Attenuated Total Reflectance-Fourier Transform Infrared (ATR-FTIR) analysis in Achira (Canna edulis K.) biscuits.zip,raw_data\phase1_biscuit\achira_water_adsorption\Experimental water adsorption isotherms and Attenuated Total Reflectance-Fourier Transform Infrared (ATR-FTIR) analysis in Achira (Canna edulis K.) biscuits.zip,achira_water_adsorption,Water Adsorption Isotherms_Achira biscuits.xlsx,Sheet1,289,bb62f075478cc96527a5d9885f998684,Water Adsorption Isotherms,1,35,0.6121,5.2299999999999995
Experimental water adsorption isotherms and Attenuated Total Reflectance-Fourier Transform Infrared (ATR-FTIR) analysis in Achira (Canna edulis K.) biscuits.zip,raw_data\phase1_biscuit\achira_water_adsorption\Experimental water adsorption isotherms and Attenuated Total Reflectance-Fourier Transform Infrared (ATR-FTIR) analysis in Achira (Canna edulis K.) biscuits.zip,achira_water_adsorption,Water Adsorption Isotherms_Achira biscuits.xlsx,Sheet1,290,f8a47a273e2fc89fa3f53fa901107c70,Water Adsorption Isotherms,1,35,0.6263,5.34
Experimental water adsorption isotherms and Attenuated Total Reflectance-Fourier Transform Infrared (ATR-FTIR) analysis in Achira (Canna edulis K.) biscuits.zip,raw_data\phase1_biscuit\achira_water_adsorption\Experimental water adsorption isotherms and Attenuated Total Reflectance-Fourier Transform Infrared (ATR-FTIR) analysis in Achira (Canna edulis K.) biscuits.zip,achira_water_adsorption,Water Adsorption Isotherms_Achira biscuits.xlsx,Sheet1,291,e14b980518bd57a9deedcb8ede9962bf,Water Adsorption Isotherms,1,35,0.633,5.43
Experimental water adsorption isotherms and Attenuated Total Reflectance-Fourier Transform Infrared (ATR-FTIR) analysis in Achira (Canna edulis K.) biscuits.zip,raw_data\phase1_biscuit\achira_water_adsorption\Experimental water adsorption isotherms and Attenuated Total Reflectance-Fourier Transform Infrared (ATR-FTIR) analysis in Achira (Canna edulis K.) biscuits.zip,achira_water_adsorption,Water Adsorption Isotherms_Achira biscuits.xlsx,Sheet1,292,869d0af134d57603a45947032c2417ed,Water Adsorption Isotherms,1,35,0.6417,5.569999999999999
Experimental water adsorption isotherms and Attenuated Total Reflectance-Fourier Transform Infrared (ATR-FTIR) analysis in Achira (Canna edulis K.) biscuits.zip,raw_data\phase1_biscuit\achira_water_adsorption\Experimental water adsorption isotherms and Attenuated Total Reflectance-Fourier Transform Infrared (ATR-FTIR) analysis in Achira (Canna edulis K.) biscuits.zip,achira_water_adsorption,Water Adsorption Isotherms_Achira biscuits.xlsx,Sheet1,293,b5375e3070163705ca7c2e4fcae4204f,Water Adsorption Isotherms,1,35,0.6505,5.6899999999999995
Experimental water adsorption isotherms and Attenuated Total Reflectance-Fourier Transform Infrared (ATR-FTIR) analysis in Achira (Canna edulis K.) biscuits.zip,raw_data\phase1_biscuit\achira_water_adsorption\Experimental water adsorption isotherms and Attenuated Total Reflectance-Fourier Transform Infrared (ATR-FTIR) analysis in Achira (Canna edulis K.) biscuits.zip,achira_water_adsorption,Water Adsorption Isotherms_Achira biscuits.xlsx,Sheet1,294,49f171d2b67ebdda5ca210286c29189b,Water Adsorption Isotherms,1,35,0.6621,5.81
Experimental water adsorption isotherms and Attenuated Total Reflectance-Fourier Transform Infrared (ATR-FTIR) analysis in Achira (Canna edulis K.) biscuits.zip,raw_data\phase1_biscuit\achira_water_adsorption\Experimental water adsorption isotherms and Attenuated Total Reflectance-Fourier Transform Infrared (ATR-FTIR) analysis in Achira (Canna edulis K.) biscuits.zip,achira_water_adsorption,Water Adsorption Isotherms_Achira biscuits.xlsx,Sheet1,295,cb719c9bea1584826ab925d70562047d,Water Adsorption Isotherms,1,35,0.6715,5.9399999999999995
Experimental water adsorption isotherms and Attenuated Total Reflectance-Fourier Transform Infrared (ATR-FTIR) analysis in Achira (Canna edulis K.) biscuits.zip,raw_data\phase1_biscuit\achira_water_adsorption\Experimental water adsorption isotherms and Attenuated Total Reflectance-Fourier Transform Infrared (ATR-FTIR) analysis in Achira (Canna edulis K.) biscuits.zip,achira_water_adsorption,Water Adsorption Isotherms_Achira biscuits.xlsx,Sheet1,296,7b58b18f36941cb0ddc13d60b2e46083,Water Adsorption Isotherms,1,35,0.6816,6.029999999999999
Experimental water adsorption isotherms and Attenuated Total Reflectance-Fourier Transform Infrared (ATR-FTIR) analysis in Achira (Canna edulis K.) biscuits.zip,raw_data\phase1_biscuit\achira_water_adsorption\Experimental water adsorption isotherms and Attenuated Total Reflectance-Fourier Transform Infrared (ATR-FTIR) analysis in Achira (Canna edulis K.) biscuits.zip,achira_water_adsorption,Water Adsorption Isotherms_Achira biscuits.xlsx,Sheet1,297,38b701f8684bf1b648fd449baa00abf9,Water Adsorption Isotherms,1,35,0.6874,6.14
Experimental water adsorption isotherms and Attenuated Total Reflectance-Fourier Transform Infrared (ATR-FTIR) analysis in Achira (Canna edulis K.) biscuits.zip,raw_data\phase1_biscuit\achira_water_adsorption\Experimental water adsorption isotherms and Attenuated Total Reflectance-Fourier Transform Infrared (ATR-FTIR) analysis in Achira (Canna edulis K.) biscuits.zip,achira_water_adsorption,Water Adsorption Isotherms_Achira biscuits.xlsx,Sheet1,298,1591674ab866113b2d7d5064ace8b095,Water Adsorption Isotherms,1,35,0.6953,6.27
Experimental water adsorption isotherms and Attenuated Total Reflectance-Fourier Transform Infrared (ATR-FTIR) analysis in Achira (Canna edulis K.) biscuits.zip,raw_data\phase1_biscuit\achira_water_adsorption\Experimental water adsorption isotherms and Attenuated Total Reflectance-Fourier Transform Infrared (ATR-FTIR) analysis in Achira (Canna edulis K.) biscuits.zip,achira_water_adsorption,Water Adsorption Isotherms_Achira biscuits.xlsx,Sheet1,299,c54c64cbe6b2d6d8b6f514367ec96c82,Water Adsorption Isotherms,1,35,0.7071,6.3999999999999995
Experimental water adsorption isotherms and Attenuated Total Reflectance-Fourier Transform Infrared (ATR-FTIR) analysis in Achira (Canna edulis K.) biscuits.zip,raw_data\phase1_biscuit\achira_water_adsorption\Experimental water adsorption isotherms and Attenuated Total Reflectance-Fourier Transform Infrared (ATR-FTIR) analysis in Achira (Canna edulis K.) biscuits.zip,achira_water_adsorption,Water Adsorption Isotherms_Achira biscuits.xlsx,Sheet1,300,f567bf44baab67d96f51264ebc18d0cd,Water Adsorption Isotherms,1,35,0.7197,6.55
Experimental water adsorption isotherms and Attenuated Total Reflectance-Fourier Transform Infrared (ATR-FTIR) analysis in Achira (Canna edulis K.) biscuits.zip,raw_data\phase1_biscuit\achira_water_adsorption\Experimental water adsorption isotherms and Attenuated Total Reflectance-Fourier Transform Infrared (ATR-FTIR) analysis in Achira (Canna edulis K.) biscuits.zip,achira_water_adsorption,Water Adsorption Isotherms_Achira biscuits.xlsx,Sheet1,301,112e83138e9813619e54036c58d5923e,Water Adsorption Isotherms,1,35,0.7245,6.68
Experimental water adsorption isotherms and Attenuated Total Reflectance-Fourier Transform Infrared (ATR-FTIR) analysis in Achira (Canna edulis K.) biscuits.zip,raw_data\phase1_biscuit\achira_water_adsorption\Experimental water adsorption isotherms and Attenuated Total Reflectance-Fourier Transform Infrared (ATR-FTIR) analysis in Achira (Canna edulis K.) biscuits.zip,achira_water_adsorption,Water Adsorption Isotherms_Achira biscuits.xlsx,Sheet1,302,881775562c6c71ba4baa1e8ebcb59cc8,Water Adsorption Isotherms,1,35,0.7316,6.83
Experimental water adsorption isotherms and Attenuated Total Reflectance-Fourier Transform Infrared (ATR-FTIR) analysis in Achira (Canna edulis K.) biscuits.zip,raw_data\phase1_biscuit\achira_water_adsorption\Experimental water adsorption isotherms and Attenuated Total Reflectance-Fourier Transform Infrared (ATR-FTIR) analysis in Achira (Canna edulis K.) biscuits.zip,achira_water_adsorption,Water Adsorption Isotherms_Achira biscuits.xlsx,Sheet1,303,44c39b9015d188603bf494364bf767ec,Water Adsorption Isotherms,1,35,0.7457,7.0
Experimental water adsorption isotherms and Attenuated Total Reflectance-Fourier Transform Infrared (ATR-FTIR) analysis in Achira (Canna edulis K.) biscuits.zip,raw_data\phase1_biscuit\achira_water_adsorption\Experimental water adsorption isotherms and Attenuated Total Reflectance-Fourier Transform Infrared (ATR-FTIR) analysis in Achira (Canna edulis K.) biscuits.zip,achira_water_adsorption,Water Adsorption Isotherms_Achira biscuits.xlsx,Sheet1,304,59ddcc0aacde897f00c8ccaf246fc878,Water Adsorption Isotherms,1,35,0.7531,7.159999999999999
Experimental water adsorption isotherms and Attenuated Total Reflectance-Fourier Transform Infrared (ATR-FTIR) analysis in Achira (Canna edulis K.) biscuits.zip,raw_data\phase1_biscuit\achira_water_adsorption\Experimental water adsorption isotherms and Attenuated Total Reflectance-Fourier Transform Infrared (ATR-FTIR) analysis in Achira (Canna edulis K.) biscuits.zip,achira_water_adsorption,Water Adsorption Isotherms_Achira biscuits.xlsx,Sheet1,305,e75c98092261af50a9dfc7c32c7c3d7b,Water Adsorption Isotherms,1,35,0.7598,7.319999999999999
Experimental water adsorption isotherms and Attenuated Total Reflectance-Fourier Transform Infrared (ATR-FTIR) analysis in Achira (Canna edulis K.) biscuits.zip,raw_data\phase1_biscuit\achira_water_adsorption\Experimental water adsorption isotherms and Attenuated Total Reflectance-Fourier Transform Infrared (ATR-FTIR) analysis in Achira (Canna edulis K.) biscuits.zip,achira_water_adsorption,Water Adsorption Isotherms_Achira biscuits.xlsx,Sheet1,306,fdd41c31777c6bbf6e52035c19a48b5c,Water Adsorption Isotherms,1,35,0.7714,7.4799999999999995
Experimental water adsorption isotherms and Attenuated Total Reflectance-Fourier Transform Infrared (ATR-FTIR) analysis in Achira (Canna edulis K.) biscuits.zip,raw_data\phase1_biscuit\achira_water_adsorption\Experimental water adsorption isotherms and Attenuated Total Reflectance-Fourier Transform Infrared (ATR-FTIR) analysis in Achira (Canna edulis K.) biscuits.zip,achira_water_adsorption,Water Adsorption Isotherms_Achira biscuits.xlsx,Sheet1,307,917fe92a300a01315798d6e7b60687f8,Water Adsorption Isotherms,1,35,0.7778,7.65
Experimental water adsorption isotherms and Attenuated Total Reflectance-Fourier Transform Infrared (ATR-FTIR) analysis in Achira (Canna edulis K.) biscuits.zip,raw_data\phase1_biscuit\achira_water_adsorption\Experimental water adsorption isotherms and Attenuated Total Reflectance-Fourier Transform Infrared (ATR-FTIR) analysis in Achira (Canna edulis K.) biscuits.zip,achira_water_adsorption,Water Adsorption Isotherms_Achira biscuits.xlsx,Sheet1,308,4738e6de060060120ab501a1926b5df5,Water Adsorption Isotherms,1,35,0.7862,7.84
Experimental water adsorption isotherms and Attenuated Total Reflectance-Fourier Transform Infrared (ATR-FTIR) analysis in Achira (Canna edulis K.) biscuits.zip,raw_data\phase1_biscuit\achira_water_adsorption\Experimental water adsorption isotherms and Attenuated Total Reflectance-Fourier Transform Infrared (ATR-FTIR) analysis in Achira (Canna edulis K.) biscuits.zip,achira_water_adsorption,Water Adsorption Isotherms_Achira biscuits.xlsx,Sheet1,309,98684d429b72249397f05581e2eff099,Water Adsorption Isotherms,1,35,0.7944,8.04
Experimental water adsorption isotherms and Attenuated Total Reflectance-Fourier Transform Infrared (ATR-FTIR) analysis in Achira (Canna edulis K.) biscuits.zip,raw_data\phase1_biscuit\achira_water_adsorption\Experimental water adsorption isotherms and Attenuated Total Reflectance-Fourier Transform Infrared (ATR-FTIR) analysis in Achira (Canna edulis K.) biscuits.zip,achira_water_adsorption,Water Adsorption Isotherms_Achira biscuits.xlsx,Sheet1,310,af882c09d39c0ad3e144ac80048b906a,Water Adsorption Isotherms,1,35,0.8021,8.25
Experimental water adsorption isotherms and Attenuated Total Reflectance-Fourier Transform Infrared (ATR-FTIR) analysis in Achira (Canna edulis K.) biscuits.zip,raw_data\phase1_biscuit\achira_water_adsorption\Experimental water adsorption isotherms and Attenuated Total Reflectance-Fourier Transform Infrared (ATR-FTIR) analysis in Achira (Canna edulis K.) biscuits.zip,achira_water_adsorption,Water Adsorption Isotherms_Achira biscuits.xlsx,Sheet1,311,fe21f3da4945cfc6cc40bacdc2d15cc0,Water Adsorption Isotherms,2,35,0.0992,1.71
Experimental water adsorption isotherms and Attenuated Total Reflectance-Fourier Transform Infrared (ATR-FTIR) analysis in Achira (Canna edulis K.) biscuits.zip,raw_data\phase1_biscuit\achira_water_adsorption\Experimental water adsorption isotherms and Attenuated Total Reflectance-Fourier Transform Infrared (ATR-FTIR) analysis in Achira (Canna edulis K.) biscuits.zip,achira_water_adsorption,Water Adsorption Isotherms_Achira biscuits.xlsx,Sheet1,312,d18167e751b458411954b74357357fec,Water Adsorption Isotherms,2,35,0.116,1.5799999999999998
Experimental water adsorption isotherms and Attenuated Total Reflectance-Fourier Transform Infrared (ATR-FTIR) analysis in Achira (Canna edulis K.) biscuits.zip,raw_data\phase1_biscuit\achira_water_adsorption\Experimental water adsorption isotherms and Attenuated Total Reflectance-Fourier Transform Infrared (ATR-FTIR) analysis in Achira (Canna edulis K.) biscuits.zip,achira_water_adsorption,Water Adsorption Isotherms_Achira biscuits.xlsx,Sheet1,313,71a5f3bebb2f9f86bfa7ff4f77cf9b8c,Water Adsorption Isotherms,2,35,0.1323,1.6199999999999999
Experimental water adsorption isotherms and Attenuated Total Reflectance-Fourier Transform Infrared (ATR-FTIR) analysis in Achira (Canna edulis K.) biscuits.zip,raw_data\phase1_biscuit\achira_water_adsorption\Experimental water adsorption isotherms and Attenuated Total Reflectance-Fourier Transform Infrared (ATR-FTIR) analysis in Achira (Canna edulis K.) biscuits.zip,achira_water_adsorption,Water Adsorption Isotherms_Achira biscuits.xlsx,Sheet1,314,f44efc82280479721530fb69dd6113e0,Water Adsorption Isotherms,2,35,0.1432,1.66
Experimental water adsorption isotherms and Attenuated Total Reflectance-Fourier Transform Infrared (ATR-FTIR) analysis in Achira (Canna edulis K.) biscuits.zip,raw_data\phase1_biscuit\achira_water_adsorption\Experimental water adsorption isotherms and Attenuated Total Reflectance-Fourier Transform Infrared (ATR-FTIR) analysis in Achira (Canna edulis K.) biscuits.zip,achira_water_adsorption,Water Adsorption Isotherms_Achira biscuits.xlsx,Sheet1,315,a7bf017c8e94aded47dd1c09e8004a9b,Water Adsorption Isotherms,2,35,0.1497,1.69
Experimental water adsorption isotherms and Attenuated Total Reflectance-Fourier Transform Infrared (ATR-FTIR) analysis in Achira (Canna edulis K.) biscuits.zip,raw_data\phase1_biscuit\achira_water_adsorption\Experimental water adsorption isotherms and Attenuated Total Reflectance-Fourier Transform Infrared (ATR-FTIR) analysis in Achira (Canna edulis K.) biscuits.zip,achira_water_adsorption,Water Adsorption Isotherms_Achira biscuits.xlsx,Sheet1,316,bc18cb5a2b1b67263cdcdba9ef46c282,Water Adsorption Isotherms,2,35,0.1571,1.73
Experimental water adsorption isotherms and Attenuated Total Reflectance-Fourier Transform Infrared (ATR-FTIR) analysis in Achira (Canna edulis K.) biscuits.zip,raw_data\phase1_biscuit\achira_water_adsorption\Experimental water adsorption isotherms and Attenuated Total Reflectance-Fourier Transform Infrared (ATR-FTIR) analysis in Achira (Canna edulis K.) biscuits.zip,achira_water_adsorption,Water Adsorption Isotherms_Achira biscuits.xlsx,Sheet1,317,16109e99a04171c6faec52cededfadea,Water Adsorption Isotherms,2,35,0.1634,1.75
Experimental water adsorption isotherms and Attenuated Total Reflectance-Fourier Transform Infrared (ATR-FTIR) analysis in Achira (Canna edulis K.) biscuits.zip,raw_data\phase1_biscuit\achira_water_adsorption\Experimental water adsorption isotherms and Attenuated Total Reflectance-Fourier Transform Infrared (ATR-FTIR) analysis in Achira (Canna edulis K.) biscuits.zip,achira_water_adsorption,Water Adsorption Isotherms_Achira biscuits.xlsx,Sheet1,318,aa8829a8d00d76f6cfd6c10d6ef3c838,Water Adsorption Isotherms,2,35,0.1727,1.79
Experimental water adsorption isotherms and Attenuated Total Reflectance-Fourier Transform Infrared (ATR-FTIR) analysis in Achira (Canna edulis K.) biscuits.zip,raw_data\phase1_biscuit\achira_water_adsorption\Experimental water adsorption isotherms and Attenuated Total Reflectance-Fourier Transform Infrared (ATR-FTIR) analysis in Achira (Canna edulis K.) biscuits.zip,achira_water_adsorption,Water Adsorption Isotherms_Achira biscuits.xlsx,Sheet1,319,3899832c6aa9afc926fccec6232e3ea2,Water Adsorption Isotherms,2,35,0.1803,1.79
Experimental water adsorption isotherms and Attenuated Total Reflectance-Fourier Transform Infrared (ATR-FTIR) analysis in Achira (Canna edulis K.) biscuits.zip,raw_data\phase1_biscuit\achira_water_adsorption\Experimental water adsorption isotherms and Attenuated Total Reflectance-Fourier Transform Infrared (ATR-FTIR) analysis in Achira (Canna edulis K.) biscuits.zip,achira_water_adsorption,Water Adsorption Isotherms_Achira biscuits.xlsx,Sheet1,320,1c0f825059f5fbf6be7b68819d57e64b,Water Adsorption Isotherms,2,35,0.1875,1.8399999999999999
Experimental water adsorption isotherms and Attenuated Total Reflectance-Fourier Transform Infrared (ATR-FTIR) analysis in Achira (Canna edulis K.) biscuits.zip,raw_data\phase1_biscuit\achira_water_adsorption\Experimental water adsorption isotherms and Attenuated Total Reflectance-Fourier Transform Infrared (ATR-FTIR) analysis in Achira (Canna edulis K.) biscuits.zip,achira_water_adsorption,Water Adsorption Isotherms_Achira biscuits.xlsx,Sheet1,321,bcfcd783589ac819e5e83f4079bb3b61,Water Adsorption Isotherms,2,35,0.1971,1.8900000000000001
Experimental water adsorption isotherms and Attenuated Total Reflectance-Fourier Transform Infrared (ATR-FTIR) analysis in Achira (Canna edulis K.) biscuits.zip,raw_data\phase1_biscuit\achira_water_adsorption\Experimental water adsorption isotherms and Attenuated Total Reflectance-Fourier Transform Infrared (ATR-FTIR) analysis in Achira (Canna edulis K.) biscuits.zip,achira_water_adsorption,Water Adsorption Isotherms_Achira biscuits.xlsx,Sheet1,322,100f84501857656c4cc2a58cf0185539,Water Adsorption Isotherms,2,35,0.2064,1.9299999999999997
Experimental water adsorption isotherms and Attenuated Total Reflectance-Fourier Transform Infrared (ATR-FTIR) analysis in Achira (Canna edulis K.) biscuits.zip,raw_data\phase1_biscuit\achira_water_adsorption\Experimental water adsorption isotherms and Attenuated Total Reflectance-Fourier Transform Infrared (ATR-FTIR) analysis in Achira (Canna edulis K.) biscuits.zip,achira_water_adsorption,Water Adsorption Isotherms_Achira biscuits.xlsx,Sheet1,323,593ca6ff768d794d336db4d91f8aa3d0,Water Adsorption Isotherms,2,35,0.2154,1.98
Experimental water adsorption isotherms and Attenuated Total Reflectance-Fourier Transform Infrared (ATR-FTIR) analysis in Achira (Canna edulis K.) biscuits.zip,raw_data\phase1_biscuit\achira_water_adsorption\Experimental water adsorption isotherms and Attenuated Total Reflectance-Fourier Transform Infrared (ATR-FTIR) analysis in Achira (Canna edulis K.) biscuits.zip,achira_water_adsorption,Water Adsorption Isotherms_Achira biscuits.xlsx,Sheet1,324,8767143f0df03207f7e0b740d95caea6,Water Adsorption Isotherms,2,35,0.2241,2.03
Experimental water adsorption isotherms and Attenuated Total Reflectance-Fourier Transform Infrared (ATR-FTIR) analysis in Achira (Canna edulis K.) biscuits.zip,raw_data\phase1_biscuit\achira_water_adsorption\Experimental water adsorption isotherms and Attenuated Total Reflectance-Fourier Transform Infrared (ATR-FTIR) analysis in Achira (Canna edulis K.) biscuits.zip,achira_water_adsorption,Water Adsorption Isotherms_Achira biscuits.xlsx,Sheet1,325,f432482a0a5dd4861a423c9da5474fad,Water Adsorption Isotherms,2,35,0.2337,2.08
Experimental water adsorption isotherms and Attenuated Total Reflectance-Fourier Transform Infrared (ATR-FTIR) analysis in Achira (Canna edulis K.) biscuits.zip,raw_data\phase1_biscuit\achira_water_adsorption\Experimental water adsorption isotherms and Attenuated Total Reflectance-Fourier Transform Infrared (ATR-FTIR) analysis in Achira (Canna edulis K.) biscuits.zip,achira_water_adsorption,Water Adsorption Isotherms_Achira biscuits.xlsx,Sheet1,326,967a17c7f31be198fdf3292bf4bdc6fe,Water Adsorption Isotherms,2,35,0.2399,2.14
Experimental water adsorption isotherms and Attenuated Total Reflectance-Fourier Transform Infrared (ATR-FTIR) analysis in Achira (Canna edulis K.) biscuits.zip,raw_data\phase1_biscuit\achira_water_adsorption\Experimental water adsorption isotherms and Attenuated Total Reflectance-Fourier Transform Infrared (ATR-FTIR) analysis in Achira (Canna edulis K.) biscuits.zip,achira_water_adsorption,Water Adsorption Isotherms_Achira biscuits.xlsx,Sheet1,327,319a1d57a6120a61fd3d29349965278c,Water Adsorption Isotherms,2,35,0.2519,2.19
Experimental water adsorption isotherms and Attenuated Total Reflectance-Fourier Transform Infrared (ATR-FTIR) analysis in Achira (Canna edulis K.) biscuits.zip,raw_data\phase1_biscuit\achira_water_adsorption\Experimental water adsorption isotherms and Attenuated Total Reflectance-Fourier Transform Infrared (ATR-FTIR) analysis in Achira (Canna edulis K.) biscuits.zip,achira_water_adsorption,Water Adsorption Isotherms_Achira biscuits.xlsx,Sheet1,328,e0b0b69a3e0c4b7f88be6d4bed11d18b,Water Adsorption Isotherms,2,35,0.2617,2.2399999999999998
Experimental water adsorption isotherms and Attenuated Total Reflectance-Fourier Transform Infrared (ATR-FTIR) analysis in Achira (Canna edulis K.) biscuits.zip,raw_data\phase1_biscuit\achira_water_adsorption\Experimental water adsorption isotherms and Attenuated Total Reflectance-Fourier Transform Infrared (ATR-FTIR) analysis in Achira (Canna edulis K.) biscuits.zip,achira_water_adsorption,Water Adsorption Isotherms_Achira biscuits.xlsx,Sheet1,329,fa50e88c09f8dae436a61867715d3052,Water Adsorption Isotherms,2,35,0.2676,2.31
Experimental water adsorption isotherms and Attenuated Total Reflectance-Fourier Transform Infrared (ATR-FTIR) analysis in Achira (Canna edulis K.) biscuits.zip,raw_data\phase1_biscuit\achira_water_adsorption\Experimental water adsorption isotherms and Attenuated Total Reflectance-Fourier Transform Infrared (ATR-FTIR) analysis in Achira (Canna edulis K.) biscuits.zip,achira_water_adsorption,Water Adsorption Isotherms_Achira biscuits.xlsx,Sheet1,330,6b8d5a318cb94532e3af199b667aa88a,Water Adsorption Isotherms,2,35,0.2809,2.38
Experimental water adsorption isotherms and Attenuated Total Reflectance-Fourier Transform Infrared (ATR-FTIR) analysis in Achira (Canna edulis K.) biscuits.zip,raw_data\phase1_biscuit\achira_water_adsorption\Experimental water adsorption isotherms and Attenuated Total Reflectance-Fourier Transform Infrared (ATR-FTIR) analysis in Achira (Canna edulis K.) biscuits.zip,achira_water_adsorption,Water Adsorption Isotherms_Achira biscuits.xlsx,Sheet1,331,246bacaca3f6cfa7784e20f6ba064560,Water Adsorption Isotherms,2,35,0.2863,2.46
Experimental water adsorption isotherms and Attenuated Total Reflectance-Fourier Transform Infrared (ATR-FTIR) analysis in Achira (Canna edulis K.) biscuits.zip,raw_data\phase1_biscuit\achira_water_adsorption\Experimental water adsorption isotherms and Attenuated Total Reflectance-Fourier Transform Infrared (ATR-FTIR) analysis in Achira (Canna edulis K.) biscuits.zip,achira_water_adsorption,Water Adsorption Isotherms_Achira biscuits.xlsx,Sheet1,332,8108b4a6ebf1d1e1055eed38a65a6137,Water Adsorption Isotherms,2,35,0.2975,2.53
Experimental water adsorption isotherms and Attenuated Total Reflectance-Fourier Transform Infrared (ATR-FTIR) analysis in Achira (Canna edulis K.) biscuits.zip,raw_data\phase1_biscuit\achira_water_adsorption\Experimental water adsorption isotherms and Attenuated Total Reflectance-Fourier Transform Infrared (ATR-FTIR) analysis in Achira (Canna edulis K.) biscuits.zip,achira_water_adsorption,Water Adsorption Isotherms_Achira biscuits.xlsx,Sheet1,333,8fa8aabafc9fa908b3e885353a9dc003,Water Adsorption Isotherms,2,35,0.3071,2.6
Experimental water adsorption isotherms and Attenuated Total Reflectance-Fourier Transform Infrared (ATR-FTIR) analysis in Achira (Canna edulis K.) biscuits.zip,raw_data\phase1_biscuit\achira_water_adsorption\Experimental water adsorption isotherms and Attenuated Total Reflectance-Fourier Transform Infrared (ATR-FTIR) analysis in Achira (Canna edulis K.) biscuits.zip,achira_water_adsorption,Water Adsorption Isotherms_Achira biscuits.xlsx,Sheet1,334,fb9de62db1473e3ac9bbbf75426c3c11,Water Adsorption Isotherms,2,35,0.3182,2.67
Experimental water adsorption isotherms and Attenuated Total Reflectance-Fourier Transform Infrared (ATR-FTIR) analysis in Achira (Canna edulis K.) biscuits.zip,raw_data\phase1_biscuit\achira_water_adsorption\Experimental water adsorption isotherms and Attenuated Total Reflectance-Fourier Transform Infrared (ATR-FTIR) analysis in Achira (Canna edulis K.) biscuits.zip,achira_water_adsorption,Water Adsorption Isotherms_Achira biscuits.xlsx,Sheet1,335,d7adcc898db0076d49195d808cda8dba,Water Adsorption Isotherms,2,35,0.3251,2.7399999999999998
Experimental water adsorption isotherms and Attenuated Total Reflectance-Fourier Transform Infrared (ATR-FTIR) analysis in Achira (Canna edulis K.) biscuits.zip,raw_data\phase1_biscuit\achira_water_adsorption\Experimental water adsorption isotherms and Attenuated Total Reflectance-Fourier Transform Infrared (ATR-FTIR) analysis in Achira (Canna edulis K.) biscuits.zip,achira_water_adsorption,Water Adsorption Isotherms_Achira biscuits.xlsx,Sheet1,336,a5630e753fa724880983413cf9f4aea2,Water Adsorption Isotherms,2,35,0.3333,2.83
Experimental water adsorption isotherms and Attenuated Total Reflectance-Fourier Transform Infrared (ATR-FTIR) analysis in Achira (Canna edulis K.) biscuits.zip,raw_data\phase1_biscuit\achira_water_adsorption\Experimental water adsorption isotherms and Attenuated Total Reflectance-Fourier Transform Infrared (ATR-FTIR) analysis in Achira (Canna edulis K.) biscuits.zip,achira_water_adsorption,Water Adsorption Isotherms_Achira biscuits.xlsx,Sheet1,337,ad867830d30de7be7878a5884435cedf,Water Adsorption Isotherms,2,35,0.3471,2.9
Experimental water adsorption isotherms and Attenuated Total Reflectance-Fourier Transform Infrared (ATR-FTIR) analysis in Achira (Canna edulis K.) biscuits.zip,raw_data\phase1_biscuit\achira_water_adsorption\Experimental water adsorption isotherms and Attenuated Total Reflectance-Fourier Transform Infrared (ATR-FTIR) analysis in Achira (Canna edulis K.) biscuits.zip,achira_water_adsorption,Water Adsorption Isotherms_Achira biscuits.xlsx,Sheet1,338,72196b1537b5d677eaeae33239d6b5e6,Water Adsorption Isotherms,2,35,0.3552,2.9699999999999998
Experimental water adsorption isotherms and Attenuated Total Reflectance-Fourier Transform Infrared (ATR-FTIR) analysis in Achira (Canna edulis K.) biscuits.zip,raw_data\phase1_biscuit\achira_water_adsorption\Experimental water adsorption isotherms and Attenuated Total Reflectance-Fourier Transform Infrared (ATR-FTIR) analysis in Achira (Canna edulis K.) biscuits.zip,achira_water_adsorption,Water Adsorption Isotherms_Achira biscuits.xlsx,Sheet1,339,3f50623749d9dd754179179ea80bb11f,Water Adsorption Isotherms,2,35,0.3611,3.05
Experimental water adsorption isotherms and Attenuated Total Reflectance-Fourier Transform Infrared (ATR-FTIR) analysis in Achira (Canna edulis K.) biscuits.zip,raw_data\phase1_biscuit\achira_water_adsorption\Experimental water adsorption isotherms and Attenuated Total Reflectance-Fourier Transform Infrared (ATR-FTIR) analysis in Achira (Canna edulis K.) biscuits.zip,achira_water_adsorption,Water Adsorption Isotherms_Achira biscuits.xlsx,Sheet1,340,472206c1909e15893ba77aa835164811,Water Adsorption Isotherms,2,35,0.3764,3.13
Experimental water adsorption isotherms and Attenuated Total Reflectance-Fourier Transform Infrared (ATR-FTIR) analysis in Achira (Canna edulis K.) biscuits.zip,raw_data\phase1_biscuit\achira_water_adsorption\Experimental water adsorption isotherms and Attenuated Total Reflectance-Fourier Transform Infrared (ATR-FTIR) analysis in Achira (Canna edulis K.) biscuits.zip,achira_water_adsorption,Water Adsorption Isotherms_Achira biscuits.xlsx,Sheet1,341,fa7233c0d54f03e07d90f2b0fe6ecc4a,Water Adsorption Isotherms,2,35,0.3836,3.1799999999999997
Experimental water adsorption isotherms and Attenuated Total Reflectance-Fourier Transform Infrared (ATR-FTIR) analysis in Achira (Canna edulis K.) biscuits.zip,raw_data\phase1_biscuit\achira_water_adsorption\Experimental water adsorption isotherms and Attenuated Total Reflectance-Fourier Transform Infrared (ATR-FTIR) analysis in Achira (Canna edulis K.) biscuits.zip,achira_water_adsorption,Water Adsorption Isotherms_Achira biscuits.xlsx,Sheet1,342,843884cd4fa5506b76be07516c434652,Water Adsorption Isotherms,2,35,0.3893,3.25
Experimental water adsorption isotherms and Attenuated Total Reflectance-Fourier Transform Infrared (ATR-FTIR) analysis in Achira (Canna edulis K.) biscuits.zip,raw_data\phase1_biscuit\achira_water_adsorption\Experimental water adsorption isotherms and Attenuated Total Reflectance-Fourier Transform Infrared (ATR-FTIR) analysis in Achira (Canna edulis K.) biscuits.zip,achira_water_adsorption,Water Adsorption Isotherms_Achira biscuits.xlsx,Sheet1,343,1b52ce5145d0c6047c21c2776fa6ddec,Water Adsorption Isotherms,2,35,0.405,3.34
Experimental water adsorption isotherms and Attenuated Total Reflectance-Fourier Transform Infrared (ATR-FTIR) analysis in Achira (Canna edulis K.) biscuits.zip,raw_data\phase1_biscuit\achira_water_adsorption\Experimental water adsorption isotherms and Attenuated Total Reflectance-Fourier Transform Infrared (ATR-FTIR) analysis in Achira (Canna edulis K.) biscuits.zip,achira_water_adsorption,Water Adsorption Isotherms_Achira biscuits.xlsx,Sheet1,344,94ac4fb4175598541f0f187bd14cdb70,Water Adsorption Isotherms,2,35,0.4143,3.42
Experimental water adsorption isotherms and Attenuated Total Reflectance-Fourier Transform Infrared (ATR-FTIR) analysis in Achira (Canna edulis K.) biscuits.zip,raw_data\phase1_biscuit\achira_water_adsorption\Experimental water adsorption isotherms and Attenuated Total Reflectance-Fourier Transform Infrared (ATR-FTIR) analysis in Achira (Canna edulis K.) biscuits.zip,achira_water_adsorption,Water Adsorption Isotherms_Achira biscuits.xlsx,Sheet1,345,64c2e14bab068e4dd2ef91e427bd3427,Water Adsorption Isotherms,2,35,0.4201,3.5
Experimental water adsorption isotherms and Attenuated Total Reflectance-Fourier Transform Infrared (ATR-FTIR) analysis in Achira (Canna edulis K.) biscuits.zip,raw_data\phase1_biscuit\achira_water_adsorption\Experimental water adsorption isotherms and Attenuated Total Reflectance-Fourier Transform Infrared (ATR-FTIR) analysis in Achira (Canna edulis K.) biscuits.zip,achira_water_adsorption,Water Adsorption Isotherms_Achira biscuits.xlsx,Sheet1,346,1152dff881825f81e297b80ee0e4afe3,Water Adsorption Isotherms,2,35,0.4305,3.58
Experimental water adsorption isotherms and Attenuated Total Reflectance-Fourier Transform Infrared (ATR-FTIR) analysis in Achira (Canna edulis K.) biscuits.zip,raw_data\phase1_biscuit\achira_water_adsorption\Experimental water adsorption isotherms and Attenuated Total Reflectance-Fourier Transform Infrared (ATR-FTIR) analysis in Achira (Canna edulis K.) biscuits.zip,achira_water_adsorption,Water Adsorption Isotherms_Achira biscuits.xlsx,Sheet1,347,e2649ddaf44412ef56451c18efb7d705,Water Adsorption Isotherms,2,35,0.4392,3.66
Experimental water adsorption isotherms and Attenuated Total Reflectance-Fourier Transform Infrared (ATR-FTIR) analysis in Achira (Canna edulis K.) biscuits.zip,raw_data\phase1_biscuit\achira_water_adsorption\Experimental water adsorption isotherms and Attenuated Total Reflectance-Fourier Transform Infrared (ATR-FTIR) analysis in Achira (Canna edulis K.) biscuits.zip,achira_water_adsorption,Water Adsorption Isotherms_Achira biscuits.xlsx,Sheet1,348,0bfa69bdc00bd07e90c3d2384d2bd678,Water Adsorption Isotherms,2,35,0.4525,3.75
Experimental water adsorption isotherms and Attenuated Total Reflectance-Fourier Transform Infrared (ATR-FTIR) analysis in Achira (Canna edulis K.) biscuits.zip,raw_data\phase1_biscuit\achira_water_adsorption\Experimental water adsorption isotherms and Attenuated Total Reflectance-Fourier Transform Infrared (ATR-FTIR) analysis in Achira (Canna edulis K.) biscuits.zip,achira_water_adsorption,Water Adsorption Isotherms_Achira biscuits.xlsx,Sheet1,349,4c277cdce91efe0b5b9e9e53abffe3b4,Water Adsorption Isotherms,2,35,0.4596,3.83
Experimental water adsorption isotherms and Attenuated Total Reflectance-Fourier Transform Infrared (ATR-FTIR) analysis in Achira (Canna edulis K.) biscuits.zip,raw_data\phase1_biscuit\achira_water_adsorption\Experimental water adsorption isotherms and Attenuated Total Reflectance-Fourier Transform Infrared (ATR-FTIR) analysis in Achira (Canna edulis K.) biscuits.zip,achira_water_adsorption,Water Adsorption Isotherms_Achira biscuits.xlsx,Sheet1,350,4612ee451e8311ab6eed8441c1ac574f,Water Adsorption Isotherms,2,35,0.4708,3.92
Experimental water adsorption isotherms and Attenuated Total Reflectance-Fourier Transform Infrared (ATR-FTIR) analysis in Achira (Canna edulis K.) biscuits.zip,raw_data\phase1_biscuit\achira_water_adsorption\Experimental water adsorption isotherms and Attenuated Total Reflectance-Fourier Transform Infrared (ATR-FTIR) analysis in Achira (Canna edulis K.) biscuits.zip,achira_water_adsorption,Water Adsorption Isotherms_Achira biscuits.xlsx,Sheet1,351,8cfedc20f4a2afa2a7a7d8f1ce3396c5,Water Adsorption Isotherms,2,35,0.4774,3.99
Experimental water adsorption isotherms and Attenuated Total Reflectance-Fourier Transform Infrared (ATR-FTIR) analysis in Achira (Canna edulis K.) biscuits.zip,raw_data\phase1_biscuit\achira_water_adsorption\Experimental water adsorption isotherms and Attenuated Total Reflectance-Fourier Transform Infrared (ATR-FTIR) analysis in Achira (Canna edulis K.) biscuits.zip,achira_water_adsorption,Water Adsorption Isotherms_Achira biscuits.xlsx,Sheet1,352,d724bc4b1b53550f5c55fc587ca07f90,Water Adsorption Isotherms,2,35,0.4849,4.06
Experimental water adsorption isotherms and Attenuated Total Reflectance-Fourier Transform Infrared (ATR-FTIR) analysis in Achira (Canna edulis K.) biscuits.zip,raw_data\phase1_biscuit\achira_water_adsorption\Experimental water adsorption isotherms and Attenuated Total Reflectance-Fourier Transform Infrared (ATR-FTIR) analysis in Achira (Canna edulis K.) biscuits.zip,achira_water_adsorption,Water Adsorption Isotherms_Achira biscuits.xlsx,Sheet1,353,508e1d05af2a177224dd5098771b9aa2,Water Adsorption Isotherms,2,35,0.5026,4.16
Experimental water adsorption isotherms and Attenuated Total Reflectance-Fourier Transform Infrared (ATR-FTIR) analysis in Achira (Canna edulis K.) biscuits.zip,raw_data\phase1_biscuit\achira_water_adsorption\Experimental water adsorption isotherms and Attenuated Total Reflectance-Fourier Transform Infrared (ATR-FTIR) analysis in Achira (Canna edulis K.) biscuits.zip,achira_water_adsorption,Water Adsorption Isotherms_Achira biscuits.xlsx,Sheet1,354,3d474ccb76a123494ea2cc42d2351c74,Water Adsorption Isotherms,2,35,0.506,4.24
Experimental water adsorption isotherms and Attenuated Total Reflectance-Fourier Transform Infrared (ATR-FTIR) analysis in Achira (Canna edulis K.) biscuits.zip,raw_data\phase1_biscuit\achira_water_adsorption\Experimental water adsorption isotherms and Attenuated Total Reflectance-Fourier Transform Infrared (ATR-FTIR) analysis in Achira (Canna edulis K.) biscuits.zip,achira_water_adsorption,Water Adsorption Isotherms_Achira biscuits.xlsx,Sheet1,355,7c55930ac260059777b31854b9a02ef0,Water Adsorption Isotherms,2,35,0.5179,4.34
Experimental water adsorption isotherms and Attenuated Total Reflectance-Fourier Transform Infrared (ATR-FTIR) analysis in Achira (Canna edulis K.) biscuits.zip,raw_data\phase1_biscuit\achira_water_adsorption\Experimental water adsorption isotherms and Attenuated Total Reflectance-Fourier Transform Infrared (ATR-FTIR) analysis in Achira (Canna edulis K.) biscuits.zip,achira_water_adsorption,Water Adsorption Isotherms_Achira biscuits.xlsx,Sheet1,356,ab6d6bb6090fd920b46236db52fb5017,Water Adsorption Isotherms,2,35,0.5251,4.41
Experimental water adsorption isotherms and Attenuated Total Reflectance-Fourier Transform Infrared (ATR-FTIR) analysis in Achira (Canna edulis K.) biscuits.zip,raw_data\phase1_biscuit\achira_water_adsorption\Experimental water adsorption isotherms and Attenuated Total Reflectance-Fourier Transform Infrared (ATR-FTIR) analysis in Achira (Canna edulis K.) biscuits.zip,achira_water_adsorption,Water Adsorption Isotherms_Achira biscuits.xlsx,Sheet1,357,143c6ce0e84a4e5fecabdd97215d76e4,Water Adsorption Isotherms,2,35,0.5376,4.51
Experimental water adsorption isotherms and Attenuated Total Reflectance-Fourier Transform Infrared (ATR-FTIR) analysis in Achira (Canna edulis K.) biscuits.zip,raw_data\phase1_biscuit\achira_water_adsorption\Experimental water adsorption isotherms and Attenuated Total Reflectance-Fourier Transform Infrared (ATR-FTIR) analysis in Achira (Canna edulis K.) biscuits.zip,achira_water_adsorption,Water Adsorption Isotherms_Achira biscuits.xlsx,Sheet1,358,68fdea645baf510b30b513e65e246549,Water Adsorption Isotherms,2,35,0.546,4.6
Experimental water adsorption isotherms and Attenuated Total Reflectance-Fourier Transform Infrared (ATR-FTIR) analysis in Achira (Canna edulis K.) biscuits.zip,raw_data\phase1_biscuit\achira_water_adsorption\Experimental water adsorption isotherms and Attenuated Total Reflectance-Fourier Transform Infrared (ATR-FTIR) analysis in Achira (Canna edulis K.) biscuits.zip,achira_water_adsorption,Water Adsorption Isotherms_Achira biscuits.xlsx,Sheet1,359,6139ff1d2034fb3ca94f7e7cdae58eb6,Water Adsorption Isotherms,2,35,0.5527,4.6899999999999995
Experimental water adsorption isotherms and Attenuated Total Reflectance-Fourier Transform Infrared (ATR-FTIR) analysis in Achira (Canna edulis K.) biscuits.zip,raw_data\phase1_biscuit\achira_water_adsorption\Experimental water adsorption isotherms and Attenuated Total Reflectance-Fourier Transform Infrared (ATR-FTIR) analysis in Achira (Canna edulis K.) biscuits.zip,achira_water_adsorption,Water Adsorption Isotherms_Achira biscuits.xlsx,Sheet1,360,2d452e9fc94124ad15e861667c3d7cc8,Water Adsorption Isotherms,2,35,0.5684,4.79
Experimental water adsorption isotherms and Attenuated Total Reflectance-Fourier Transform Infrared (ATR-FTIR) analysis in Achira (Canna edulis K.) biscuits.zip,raw_data\phase1_biscuit\achira_water_adsorption\Experimental water adsorption isotherms and Attenuated Total Reflectance-Fourier Transform Infrared (ATR-FTIR) analysis in Achira (Canna edulis K.) biscuits.zip,achira_water_adsorption,Water Adsorption Isotherms_Achira biscuits.xlsx,Sheet1,361,865bed3e578198a88d78e855c366473a,Water Adsorption Isotherms,2,35,0.5738,4.86
Experimental water adsorption isotherms and Attenuated Total Reflectance-Fourier Transform Infrared (ATR-FTIR) analysis in Achira (Canna edulis K.) biscuits.zip,raw_data\phase1_biscuit\achira_water_adsorption\Experimental water adsorption isotherms and Attenuated Total Reflectance-Fourier Transform Infrared (ATR-FTIR) analysis in Achira (Canna edulis K.) biscuits.zip,achira_water_adsorption,Water Adsorption Isotherms_Achira biscuits.xlsx,Sheet1,362,b4d96d60a600ba1e31464863bc81868c,Water Adsorption Isotherms,2,35,0.581,4.96
Experimental water adsorption isotherms and Attenuated Total Reflectance-Fourier Transform Infrared (ATR-FTIR) analysis in Achira (Canna edulis K.) biscuits.zip,raw_data\phase1_biscuit\achira_water_adsorption\Experimental water adsorption isotherms and Attenuated Total Reflectance-Fourier Transform Infrared (ATR-FTIR) analysis in Achira (Canna edulis K.) biscuits.zip,achira_water_adsorption,Water Adsorption Isotherms_Achira biscuits.xlsx,Sheet1,363,68ff7e5b1fbce36ed22b722fae7502d7,Water Adsorption Isotherms,2,35,0.5912,5.07
Experimental water adsorption isotherms and Attenuated Total Reflectance-Fourier Transform Infrared (ATR-FTIR) analysis in Achira (Canna edulis K.) biscuits.zip,raw_data\phase1_biscuit\achira_water_adsorption\Experimental water adsorption isotherms and Attenuated Total Reflectance-Fourier Transform Infrared (ATR-FTIR) analysis in Achira (Canna edulis K.) biscuits.zip,achira_water_adsorption,Water Adsorption Isotherms_Achira biscuits.xlsx,Sheet1,364,d40469437c6836bf3e4a3b785e629e6b,Water Adsorption Isotherms,2,35,0.604,5.18
Experimental water adsorption isotherms and Attenuated Total Reflectance-Fourier Transform Infrared (ATR-FTIR) analysis in Achira (Canna edulis K.) biscuits.zip,raw_data\phase1_biscuit\achira_water_adsorption\Experimental water adsorption isotherms and Attenuated Total Reflectance-Fourier Transform Infrared (ATR-FTIR) analysis in Achira (Canna edulis K.) biscuits.zip,achira_water_adsorption,Water Adsorption Isotherms_Achira biscuits.xlsx,Sheet1,365,0fca87a94dfd00d611b781ac7245fa66,Water Adsorption Isotherms,2,35,0.6125,5.28
Experimental water adsorption isotherms and Attenuated Total Reflectance-Fourier Transform Infrared (ATR-FTIR) analysis in Achira (Canna edulis K.) biscuits.zip,raw_data\phase1_biscuit\achira_water_adsorption\Experimental water adsorption isotherms and Attenuated Total Reflectance-Fourier Transform Infrared (ATR-FTIR) analysis in Achira (Canna edulis K.) biscuits.zip,achira_water_adsorption,Water Adsorption Isotherms_Achira biscuits.xlsx,Sheet1,366,bb747d1b43612ab30dbb57bec4ad2db3,Water Adsorption Isotherms,2,35,0.6182,5.37
Experimental water adsorption isotherms and Attenuated Total Reflectance-Fourier Transform Infrared (ATR-FTIR) analysis in Achira (Canna edulis K.) biscuits.zip,raw_data\phase1_biscuit\achira_water_adsorption\Experimental water adsorption isotherms and Attenuated Total Reflectance-Fourier Transform Infrared (ATR-FTIR) analysis in Achira (Canna edulis K.) biscuits.zip,achira_water_adsorption,Water Adsorption Isotherms_Achira biscuits.xlsx,Sheet1,367,32bcace540e109d6116e24948a0f422b,Water Adsorption Isotherms,2,35,0.6321,5.4799999999999995
Experimental water adsorption isotherms and Attenuated Total Reflectance-Fourier Transform Infrared (ATR-FTIR) analysis in Achira (Canna edulis K.) biscuits.zip,raw_data\phase1_biscuit\achira_water_adsorption\Experimental water adsorption isotherms and Attenuated Total Reflectance-Fourier Transform Infrared (ATR-FTIR) analysis in Achira (Canna edulis K.) biscuits.zip,achira_water_adsorption,Water Adsorption Isotherms_Achira biscuits.xlsx,Sheet1,368,47c6ba43b864772277e5f32aa94cd742,Water Adsorption Isotherms,2,35,0.639,5.6
Experimental water adsorption isotherms and Attenuated Total Reflectance-Fourier Transform Infrared (ATR-FTIR) analysis in Achira (Canna edulis K.) biscuits.zip,raw_data\phase1_biscuit\achira_water_adsorption\Experimental water adsorption isotherms and Attenuated Total Reflectance-Fourier Transform Infrared (ATR-FTIR) analysis in Achira (Canna edulis K.) biscuits.zip,achira_water_adsorption,Water Adsorption Isotherms_Achira biscuits.xlsx,Sheet1,369,ed25a9f341c23ae26e761fc0c9ce53ea,Water Adsorption Isotherms,2,35,0.6483,5.71
Experimental water adsorption isotherms and Attenuated Total Reflectance-Fourier Transform Infrared (ATR-FTIR) analysis in Achira (Canna edulis K.) biscuits.zip,raw_data\phase1_biscuit\achira_water_adsorption\Experimental water adsorption isotherms and Attenuated Total Reflectance-Fourier Transform Infrared (ATR-FTIR) analysis in Achira (Canna edulis K.) biscuits.zip,achira_water_adsorption,Water Adsorption Isotherms_Achira biscuits.xlsx,Sheet1,370,c84d9b9a79eef4d20fba59773b06f14c,Water Adsorption Isotherms,2,35,0.6558,5.82
Experimental water adsorption isotherms and Attenuated Total Reflectance-Fourier Transform Infrared (ATR-FTIR) analysis in Achira (Canna edulis K.) biscuits.zip,raw_data\phase1_biscuit\achira_water_adsorption\Experimental water adsorption isotherms and Attenuated Total Reflectance-Fourier Transform Infrared (ATR-FTIR) analysis in Achira (Canna edulis K.) biscuits.zip,achira_water_adsorption,Water Adsorption Isotherms_Achira biscuits.xlsx,Sheet1,371,ae4c0d0f881b56799b58d825c65db5a3,Water Adsorption Isotherms,2,35,0.6677,5.93
Experimental water adsorption isotherms and Attenuated Total Reflectance-Fourier Transform Infrared (ATR-FTIR) analysis in Achira (Canna edulis K.) biscuits.zip,raw_data\phase1_biscuit\achira_water_adsorption\Experimental water adsorption isotherms and Attenuated Total Reflectance-Fourier Transform Infrared (ATR-FTIR) analysis in Achira (Canna edulis K.) biscuits.zip,achira_water_adsorption,Water Adsorption Isotherms_Achira biscuits.xlsx,Sheet1,372,c3611877f08ef4538d674c1c48da7801,Water Adsorption Isotherms,2,35,0.6756,6.07
Experimental water adsorption isotherms and Attenuated Total Reflectance-Fourier Transform Infrared (ATR-FTIR) analysis in Achira (Canna edulis K.) biscuits.zip,raw_data\phase1_biscuit\achira_water_adsorption\Experimental water adsorption isotherms and Attenuated Total Reflectance-Fourier Transform Infrared (ATR-FTIR) analysis in Achira (Canna edulis K.) biscuits.zip,achira_water_adsorption,Water Adsorption Isotherms_Achira biscuits.xlsx,Sheet1,373,18bbd3bef8105f6e47cb37bdd05718b6,Water Adsorption Isotherms,2,35,0.6834,6.2
Experimental water adsorption isotherms and Attenuated Total Reflectance-Fourier Transform Infrared (ATR-FTIR) analysis in Achira (Canna edulis K.) biscuits.zip,raw_data\phase1_biscuit\achira_water_adsorption\Experimental water adsorption isotherms and Attenuated Total Reflectance-Fourier Transform Infrared (ATR-FTIR) analysis in Achira (Canna edulis K.) biscuits.zip,achira_water_adsorption,Water Adsorption Isotherms_Achira biscuits.xlsx,Sheet1,374,78ac2f3083f558ac43af5ac6a4401d82,Water Adsorption Isotherms,2,35,0.6951,6.33
Experimental water adsorption isotherms and Attenuated Total Reflectance-Fourier Transform Infrared (ATR-FTIR) analysis in Achira (Canna edulis K.) biscuits.zip,raw_data\phase1_biscuit\achira_water_adsorption\Experimental water adsorption isotherms and Attenuated Total Reflectance-Fourier Transform Infrared (ATR-FTIR) analysis in Achira (Canna edulis K.) biscuits.zip,achira_water_adsorption,Water Adsorption Isotherms_Achira biscuits.xlsx,Sheet1,375,e7502a0c5b5df8c588e4065e4c650f4e,Water Adsorption Isotherms,2,35,0.7022,6.46
Experimental water adsorption isotherms and Attenuated Total Reflectance-Fourier Transform Infrared (ATR-FTIR) analysis in Achira (Canna edulis K.) biscuits.zip,raw_data\phase1_biscuit\achira_water_adsorption\Experimental water adsorption isotherms and Attenuated Total Reflectance-Fourier Transform Infrared (ATR-FTIR) analysis in Achira (Canna edulis K.) biscuits.zip,achira_water_adsorption,Water Adsorption Isotherms_Achira biscuits.xlsx,Sheet1,376,a2c50c9ad76fe374be2f8cb442152fcf,Water Adsorption Isotherms,2,35,0.7124,6.6
Experimental water adsorption isotherms and Attenuated Total Reflectance-Fourier Transform Infrared (ATR-FTIR) analysis in Achira (Canna edulis K.) biscuits.zip,raw_data\phase1_biscuit\achira_water_adsorption\Experimental water adsorption isotherms and Attenuated Total Reflectance-Fourier Transform Infrared (ATR-FTIR) analysis in Achira (Canna edulis K.) biscuits.zip,achira_water_adsorption,Water Adsorption Isotherms_Achira biscuits.xlsx,Sheet1,377,c999b9beeb3c1275e7743d0dab0475a8,Water Adsorption Isotherms,2,35,0.7198,6.75
Experimental water adsorption isotherms and Attenuated Total Reflectance-Fourier Transform Infrared (ATR-FTIR) analysis in Achira (Canna edulis K.) biscuits.zip,raw_data\phase1_biscuit\achira_water_adsorption\Experimental water adsorption isotherms and Attenuated Total Reflectance-Fourier Transform Infrared (ATR-FTIR) analysis in Achira (Canna edulis K.) biscuits.zip,achira_water_adsorption,Water Adsorption Isotherms_Achira biscuits.xlsx,Sheet1,378,c6bc8208311317a16f76c8054a5e2ac8,Water Adsorption Isotherms,2,35,0.728,6.9
Experimental water adsorption isotherms and Attenuated Total Reflectance-Fourier Transform Infrared (ATR-FTIR) analysis in Achira (Canna edulis K.) biscuits.zip,raw_data\phase1_biscuit\achira_water_adsorption\Experimental water adsorption isotherms and Attenuated Total Reflectance-Fourier Transform Infrared (ATR-FTIR) analysis in Achira (Canna edulis K.) biscuits.zip,achira_water_adsorption,Water Adsorption Isotherms_Achira biscuits.xlsx,Sheet1,379,6da5396541c1e91138a3a1280446df41,Water Adsorption Isotherms,2,35,0.7397,7.06
Experimental water adsorption isotherms and Attenuated Total Reflectance-Fourier Transform Infrared (ATR-FTIR) analysis in Achira (Canna edulis K.) biscuits.zip,raw_data\phase1_biscuit\achira_water_adsorption\Experimental water adsorption isotherms and Attenuated Total Reflectance-Fourier Transform Infrared (ATR-FTIR) analysis in Achira (Canna edulis K.) biscuits.zip,achira_water_adsorption,Water Adsorption Isotherms_Achira biscuits.xlsx,Sheet1,380,64941ddc1ebcf08ae98364c339bd0e1a,Water Adsorption Isotherms,2,35,0.7488,7.2299999999999995
Experimental water adsorption isotherms and Attenuated Total Reflectance-Fourier Transform Infrared (ATR-FTIR) analysis in Achira (Canna edulis K.) biscuits.zip,raw_data\phase1_biscuit\achira_water_adsorption\Experimental water adsorption isotherms and Attenuated Total Reflectance-Fourier Transform Infrared (ATR-FTIR) analysis in Achira (Canna edulis K.) biscuits.zip,achira_water_adsorption,Water Adsorption Isotherms_Achira biscuits.xlsx,Sheet1,381,a6cfcd0f05e7a27adce3836bc31fd3e8,Water Adsorption Isotherms,2,35,0.7542,7.39
Experimental water adsorption isotherms and Attenuated Total Reflectance-Fourier Transform Infrared (ATR-FTIR) analysis in Achira (Canna edulis K.) biscuits.zip,raw_data\phase1_biscuit\achira_water_adsorption\Experimental water adsorption isotherms and Attenuated Total Reflectance-Fourier Transform Infrared (ATR-FTIR) analysis in Achira (Canna edulis K.) biscuits.zip,achira_water_adsorption,Water Adsorption Isotherms_Achira biscuits.xlsx,Sheet1,382,143b6b8aa6f536ca2ad2ca12c2ebcf84,Water Adsorption Isotherms,2,35,0.7619,7.57
Experimental water adsorption isotherms and Attenuated Total Reflectance-Fourier Transform Infrared (ATR-FTIR) analysis in Achira (Canna edulis K.) biscuits.zip,raw_data\phase1_biscuit\achira_water_adsorption\Experimental water adsorption isotherms and Attenuated Total Reflectance-Fourier Transform Infrared (ATR-FTIR) analysis in Achira (Canna edulis K.) biscuits.zip,achira_water_adsorption,Water Adsorption Isotherms_Achira biscuits.xlsx,Sheet1,383,589742cd2b60efd2f2a0a0d838eaec81,Water Adsorption Isotherms,2,35,0.7741,7.789999999999999
Experimental water adsorption isotherms and Attenuated Total Reflectance-Fourier Transform Infrared (ATR-FTIR) analysis in Achira (Canna edulis K.) biscuits.zip,raw_data\phase1_biscuit\achira_water_adsorption\Experimental water adsorption isotherms and Attenuated Total Reflectance-Fourier Transform Infrared (ATR-FTIR) analysis in Achira (Canna edulis K.) biscuits.zip,achira_water_adsorption,Water Adsorption Isotherms_Achira biscuits.xlsx,Sheet1,384,e305e87222cf6d32ac09f2aad303edb9,Water Adsorption Isotherms,2,35,0.7831,8.01
Experimental water adsorption isotherms and Attenuated Total Reflectance-Fourier Transform Infrared (ATR-FTIR) analysis in Achira (Canna edulis K.) biscuits.zip,raw_data\phase1_biscuit\achira_water_adsorption\Experimental water adsorption isotherms and Attenuated Total Reflectance-Fourier Transform Infrared (ATR-FTIR) analysis in Achira (Canna edulis K.) biscuits.zip,achira_water_adsorption,Water Adsorption Isotherms_Achira biscuits.xlsx,Sheet1,385,4cf9b9e746101cbc387a37cb9cb3b09f,Water Adsorption Isotherms,2,35,0.7891,8.23
Experimental water adsorption isotherms and Attenuated Total Reflectance-Fourier Transform Infrared (ATR-FTIR) analysis in Achira (Canna edulis K.) biscuits.zip,raw_data\phase1_biscuit\achira_water_adsorption\Experimental water adsorption isotherms and Attenuated Total Reflectance-Fourier Transform Infrared (ATR-FTIR) analysis in Achira (Canna edulis K.) biscuits.zip,achira_water_adsorption,Water Adsorption Isotherms_Achira biscuits.xlsx,Sheet1,386,67c117efe577326daf9fd8f1a5410425,Water Adsorption Isotherms,2,35,0.7976,8.48
Experimental water adsorption isotherms and Attenuated Total Reflectance-Fourier Transform Infrared (ATR-FTIR) analysis in Achira (Canna edulis K.) biscuits.zip,raw_data\phase1_biscuit\achira_water_adsorption\Experimental water adsorption isotherms and Attenuated Total Reflectance-Fourier Transform Infrared (ATR-FTIR) analysis in Achira (Canna edulis K.) biscuits.zip,achira_water_adsorption,Water Adsorption Isotherms_Achira biscuits.xlsx,Sheet1,387,33202d004550cbb76e999962251ac3a8,Water Adsorption Isotherms,3,35,0.1003,1.63
Experimental water adsorption isotherms and Attenuated Total Reflectance-Fourier Transform Infrared (ATR-FTIR) analysis in Achira (Canna edulis K.) biscuits.zip,raw_data\phase1_biscuit\achira_water_adsorption\Experimental water adsorption isotherms and Attenuated Total Reflectance-Fourier Transform Infrared (ATR-FTIR) analysis in Achira (Canna edulis K.) biscuits.zip,achira_water_adsorption,Water Adsorption Isotherms_Achira biscuits.xlsx,Sheet1,388,8fe8e421ce9f0724bdb92eef7a478b96,Water Adsorption Isotherms,3,35,0.1479,1.63
Experimental water adsorption isotherms and Attenuated Total Reflectance-Fourier Transform Infrared (ATR-FTIR) analysis in Achira (Canna edulis K.) biscuits.zip,raw_data\phase1_biscuit\achira_water_adsorption\Experimental water adsorption isotherms and Attenuated Total Reflectance-Fourier Transform Infrared (ATR-FTIR) analysis in Achira (Canna edulis K.) biscuits.zip,achira_water_adsorption,Water Adsorption Isotherms_Achira biscuits.xlsx,Sheet1,389,7a3acf2edfe2a92718e8a2599f3b3b45,Water Adsorption Isotherms,3,35,0.1631,1.66
Experimental water adsorption isotherms and Attenuated Total Reflectance-Fourier Transform Infrared (ATR-FTIR) analysis in Achira (Canna edulis K.) biscuits.zip,raw_data\phase1_biscuit\achira_water_adsorption\Experimental water adsorption isotherms and Attenuated Total Reflectance-Fourier Transform Infrared (ATR-FTIR) analysis in Achira (Canna edulis K.) biscuits.zip,achira_water_adsorption,Water Adsorption Isotherms_Achira biscuits.xlsx,Sheet1,390,d83dabfaf2b44baffbc5d68731407118,Water Adsorption Isotherms,3,35,0.1727,1.7
Experimental water adsorption isotherms and Attenuated Total Reflectance-Fourier Transform Infrared (ATR-FTIR) analysis in Achira (Canna edulis K.) biscuits.zip,raw_data\phase1_biscuit\achira_water_adsorption\Experimental water adsorption isotherms and Attenuated Total Reflectance-Fourier Transform Infrared (ATR-FTIR) analysis in Achira (Canna edulis K.) biscuits.zip,achira_water_adsorption,Water Adsorption Isotherms_Achira biscuits.xlsx,Sheet1,391,270d519060d3324d47d967081565e219,Water Adsorption Isotherms,3,35,0.1773,1.73
Experimental water adsorption isotherms and Attenuated Total Reflectance-Fourier Transform Infrared (ATR-FTIR) analysis in Achira (Canna edulis K.) biscuits.zip,raw_data\phase1_biscuit\achira_water_adsorption\Experimental water adsorption isotherms and Attenuated Total Reflectance-Fourier Transform Infrared (ATR-FTIR) analysis in Achira (Canna edulis K.) biscuits.zip,achira_water_adsorption,Water Adsorption Isotherms_Achira biscuits.xlsx,Sheet1,392,f4ec6f62dc6c207dff8367a06602a736,Water Adsorption Isotherms,3,35,0.1825,1.77
Experimental water adsorption isotherms and Attenuated Total Reflectance-Fourier Transform Infrared (ATR-FTIR) analysis in Achira (Canna edulis K.) biscuits.zip,raw_data\phase1_biscuit\achira_water_adsorption\Experimental water adsorption isotherms and Attenuated Total Reflectance-Fourier Transform Infrared (ATR-FTIR) analysis in Achira (Canna edulis K.) biscuits.zip,achira_water_adsorption,Water Adsorption Isotherms_Achira biscuits.xlsx,Sheet1,393,26501d361a4d527a87637321e6c99868,Water Adsorption Isotherms,3,35,0.1892,1.79
Experimental water adsorption isotherms and Attenuated Total Reflectance-Fourier Transform Infrared (ATR-FTIR) analysis in Achira (Canna edulis K.) biscuits.zip,raw_data\phase1_biscuit\achira_water_adsorption\Experimental water adsorption isotherms and Attenuated Total Reflectance-Fourier Transform Infrared (ATR-FTIR) analysis in Achira (Canna edulis K.) biscuits.zip,achira_water_adsorption,Water Adsorption Isotherms_Achira biscuits.xlsx,Sheet1,394,9f70a9b8c9d745a0875649140921c908,Water Adsorption Isotherms,3,35,0.1985,1.8399999999999999
Experimental water adsorption isotherms and Attenuated Total Reflectance-Fourier Transform Infrared (ATR-FTIR) analysis in Achira (Canna edulis K.) biscuits.zip,raw_data\phase1_biscuit\achira_water_adsorption\Experimental water adsorption isotherms and Attenuated Total Reflectance-Fourier Transform Infrared (ATR-FTIR) analysis in Achira (Canna edulis K.) biscuits.zip,achira_water_adsorption,Water Adsorption Isotherms_Achira biscuits.xlsx,Sheet1,395,c20a8743d01415df95701eae8cbb1734,Water Adsorption Isotherms,3,35,0.2066,1.8900000000000001
Experimental water adsorption isotherms and Attenuated Total Reflectance-Fourier Transform Infrared (ATR-FTIR) analysis in Achira (Canna edulis K.) biscuits.zip,raw_data\phase1_biscuit\achira_water_adsorption\Experimental water adsorption isotherms and Attenuated Total Reflectance-Fourier Transform Infrared (ATR-FTIR) analysis in Achira (Canna edulis K.) biscuits.zip,achira_water_adsorption,Water Adsorption Isotherms_Achira biscuits.xlsx,Sheet1,396,293211a6d6deed7fad7d7c88658ebef4,Water Adsorption Isotherms,3,35,0.2158,1.9300000000000002
Experimental water adsorption isotherms and Attenuated Total Reflectance-Fourier Transform Infrared (ATR-FTIR) analysis in Achira (Canna edulis K.) biscuits.zip,raw_data\phase1_biscuit\achira_water_adsorption\Experimental water adsorption isotherms and Attenuated Total Reflectance-Fourier Transform Infrared (ATR-FTIR) analysis in Achira (Canna edulis K.) biscuits.zip,achira_water_adsorption,Water Adsorption Isotherms_Achira biscuits.xlsx,Sheet1,397,7f63726bca4b0f2aff66e913d9d8d932,Water Adsorption Isotherms,3,35,0.224,1.9699999999999998
Experimental water adsorption isotherms and Attenuated Total Reflectance-Fourier Transform Infrared (ATR-FTIR) analysis in Achira (Canna edulis K.) biscuits.zip,raw_data\phase1_biscuit\achira_water_adsorption\Experimental water adsorption isotherms and Attenuated Total Reflectance-Fourier Transform Infrared (ATR-FTIR) analysis in Achira (Canna edulis K.) biscuits.zip,achira_water_adsorption,Water Adsorption Isotherms_Achira biscuits.xlsx,Sheet1,398,207563296a2123967763215234cbd363,Water Adsorption Isotherms,3,35,0.2334,2.03
Experimental water adsorption isotherms and Attenuated Total Reflectance-Fourier Transform Infrared (ATR-FTIR) analysis in Achira (Canna edulis K.) biscuits.zip,raw_data\phase1_biscuit\achira_water_adsorption\Experimental water adsorption isotherms and Attenuated Total Reflectance-Fourier Transform Infrared (ATR-FTIR) analysis in Achira (Canna edulis K.) biscuits.zip,achira_water_adsorption,Water Adsorption Isotherms_Achira biscuits.xlsx,Sheet1,399,1015978fc7b37e3ef4595b120503d63d,Water Adsorption Isotherms,3,35,0.2401,2.06
Experimental water adsorption isotherms and Attenuated Total Reflectance-Fourier Transform Infrared (ATR-FTIR) analysis in Achira (Canna edulis K.) biscuits.zip,raw_data\phase1_biscuit\achira_water_adsorption\Experimental water adsorption isotherms and Attenuated Total Reflectance-Fourier Transform Infrared (ATR-FTIR) analysis in Achira (Canna edulis K.) biscuits.zip,achira_water_adsorption,Water Adsorption Isotherms_Achira biscuits.xlsx,Sheet1,400,f9e966d9195a11d8943d282ead0533d6,Water Adsorption Isotherms,3,35,0.25,2.13
Experimental water adsorption isotherms and Attenuated Total Reflectance-Fourier Transform Infrared (ATR-FTIR) analysis in Achira (Canna edulis K.) biscuits.zip,raw_data\phase1_biscuit\achira_water_adsorption\Experimental water adsorption isotherms and Attenuated Total Reflectance-Fourier Transform Infrared (ATR-FTIR) analysis in Achira (Canna edulis K.) biscuits.zip,achira_water_adsorption,Water Adsorption Isotherms_Achira biscuits.xlsx,Sheet1,401,567e8aef079893eb7858f530231c05f7,Water Adsorption Isotherms,3,35,0.2593,2.18
Experimental water adsorption isotherms and Attenuated Total Reflectance-Fourier Transform Infrared (ATR-FTIR) analysis in Achira (Canna edulis K.) biscuits.zip,raw_data\phase1_biscuit\achira_water_adsorption\Experimental water adsorption isotherms and Attenuated Total Reflectance-Fourier Transform Infrared (ATR-FTIR) analysis in Achira (Canna edulis K.) biscuits.zip,achira_water_adsorption,Water Adsorption Isotherms_Achira biscuits.xlsx,Sheet1,402,1a1792429b2a77f960d6d4e828fd5fae,Water Adsorption Isotherms,3,35,0.2702,2.2399999999999998
Experimental water adsorption isotherms and Attenuated Total Reflectance-Fourier Transform Infrared (ATR-FTIR) analysis in Achira (Canna edulis K.) biscuits.zip,raw_data\phase1_biscuit\achira_water_adsorption\Experimental water adsorption isotherms and Attenuated Total Reflectance-Fourier Transform Infrared (ATR-FTIR) analysis in Achira (Canna edulis K.) biscuits.zip,achira_water_adsorption,Water Adsorption Isotherms_Achira biscuits.xlsx,Sheet1,403,747fa4141e9fbdf52988be729798fe23,Water Adsorption Isotherms,3,35,0.2774,2.31
Experimental water adsorption isotherms and Attenuated Total Reflectance-Fourier Transform Infrared (ATR-FTIR) analysis in Achira (Canna edulis K.) biscuits.zip,raw_data\phase1_biscuit\achira_water_adsorption\Experimental water adsorption isotherms and Attenuated Total Reflectance-Fourier Transform Infrared (ATR-FTIR) analysis in Achira (Canna edulis K.) biscuits.zip,achira_water_adsorption,Water Adsorption Isotherms_Achira biscuits.xlsx,Sheet1,404,83f6c7a5c74770e67758bdeb475a56bb,Water Adsorption Isotherms,3,35,0.2863,2.37
Experimental water adsorption isotherms and Attenuated Total Reflectance-Fourier Transform Infrared (ATR-FTIR) analysis in Achira (Canna edulis K.) biscuits.zip,raw_data\phase1_biscuit\achira_water_adsorption\Experimental water adsorption isotherms and Attenuated Total Reflectance-Fourier Transform Infrared (ATR-FTIR) analysis in Achira (Canna edulis K.) biscuits.zip,achira_water_adsorption,Water Adsorption Isotherms_Achira biscuits.xlsx,Sheet1,405,d8709d2c288194469535538ce992fa59,Water Adsorption Isotherms,3,35,0.2959,2.42
Experimental water adsorption isotherms and Attenuated Total Reflectance-Fourier Transform Infrared (ATR-FTIR) analysis in Achira (Canna edulis K.) biscuits.zip,raw_data\phase1_biscuit\achira_water_adsorption\Experimental water adsorption isotherms and Attenuated Total Reflectance-Fourier Transform Infrared (ATR-FTIR) analysis in Achira (Canna edulis K.) biscuits.zip,achira_water_adsorption,Water Adsorption Isotherms_Achira biscuits.xlsx,Sheet1,406,4ad32493f196d44c8a800f3af0050a77,Water Adsorption Isotherms,3,35,0.3059,2.4699999999999998
Experimental water adsorption isotherms and Attenuated Total Reflectance-Fourier Transform Infrared (ATR-FTIR) analysis in Achira (Canna edulis K.) biscuits.zip,raw_data\phase1_biscuit\achira_water_adsorption\Experimental water adsorption isotherms and Attenuated Total Reflectance-Fourier Transform Infrared (ATR-FTIR) analysis in Achira (Canna edulis K.) biscuits.zip,achira_water_adsorption,Water Adsorption Isotherms_Achira biscuits.xlsx,Sheet1,407,e777859ee4a6532035be352a891d0ce1,Water Adsorption Isotherms,3,35,0.3149,2.54
Experimental water adsorption isotherms and Attenuated Total Reflectance-Fourier Transform Infrared (ATR-FTIR) analysis in Achira (Canna edulis K.) biscuits.zip,raw_data\phase1_biscuit\achira_water_adsorption\Experimental water adsorption isotherms and Attenuated Total Reflectance-Fourier Transform Infrared (ATR-FTIR) analysis in Achira (Canna edulis K.) biscuits.zip,achira_water_adsorption,Water Adsorption Isotherms_Achira biscuits.xlsx,Sheet1,408,6fe64eb8b2805fbd58e7d1b921be2e31,Water Adsorption Isotherms,3,35,0.3255,2.61
Experimental water adsorption isotherms and Attenuated Total Reflectance-Fourier Transform Infrared (ATR-FTIR) analysis in Achira (Canna edulis K.) biscuits.zip,raw_data\phase1_biscuit\achira_water_adsorption\Experimental water adsorption isotherms and Attenuated Total Reflectance-Fourier Transform Infrared (ATR-FTIR) analysis in Achira (Canna edulis K.) biscuits.zip,achira_water_adsorption,Water Adsorption Isotherms_Achira biscuits.xlsx,Sheet1,409,fd2f4fdd491d2bf8b76940c5e2af6d37,Water Adsorption Isotherms,3,35,0.3307,2.67
Experimental water adsorption isotherms and Attenuated Total Reflectance-Fourier Transform Infrared (ATR-FTIR) analysis in Achira (Canna edulis K.) biscuits.zip,raw_data\phase1_biscuit\achira_water_adsorption\Experimental water adsorption isotherms and Attenuated Total Reflectance-Fourier Transform Infrared (ATR-FTIR) analysis in Achira (Canna edulis K.) biscuits.zip,achira_water_adsorption,Water Adsorption Isotherms_Achira biscuits.xlsx,Sheet1,410,45ac6465574d5ca2a6c88907634d8de8,Water Adsorption Isotherms,3,35,0.3415,2.75
Experimental water adsorption isotherms and Attenuated Total Reflectance-Fourier Transform Infrared (ATR-FTIR) analysis in Achira (Canna edulis K.) biscuits.zip,raw_data\phase1_biscuit\achira_water_adsorption\Experimental water adsorption isotherms and Attenuated Total Reflectance-Fourier Transform Infrared (ATR-FTIR) analysis in Achira (Canna edulis K.) biscuits.zip,achira_water_adsorption,Water Adsorption Isotherms_Achira biscuits.xlsx,Sheet1,411,d7456066bb3c5d5b31d7149c237365b5,Water Adsorption Isotherms,3,35,0.355,2.83
Experimental water adsorption isotherms and Attenuated Total Reflectance-Fourier Transform Infrared (ATR-FTIR) analysis in Achira (Canna edulis K.) biscuits.zip,raw_data\phase1_biscuit\achira_water_adsorption\Experimental water adsorption isotherms and Attenuated Total Reflectance-Fourier Transform Infrared (ATR-FTIR) analysis in Achira (Canna edulis K.) biscuits.zip,achira_water_adsorption,Water Adsorption Isotherms_Achira biscuits.xlsx,Sheet1,412,f173cde98ffe8d203a988eb4fd3fdcda,Water Adsorption Isotherms,3,35,0.3604,2.91
Experimental water adsorption isotherms and Attenuated Total Reflectance-Fourier Transform Infrared (ATR-FTIR) analysis in Achira (Canna edulis K.) biscuits.zip,raw_data\phase1_biscuit\achira_water_adsorption\Experimental water adsorption isotherms and Attenuated Total Reflectance-Fourier Transform Infrared (ATR-FTIR) analysis in Achira (Canna edulis K.) biscuits.zip,achira_water_adsorption,Water Adsorption Isotherms_Achira biscuits.xlsx,Sheet1,413,b065cf6d87b44236e76e74ed0b8167ca,Water Adsorption Isotherms,3,35,0.3731,2.9699999999999998
Experimental water adsorption isotherms and Attenuated Total Reflectance-Fourier Transform Infrared (ATR-FTIR) analysis in Achira (Canna edulis K.) biscuits.zip,raw_data\phase1_biscuit\achira_water_adsorption\Experimental water adsorption isotherms and Attenuated Total Reflectance-Fourier Transform Infrared (ATR-FTIR) analysis in Achira (Canna edulis K.) biscuits.zip,achira_water_adsorption,Water Adsorption Isotherms_Achira biscuits.xlsx,Sheet1,414,795278486a528d56bd32f43b10ea753a,Water Adsorption Isotherms,3,35,0.378,3.05
Experimental water adsorption isotherms and Attenuated Total Reflectance-Fourier Transform Infrared (ATR-FTIR) analysis in Achira (Canna edulis K.) biscuits.zip,raw_data\phase1_biscuit\achira_water_adsorption\Experimental water adsorption isotherms and Attenuated Total Reflectance-Fourier Transform Infrared (ATR-FTIR) analysis in Achira (Canna edulis K.) biscuits.zip,achira_water_adsorption,Water Adsorption Isotherms_Achira biscuits.xlsx,Sheet1,415,8cc07c254a08f825ce3c11703fab45df,Water Adsorption Isotherms,3,35,0.3945,3.13
Experimental water adsorption isotherms and Attenuated Total Reflectance-Fourier Transform Infrared (ATR-FTIR) analysis in Achira (Canna edulis K.) biscuits.zip,raw_data\phase1_biscuit\achira_water_adsorption\Experimental water adsorption isotherms and Attenuated Total Reflectance-Fourier Transform Infrared (ATR-FTIR) analysis in Achira (Canna edulis K.) biscuits.zip,achira_water_adsorption,Water Adsorption Isotherms_Achira biscuits.xlsx,Sheet1,416,23ab84410e7d5c60b5351e6d4037a8ce,Water Adsorption Isotherms,3,35,0.3973,3.2
Experimental water adsorption isotherms and Attenuated Total Reflectance-Fourier Transform Infrared (ATR-FTIR) analysis in Achira (Canna edulis K.) biscuits.zip,raw_data\phase1_biscuit\achira_water_adsorption\Experimental water adsorption isotherms and Attenuated Total Reflectance-Fourier Transform Infrared (ATR-FTIR) analysis in Achira (Canna edulis K.) biscuits.zip,achira_water_adsorption,Water Adsorption Isotherms_Achira biscuits.xlsx,Sheet1,417,0b9568af8d62915423cde270078df53b,Water Adsorption Isotherms,3,35,0.4121,3.29
Experimental water adsorption isotherms and Attenuated Total Reflectance-Fourier Transform Infrared (ATR-FTIR) analysis in Achira (Canna edulis K.) biscuits.zip,raw_data\phase1_biscuit\achira_water_adsorption\Experimental water adsorption isotherms and Attenuated Total Reflectance-Fourier Transform Infrared (ATR-FTIR) analysis in Achira (Canna edulis K.) biscuits.zip,achira_water_adsorption,Water Adsorption Isotherms_Achira biscuits.xlsx,Sheet1,418,d49d5aab28eef91581606c8726e3ba74,Water Adsorption Isotherms,3,35,0.4193,3.36
Experimental water adsorption isotherms and Attenuated Total Reflectance-Fourier Transform Infrared (ATR-FTIR) analysis in Achira (Canna edulis K.) biscuits.zip,raw_data\phase1_biscuit\achira_water_adsorption\Experimental water adsorption isotherms and Attenuated Total Reflectance-Fourier Transform Infrared (ATR-FTIR) analysis in Achira (Canna edulis K.) biscuits.zip,achira_water_adsorption,Water Adsorption Isotherms_Achira biscuits.xlsx,Sheet1,419,94c4f10914392b975d8513a05174075e,Water Adsorption Isotherms,3,35,0.4273,3.43
Experimental water adsorption isotherms and Attenuated Total Reflectance-Fourier Transform Infrared (ATR-FTIR) analysis in Achira (Canna edulis K.) biscuits.zip,raw_data\phase1_biscuit\achira_water_adsorption\Experimental water adsorption isotherms and Attenuated Total Reflectance-Fourier Transform Infrared (ATR-FTIR) analysis in Achira (Canna edulis K.) biscuits.zip,achira_water_adsorption,Water Adsorption Isotherms_Achira biscuits.xlsx,Sheet1,420,2e4c3e93eeaf268e38139572681fdfab,Water Adsorption Isotherms,3,35,0.4377,3.53
Experimental water adsorption isotherms and Attenuated Total Reflectance-Fourier Transform Infrared (ATR-FTIR) analysis in Achira (Canna edulis K.) biscuits.zip,raw_data\phase1_biscuit\achira_water_adsorption\Experimental water adsorption isotherms and Attenuated Total Reflectance-Fourier Transform Infrared (ATR-FTIR) analysis in Achira (Canna edulis K.) biscuits.zip,achira_water_adsorption,Water Adsorption Isotherms_Achira biscuits.xlsx,Sheet1,421,a6d0d84e9b1f16bba65b0b56b71a9088,Water Adsorption Isotherms,3,35,0.4454,3.62
Experimental water adsorption isotherms and Attenuated Total Reflectance-Fourier Transform Infrared (ATR-FTIR) analysis in Achira (Canna edulis K.) biscuits.zip,raw_data\phase1_biscuit\achira_water_adsorption\Experimental water adsorption isotherms and Attenuated Total Reflectance-Fourier Transform Infrared (ATR-FTIR) analysis in Achira (Canna edulis K.) biscuits.zip,achira_water_adsorption,Water Adsorption Isotherms_Achira biscuits.xlsx,Sheet1,422,9de9df2bce443b37883f651e62497218,Water Adsorption Isotherms,3,35,0.4581,3.71
Experimental water adsorption isotherms and Attenuated Total Reflectance-Fourier Transform Infrared (ATR-FTIR) analysis in Achira (Canna edulis K.) biscuits.zip,raw_data\phase1_biscuit\achira_water_adsorption\Experimental water adsorption isotherms and Attenuated Total Reflectance-Fourier Transform Infrared (ATR-FTIR) analysis in Achira (Canna edulis K.) biscuits.zip,achira_water_adsorption,Water Adsorption Isotherms_Achira biscuits.xlsx,Sheet1,423,c65da5266f6a3b8f51a2a0f9314a0f85,Water Adsorption Isotherms,3,35,0.466,3.8
Experimental water adsorption isotherms and Attenuated Total Reflectance-Fourier Transform Infrared (ATR-FTIR) analysis in Achira (Canna edulis K.) biscuits.zip,raw_data\phase1_biscuit\achira_water_adsorption\Experimental water adsorption isotherms and Attenuated Total Reflectance-Fourier Transform Infrared (ATR-FTIR) analysis in Achira (Canna edulis K.) biscuits.zip,achira_water_adsorption,Water Adsorption Isotherms_Achira biscuits.xlsx,Sheet1,424,fb2e77b5fdb9df6311429a3bfa0004c3,Water Adsorption Isotherms,3,35,0.478,3.88
Experimental water adsorption isotherms and Attenuated Total Reflectance-Fourier Transform Infrared (ATR-FTIR) analysis in Achira (Canna edulis K.) biscuits.zip,raw_data\phase1_biscuit\achira_water_adsorption\Experimental water adsorption isotherms and Attenuated Total Reflectance-Fourier Transform Infrared (ATR-FTIR) analysis in Achira (Canna edulis K.) biscuits.zip,achira_water_adsorption,Water Adsorption Isotherms_Achira biscuits.xlsx,Sheet1,425,80cbbc3a3ceb4f2d64c38d7cbb0449f2,Water Adsorption Isotherms,3,35,0.487,3.96
Experimental water adsorption isotherms and Attenuated Total Reflectance-Fourier Transform Infrared (ATR-FTIR) analysis in Achira (Canna edulis K.) biscuits.zip,raw_data\phase1_biscuit\achira_water_adsorption\Experimental water adsorption isotherms and Attenuated Total Reflectance-Fourier Transform Infrared (ATR-FTIR) analysis in Achira (Canna edulis K.) biscuits.zip,achira_water_adsorption,Water Adsorption Isotherms_Achira biscuits.xlsx,Sheet1,426,b9fd206758fc904d299ed74298c18605,Water Adsorption Isotherms,3,35,0.4925,4.04
Experimental water adsorption isotherms and Attenuated Total Reflectance-Fourier Transform Infrared (ATR-FTIR) analysis in Achira (Canna edulis K.) biscuits.zip,raw_data\phase1_biscuit\achira_water_adsorption\Experimental water adsorption isotherms and Attenuated Total Reflectance-Fourier Transform Infrared (ATR-FTIR) analysis in Achira (Canna edulis K.) biscuits.zip,achira_water_adsorption,Water Adsorption Isotherms_Achira biscuits.xlsx,Sheet1,427,64ff726fc0dc8c1c82b0af310b68ca75,Water Adsorption Isotherms,3,35,0.5056,4.14
Experimental water adsorption isotherms and Attenuated Total Reflectance-Fourier Transform Infrared (ATR-FTIR) analysis in Achira (Canna edulis K.) biscuits.zip,raw_data\phase1_biscuit\achira_water_adsorption\Experimental water adsorption isotherms and Attenuated Total Reflectance-Fourier Transform Infrared (ATR-FTIR) analysis in Achira (Canna edulis K.) biscuits.zip,achira_water_adsorption,Water Adsorption Isotherms_Achira biscuits.xlsx,Sheet1,428,f5313750290a3a9f6a3e8a01b8f63bf4,Water Adsorption Isotherms,3,35,0.5141,4.22
Experimental water adsorption isotherms and Attenuated Total Reflectance-Fourier Transform Infrared (ATR-FTIR) analysis in Achira (Canna edulis K.) biscuits.zip,raw_data\phase1_biscuit\achira_water_adsorption\Experimental water adsorption isotherms and Attenuated Total Reflectance-Fourier Transform Infrared (ATR-FTIR) analysis in Achira (Canna edulis K.) biscuits.zip,achira_water_adsorption,Water Adsorption Isotherms_Achira biscuits.xlsx,Sheet1,429,7dfd01e6e507908987211da0eec67427,Water Adsorption Isotherms,3,35,0.5275,4.31
Experimental water adsorption isotherms and Attenuated Total Reflectance-Fourier Transform Infrared (ATR-FTIR) analysis in Achira (Canna edulis K.) biscuits.zip,raw_data\phase1_biscuit\achira_water_adsorption\Experimental water adsorption isotherms and Attenuated Total Reflectance-Fourier Transform Infrared (ATR-FTIR) analysis in Achira (Canna edulis K.) biscuits.zip,achira_water_adsorption,Water Adsorption Isotherms_Achira biscuits.xlsx,Sheet1,430,6c3421effa3b4a609276fe889dfc2eb0,Water Adsorption Isotherms,3,35,0.53,4.39
Experimental water adsorption isotherms and Attenuated Total Reflectance-Fourier Transform Infrared (ATR-FTIR) analysis in Achira (Canna edulis K.) biscuits.zip,raw_data\phase1_biscuit\achira_water_adsorption\Experimental water adsorption isotherms and Attenuated Total Reflectance-Fourier Transform Infrared (ATR-FTIR) analysis in Achira (Canna edulis K.) biscuits.zip,achira_water_adsorption,Water Adsorption Isotherms_Achira biscuits.xlsx,Sheet1,431,aefc7eec65b22c011be87e460e93fdf6,Water Adsorption Isotherms,3,35,0.542,4.5
Experimental water adsorption isotherms and Attenuated Total Reflectance-Fourier Transform Infrared (ATR-FTIR) analysis in Achira (Canna edulis K.) biscuits.zip,raw_data\phase1_biscuit\achira_water_adsorption\Experimental water adsorption isotherms and Attenuated Total Reflectance-Fourier Transform Infrared (ATR-FTIR) analysis in Achira (Canna edulis K.) biscuits.zip,achira_water_adsorption,Water Adsorption Isotherms_Achira biscuits.xlsx,Sheet1,432,f37140ed35d0693bd181fa19dd366d13,Water Adsorption Isotherms,3,35,0.5513,4.59
Experimental water adsorption isotherms and Attenuated Total Reflectance-Fourier Transform Infrared (ATR-FTIR) analysis in Achira (Canna edulis K.) biscuits.zip,raw_data\phase1_biscuit\achira_water_adsorption\Experimental water adsorption isotherms and Attenuated Total Reflectance-Fourier Transform Infrared (ATR-FTIR) analysis in Achira (Canna edulis K.) biscuits.zip,achira_water_adsorption,Water Adsorption Isotherms_Achira biscuits.xlsx,Sheet1,433,b99f088393d57b692c4479b7f75bda91,Water Adsorption Isotherms,3,35,0.5634,4.68
Experimental water adsorption isotherms and Attenuated Total Reflectance-Fourier Transform Infrared (ATR-FTIR) analysis in Achira (Canna edulis K.) biscuits.zip,raw_data\phase1_biscuit\achira_water_adsorption\Experimental water adsorption isotherms and Attenuated Total Reflectance-Fourier Transform Infrared (ATR-FTIR) analysis in Achira (Canna edulis K.) biscuits.zip,achira_water_adsorption,Water Adsorption Isotherms_Achira biscuits.xlsx,Sheet1,434,2db8a658aef610bb25872b859c6ac897,Water Adsorption Isotherms,3,35,0.5725,4.78
Experimental water adsorption isotherms and Attenuated Total Reflectance-Fourier Transform Infrared (ATR-FTIR) analysis in Achira (Canna edulis K.) biscuits.zip,raw_data\phase1_biscuit\achira_water_adsorption\Experimental water adsorption isotherms and Attenuated Total Reflectance-Fourier Transform Infrared (ATR-FTIR) analysis in Achira (Canna edulis K.) biscuits.zip,achira_water_adsorption,Water Adsorption Isotherms_Achira biscuits.xlsx,Sheet1,435,566af76bafeddc58ffd2c4824b2fafce,Water Adsorption Isotherms,3,35,0.5805,4.88
Experimental water adsorption isotherms and Attenuated Total Reflectance-Fourier Transform Infrared (ATR-FTIR) analysis in Achira (Canna edulis K.) biscuits.zip,raw_data\phase1_biscuit\achira_water_adsorption\Experimental water adsorption isotherms and Attenuated Total Reflectance-Fourier Transform Infrared (ATR-FTIR) analysis in Achira (Canna edulis K.) biscuits.zip,achira_water_adsorption,Water Adsorption Isotherms_Achira biscuits.xlsx,Sheet1,436,01c37b5d5f273d55d46fde1de8cbc693,Water Adsorption Isotherms,3,35,0.5868,4.96
Experimental water adsorption isotherms and Attenuated Total Reflectance-Fourier Transform Infrared (ATR-FTIR) analysis in Achira (Canna edulis K.) biscuits.zip,raw_data\phase1_biscuit\achira_water_adsorption\Experimental water adsorption isotherms and Attenuated Total Reflectance-Fourier Transform Infrared (ATR-FTIR) analysis in Achira (Canna edulis K.) biscuits.zip,achira_water_adsorption,Water Adsorption Isotherms_Achira biscuits.xlsx,Sheet1,437,4b3a14e0b7e8e6a684fcfcf9a8865fd4,Water Adsorption Isotherms,3,35,0.5998,5.07
Experimental water adsorption isotherms and Attenuated Total Reflectance-Fourier Transform Infrared (ATR-FTIR) analysis in Achira (Canna edulis K.) biscuits.zip,raw_data\phase1_biscuit\achira_water_adsorption\Experimental water adsorption isotherms and Attenuated Total Reflectance-Fourier Transform Infrared (ATR-FTIR) analysis in Achira (Canna edulis K.) biscuits.zip,achira_water_adsorption,Water Adsorption Isotherms_Achira biscuits.xlsx,Sheet1,438,c711e288ebef7948eb9880c09459d3d9,Water Adsorption Isotherms,3,35,0.6107,5.17
Experimental water adsorption isotherms and Attenuated Total Reflectance-Fourier Transform Infrared (ATR-FTIR) analysis in Achira (Canna edulis K.) biscuits.zip,raw_data\phase1_biscuit\achira_water_adsorption\Experimental water adsorption isotherms and Attenuated Total Reflectance-Fourier Transform Infrared (ATR-FTIR) analysis in Achira (Canna edulis K.) biscuits.zip,achira_water_adsorption,Water Adsorption Isotherms_Achira biscuits.xlsx,Sheet1,439,918ea8c2710263539f2972f404b5f210,Water Adsorption Isotherms,3,35,0.6171,5.26
Experimental water adsorption isotherms and Attenuated Total Reflectance-Fourier Transform Infrared (ATR-FTIR) analysis in Achira (Canna edulis K.) biscuits.zip,raw_data\phase1_biscuit\achira_water_adsorption\Experimental water adsorption isotherms and Attenuated Total Reflectance-Fourier Transform Infrared (ATR-FTIR) analysis in Achira (Canna edulis K.) biscuits.zip,achira_water_adsorption,Water Adsorption Isotherms_Achira biscuits.xlsx,Sheet1,440,27467a00b56e64adf2e17af1dc6e176f,Water Adsorption Isotherms,3,35,0.6256,5.36
Experimental water adsorption isotherms and Attenuated Total Reflectance-Fourier Transform Infrared (ATR-FTIR) analysis in Achira (Canna edulis K.) biscuits.zip,raw_data\phase1_biscuit\achira_water_adsorption\Experimental water adsorption isotherms and Attenuated Total Reflectance-Fourier Transform Infrared (ATR-FTIR) analysis in Achira (Canna edulis K.) biscuits.zip,achira_water_adsorption,Water Adsorption Isotherms_Achira biscuits.xlsx,Sheet1,441,2b3a63f92cb1c28e241372aa77ff0e97,Water Adsorption Isotherms,3,35,0.6373,5.47
Experimental water adsorption isotherms and Attenuated Total Reflectance-Fourier Transform Infrared (ATR-FTIR) analysis in Achira (Canna edulis K.) biscuits.zip,raw_data\phase1_biscuit\achira_water_adsorption\Experimental water adsorption isotherms and Attenuated Total Reflectance-Fourier Transform Infrared (ATR-FTIR) analysis in Achira (Canna edulis K.) biscuits.zip,achira_water_adsorption,Water Adsorption Isotherms_Achira biscuits.xlsx,Sheet1,442,7af7754bd76ed84ccee3a4773de33f6d,Water Adsorption Isotherms,3,35,0.6449,5.58
Experimental water adsorption isotherms and Attenuated Total Reflectance-Fourier Transform Infrared (ATR-FTIR) analysis in Achira (Canna edulis K.) biscuits.zip,raw_data\phase1_biscuit\achira_water_adsorption\Experimental water adsorption isotherms and Attenuated Total Reflectance-Fourier Transform Infrared (ATR-FTIR) analysis in Achira (Canna edulis K.) biscuits.zip,achira_water_adsorption,Water Adsorption Isotherms_Achira biscuits.xlsx,Sheet1,443,2fb8860a9051610df667a09a9bba0d3b,Water Adsorption Isotherms,3,35,0.6536,5.68
Experimental water adsorption isotherms and Attenuated Total Reflectance-Fourier Transform Infrared (ATR-FTIR) analysis in Achira (Canna edulis K.) biscuits.zip,raw_data\phase1_biscuit\achira_water_adsorption\Experimental water adsorption isotherms and Attenuated Total Reflectance-Fourier Transform Infrared (ATR-FTIR) analysis in Achira (Canna edulis K.) biscuits.zip,achira_water_adsorption,Water Adsorption Isotherms_Achira biscuits.xlsx,Sheet1,444,11114c19f2925721a059804e4b2c94f6,Water Adsorption Isotherms,3,35,0.6647,5.79
Experimental water adsorption isotherms and Attenuated Total Reflectance-Fourier Transform Infrared (ATR-FTIR) analysis in Achira (Canna edulis K.) biscuits.zip,raw_data\phase1_biscuit\achira_water_adsorption\Experimental water adsorption isotherms and Attenuated Total Reflectance-Fourier Transform Infrared (ATR-FTIR) analysis in Achira (Canna edulis K.) biscuits.zip,achira_water_adsorption,Water Adsorption Isotherms_Achira biscuits.xlsx,Sheet1,445,8639a550dfe47a468bf3f10b3e0455a9,Water Adsorption Isotherms,3,35,0.6729,5.91
Experimental water adsorption isotherms and Attenuated Total Reflectance-Fourier Transform Infrared (ATR-FTIR) analysis in Achira (Canna edulis K.) biscuits.zip,raw_data\phase1_biscuit\achira_water_adsorption\Experimental water adsorption isotherms and Attenuated Total Reflectance-Fourier Transform Infrared (ATR-FTIR) analysis in Achira (Canna edulis K.) biscuits.zip,achira_water_adsorption,Water Adsorption Isotherms_Achira biscuits.xlsx,Sheet1,446,97d708f7f1b9676a36add10359f53dd7,Water Adsorption Isotherms,3,35,0.6816,6.03
Experimental water adsorption isotherms and Attenuated Total Reflectance-Fourier Transform Infrared (ATR-FTIR) analysis in Achira (Canna edulis K.) biscuits.zip,raw_data\phase1_biscuit\achira_water_adsorption\Experimental water adsorption isotherms and Attenuated Total Reflectance-Fourier Transform Infrared (ATR-FTIR) analysis in Achira (Canna edulis K.) biscuits.zip,achira_water_adsorption,Water Adsorption Isotherms_Achira biscuits.xlsx,Sheet1,447,4e0ca9dd754e482d9086dbbcccaa0fe2,Water Adsorption Isotherms,3,35,0.6909,6.17
Experimental water adsorption isotherms and Attenuated Total Reflectance-Fourier Transform Infrared (ATR-FTIR) analysis in Achira (Canna edulis K.) biscuits.zip,raw_data\phase1_biscuit\achira_water_adsorption\Experimental water adsorption isotherms and Attenuated Total Reflectance-Fourier Transform Infrared (ATR-FTIR) analysis in Achira (Canna edulis K.) biscuits.zip,achira_water_adsorption,Water Adsorption Isotherms_Achira biscuits.xlsx,Sheet1,448,baeb182b7ee577d1a94baa714d3f15c6,Water Adsorption Isotherms,3,35,0.6973,6.29
Experimental water adsorption isotherms and Attenuated Total Reflectance-Fourier Transform Infrared (ATR-FTIR) analysis in Achira (Canna edulis K.) biscuits.zip,raw_data\phase1_biscuit\achira_water_adsorption\Experimental water adsorption isotherms and Attenuated Total Reflectance-Fourier Transform Infrared (ATR-FTIR) analysis in Achira (Canna edulis K.) biscuits.zip,achira_water_adsorption,Water Adsorption Isotherms_Achira biscuits.xlsx,Sheet1,449,4bf4214b01401f7bba797c2d3f468184,Water Adsorption Isotherms,3,35,0.7104,6.44
Experimental water adsorption isotherms and Attenuated Total Reflectance-Fourier Transform Infrared (ATR-FTIR) analysis in Achira (Canna edulis K.) biscuits.zip,raw_data\phase1_biscuit\achira_water_adsorption\Experimental water adsorption isotherms and Attenuated Total Reflectance-Fourier Transform Infrared (ATR-FTIR) analysis in Achira (Canna edulis K.) biscuits.zip,achira_water_adsorption,Water Adsorption Isotherms_Achira biscuits.xlsx,Sheet1,450,5349eef89be8a4167cf47210f8bda7f2,Water Adsorption Isotherms,3,35,0.7193,6.58
Experimental water adsorption isotherms and Attenuated Total Reflectance-Fourier Transform Infrared (ATR-FTIR) analysis in Achira (Canna edulis K.) biscuits.zip,raw_data\phase1_biscuit\achira_water_adsorption\Experimental water adsorption isotherms and Attenuated Total Reflectance-Fourier Transform Infrared (ATR-FTIR) analysis in Achira (Canna edulis K.) biscuits.zip,achira_water_adsorption,Water Adsorption Isotherms_Achira biscuits.xlsx,Sheet1,451,d4584725589e094db0031ef5a6875b52,Water Adsorption Isotherms,3,35,0.7253,6.71
Experimental water adsorption isotherms and Attenuated Total Reflectance-Fourier Transform Infrared (ATR-FTIR) analysis in Achira (Canna edulis K.) biscuits.zip,raw_data\phase1_biscuit\achira_water_adsorption\Experimental water adsorption isotherms and Attenuated Total Reflectance-Fourier Transform Infrared (ATR-FTIR) analysis in Achira (Canna edulis K.) biscuits.zip,achira_water_adsorption,Water Adsorption Isotherms_Achira biscuits.xlsx,Sheet1,452,bb47eeb7b72f570976fb95c5a30280c0,Water Adsorption Isotherms,3,35,0.7351,6.85
Experimental water adsorption isotherms and Attenuated Total Reflectance-Fourier Transform Infrared (ATR-FTIR) analysis in Achira (Canna edulis K.) biscuits.zip,raw_data\phase1_biscuit\achira_water_adsorption\Experimental water adsorption isotherms and Attenuated Total Reflectance-Fourier Transform Infrared (ATR-FTIR) analysis in Achira (Canna edulis K.) biscuits.zip,achira_water_adsorption,Water Adsorption Isotherms_Achira biscuits.xlsx,Sheet1,453,9e5edd032f6f37f2cd4f143669663674,Water Adsorption Isotherms,3,35,0.7473,7.02
Experimental water adsorption isotherms and Attenuated Total Reflectance-Fourier Transform Infrared (ATR-FTIR) analysis in Achira (Canna edulis K.) biscuits.zip,raw_data\phase1_biscuit\achira_water_adsorption\Experimental water adsorption isotherms and Attenuated Total Reflectance-Fourier Transform Infrared (ATR-FTIR) analysis in Achira (Canna edulis K.) biscuits.zip,achira_water_adsorption,Water Adsorption Isotherms_Achira biscuits.xlsx,Sheet1,454,4d2f264cd3f13dfec442bb18f95f0b4f,Water Adsorption Isotherms,3,35,0.7533,7.17
Experimental water adsorption isotherms and Attenuated Total Reflectance-Fourier Transform Infrared (ATR-FTIR) analysis in Achira (Canna edulis K.) biscuits.zip,raw_data\phase1_biscuit\achira_water_adsorption\Experimental water adsorption isotherms and Attenuated Total Reflectance-Fourier Transform Infrared (ATR-FTIR) analysis in Achira (Canna edulis K.) biscuits.zip,achira_water_adsorption,Water Adsorption Isotherms_Achira biscuits.xlsx,Sheet1,455,b9efbc5906731d010704c856d84767f9,Water Adsorption Isotherms,3,35,0.7604,7.34
Experimental water adsorption isotherms and Attenuated Total Reflectance-Fourier Transform Infrared (ATR-FTIR) analysis in Achira (Canna edulis K.) biscuits.zip,raw_data\phase1_biscuit\achira_water_adsorption\Experimental water adsorption isotherms and Attenuated Total Reflectance-Fourier Transform Infrared (ATR-FTIR) analysis in Achira (Canna edulis K.) biscuits.zip,achira_water_adsorption,Water Adsorption Isotherms_Achira biscuits.xlsx,Sheet1,456,ac8b88fe9e263cade94e4325250b76df,Water Adsorption Isotherms,3,35,0.7693,7.53
Experimental water adsorption isotherms and Attenuated Total Reflectance-Fourier Transform Infrared (ATR-FTIR) analysis in Achira (Canna edulis K.) biscuits.zip,raw_data\phase1_biscuit\achira_water_adsorption\Experimental water adsorption isotherms and Attenuated Total Reflectance-Fourier Transform Infrared (ATR-FTIR) analysis in Achira (Canna edulis K.) biscuits.zip,achira_water_adsorption,Water Adsorption Isotherms_Achira biscuits.xlsx,Sheet1,457,f31f6084e4481bd9960261ac2170bc88,Water Adsorption Isotherms,3,35,0.7774,7.71
Experimental water adsorption isotherms and Attenuated Total Reflectance-Fourier Transform Infrared (ATR-FTIR) analysis in Achira (Canna edulis K.) biscuits.zip,raw_data\phase1_biscuit\achira_water_adsorption\Experimental water adsorption isotherms and Attenuated Total Reflectance-Fourier Transform Infrared (ATR-FTIR) analysis in Achira (Canna edulis K.) biscuits.zip,achira_water_adsorption,Water Adsorption Isotherms_Achira biscuits.xlsx,Sheet1,458,77973aa1a91c661fcd0f6c05d1094657,Water Adsorption Isotherms,3,35,0.7878,7.94
Experimental water adsorption isotherms and Attenuated Total Reflectance-Fourier Transform Infrared (ATR-FTIR) analysis in Achira (Canna edulis K.) biscuits.zip,raw_data\phase1_biscuit\achira_water_adsorption\Experimental water adsorption isotherms and Attenuated Total Reflectance-Fourier Transform Infrared (ATR-FTIR) analysis in Achira (Canna edulis K.) biscuits.zip,achira_water_adsorption,Water Adsorption Isotherms_Achira biscuits.xlsx,Sheet1,459,1539308aa0f44783a06d713fc2a7545e,Water Adsorption Isotherms,3,35,0.794,8.170000000000002
Experimental water adsorption isotherms and Attenuated Total Reflectance-Fourier Transform Infrared (ATR-FTIR) analysis in Achira (Canna edulis K.) biscuits.zip,raw_data\phase1_biscuit\achira_water_adsorption\Experimental water adsorption isotherms and Attenuated Total Reflectance-Fourier Transform Infrared (ATR-FTIR) analysis in Achira (Canna edulis K.) biscuits.zip,achira_water_adsorption,Water Adsorption Isotherms_Achira biscuits.xlsx,Sheet1,460,23d9d4bdde50b152fd32c10503707e1e,Water Adsorption Isotherms,3,35,0.8004,8.420000000000002
Experimental water adsorption isotherms and Attenuated Total Reflectance-Fourier Transform Infrared (ATR-FTIR) analysis in Achira (Canna edulis K.) biscuits.zip,raw_data\phase1_biscuit\achira_water_adsorption\Experimental water adsorption isotherms and Attenuated Total Reflectance-Fourier Transform Infrared (ATR-FTIR) analysis in Achira (Canna edulis K.) biscuits.zip,achira_water_adsorption,Water Adsorption Isotherms_Achira biscuits.xlsx,Sheet1,461,4b165c4c8c9a916ed0c83a269bd016cd,Water Adsorption Isotherms,1,45,0.0991,1.1600000000000001
Experimental water adsorption isotherms and Attenuated Total Reflectance-Fourier Transform Infrared (ATR-FTIR) analysis in Achira (Canna edulis K.) biscuits.zip,raw_data\phase1_biscuit\achira_water_adsorption\Experimental water adsorption isotherms and Attenuated Total Reflectance-Fourier Transform Infrared (ATR-FTIR) analysis in Achira (Canna edulis K.) biscuits.zip,achira_water_adsorption,Water Adsorption Isotherms_Achira biscuits.xlsx,Sheet1,462,121a32c5aa28ddf5cbfdf3113f84fc6d,Water Adsorption Isotherms,1,45,0.1081,1.2000000000000002
Experimental water adsorption isotherms and Attenuated Total Reflectance-Fourier Transform Infrared (ATR-FTIR) analysis in Achira (Canna edulis K.) biscuits.zip,raw_data\phase1_biscuit\achira_water_adsorption\Experimental water adsorption isotherms and Attenuated Total Reflectance-Fourier Transform Infrared (ATR-FTIR) analysis in Achira (Canna edulis K.) biscuits.zip,achira_water_adsorption,Water Adsorption Isotherms_Achira biscuits.xlsx,Sheet1,463,035a59e85103cc91eaef25ce99d38357,Water Adsorption Isotherms,1,45,0.1258,1.2999999999999998
Experimental water adsorption isotherms and Attenuated Total Reflectance-Fourier Transform Infrared (ATR-FTIR) analysis in Achira (Canna edulis K.) biscuits.zip,raw_data\phase1_biscuit\achira_water_adsorption\Experimental water adsorption isotherms and Attenuated Total Reflectance-Fourier Transform Infrared (ATR-FTIR) analysis in Achira (Canna edulis K.) biscuits.zip,achira_water_adsorption,Water Adsorption Isotherms_Achira biscuits.xlsx,Sheet1,464,bb957486f06eab29718a3e7b19c0a2f6,Water Adsorption Isotherms,1,45,0.1381,1.3399999999999999
Experimental water adsorption isotherms and Attenuated Total Reflectance-Fourier Transform Infrared (ATR-FTIR) analysis in Achira (Canna edulis K.) biscuits.zip,raw_data\phase1_biscuit\achira_water_adsorption\Experimental water adsorption isotherms and Attenuated Total Reflectance-Fourier Transform Infrared (ATR-FTIR) analysis in Achira (Canna edulis K.) biscuits.zip,achira_water_adsorption,Water Adsorption Isotherms_Achira biscuits.xlsx,Sheet1,465,351bbe36908786217f653f6b21b23a69,Water Adsorption Isotherms,1,45,0.1469,1.37
Experimental water adsorption isotherms and Attenuated Total Reflectance-Fourier Transform Infrared (ATR-FTIR) analysis in Achira (Canna edulis K.) biscuits.zip,raw_data\phase1_biscuit\achira_water_adsorption\Experimental water adsorption isotherms and Attenuated Total Reflectance-Fourier Transform Infrared (ATR-FTIR) analysis in Achira (Canna edulis K.) biscuits.zip,achira_water_adsorption,Water Adsorption Isotherms_Achira biscuits.xlsx,Sheet1,466,749e6b9292997feaa18b28d5b017a342,Water Adsorption Isotherms,1,45,0.1549,1.4
Experimental water adsorption isotherms and Attenuated Total Reflectance-Fourier Transform Infrared (ATR-FTIR) analysis in Achira (Canna edulis K.) biscuits.zip,raw_data\phase1_biscuit\achira_water_adsorption\Experimental water adsorption isotherms and Attenuated Total Reflectance-Fourier Transform Infrared (ATR-FTIR) analysis in Achira (Canna edulis K.) biscuits.zip,achira_water_adsorption,Water Adsorption Isotherms_Achira biscuits.xlsx,Sheet1,467,e81f4254a703e69caee405e6993262bb,Water Adsorption Isotherms,1,45,0.1626,1.44
Experimental water adsorption isotherms and Attenuated Total Reflectance-Fourier Transform Infrared (ATR-FTIR) analysis in Achira (Canna edulis K.) biscuits.zip,raw_data\phase1_biscuit\achira_water_adsorption\Experimental water adsorption isotherms and Attenuated Total Reflectance-Fourier Transform Infrared (ATR-FTIR) analysis in Achira (Canna edulis K.) biscuits.zip,achira_water_adsorption,Water Adsorption Isotherms_Achira biscuits.xlsx,Sheet1,468,2a7c32dc2b8dcb55a1a2012591fb5287,Water Adsorption Isotherms,1,45,0.1708,1.4899999999999998
Experimental water adsorption isotherms and Attenuated Total Reflectance-Fourier Transform Infrared (ATR-FTIR) analysis in Achira (Canna edulis K.) biscuits.zip,raw_data\phase1_biscuit\achira_water_adsorption\Experimental water adsorption isotherms and Attenuated Total Reflectance-Fourier Transform Infrared (ATR-FTIR) analysis in Achira (Canna edulis K.) biscuits.zip,achira_water_adsorption,Water Adsorption Isotherms_Achira biscuits.xlsx,Sheet1,469,0ea4fab7a8b3ee96c9b2943048150a16,Water Adsorption Isotherms,1,45,0.179,1.5299999999999998
Experimental water adsorption isotherms and Attenuated Total Reflectance-Fourier Transform Infrared (ATR-FTIR) analysis in Achira (Canna edulis K.) biscuits.zip,raw_data\phase1_biscuit\achira_water_adsorption\Experimental water adsorption isotherms and Attenuated Total Reflectance-Fourier Transform Infrared (ATR-FTIR) analysis in Achira (Canna edulis K.) biscuits.zip,achira_water_adsorption,Water Adsorption Isotherms_Achira biscuits.xlsx,Sheet1,470,653e20425b388279487433728c0ab255,Water Adsorption Isotherms,1,45,0.1873,1.58
Experimental water adsorption isotherms and Attenuated Total Reflectance-Fourier Transform Infrared (ATR-FTIR) analysis in Achira (Canna edulis K.) biscuits.zip,raw_data\phase1_biscuit\achira_water_adsorption\Experimental water adsorption isotherms and Attenuated Total Reflectance-Fourier Transform Infrared (ATR-FTIR) analysis in Achira (Canna edulis K.) biscuits.zip,achira_water_adsorption,Water Adsorption Isotherms_Achira biscuits.xlsx,Sheet1,471,e8e04c482af8828ca745fd3d3f005c03,Water Adsorption Isotherms,1,45,0.1957,1.65
Experimental water adsorption isotherms and Attenuated Total Reflectance-Fourier Transform Infrared (ATR-FTIR) analysis in Achira (Canna edulis K.) biscuits.zip,raw_data\phase1_biscuit\achira_water_adsorption\Experimental water adsorption isotherms and Attenuated Total Reflectance-Fourier Transform Infrared (ATR-FTIR) analysis in Achira (Canna edulis K.) biscuits.zip,achira_water_adsorption,Water Adsorption Isotherms_Achira biscuits.xlsx,Sheet1,472,3bb3387b772dc82547ce48af56d7d1bc,Water Adsorption Isotherms,1,45,0.2034,1.6799999999999997
Experimental water adsorption isotherms and Attenuated Total Reflectance-Fourier Transform Infrared (ATR-FTIR) analysis in Achira (Canna edulis K.) biscuits.zip,raw_data\phase1_biscuit\achira_water_adsorption\Experimental water adsorption isotherms and Attenuated Total Reflectance-Fourier Transform Infrared (ATR-FTIR) analysis in Achira (Canna edulis K.) biscuits.zip,achira_water_adsorption,Water Adsorption Isotherms_Achira biscuits.xlsx,Sheet1,473,074ea7a52de314177066723b5a672b94,Water Adsorption Isotherms,1,45,0.2126,1.7399999999999998
Experimental water adsorption isotherms and Attenuated Total Reflectance-Fourier Transform Infrared (ATR-FTIR) analysis in Achira (Canna edulis K.) biscuits.zip,raw_data\phase1_biscuit\achira_water_adsorption\Experimental water adsorption isotherms and Attenuated Total Reflectance-Fourier Transform Infrared (ATR-FTIR) analysis in Achira (Canna edulis K.) biscuits.zip,achira_water_adsorption,Water Adsorption Isotherms_Achira biscuits.xlsx,Sheet1,474,8546161ec274a1ab99341e935c765674,Water Adsorption Isotherms,1,45,0.2214,1.79
Experimental water adsorption isotherms and Attenuated Total Reflectance-Fourier Transform Infrared (ATR-FTIR) analysis in Achira (Canna edulis K.) biscuits.zip,raw_data\phase1_biscuit\achira_water_adsorption\Experimental water adsorption isotherms and Attenuated Total Reflectance-Fourier Transform Infrared (ATR-FTIR) analysis in Achira (Canna edulis K.) biscuits.zip,achira_water_adsorption,Water Adsorption Isotherms_Achira biscuits.xlsx,Sheet1,475,3601cfb86c3ab51ba8302b3a1695c06c,Water Adsorption Isotherms,1,45,0.2299,1.85
Experimental water adsorption isotherms and Attenuated Total Reflectance-Fourier Transform Infrared (ATR-FTIR) analysis in Achira (Canna edulis K.) biscuits.zip,raw_data\phase1_biscuit\achira_water_adsorption\Experimental water adsorption isotherms and Attenuated Total Reflectance-Fourier Transform Infrared (ATR-FTIR) analysis in Achira (Canna edulis K.) biscuits.zip,achira_water_adsorption,Water Adsorption Isotherms_Achira biscuits.xlsx,Sheet1,476,d7e3f28bcc59bc1d29dc9052dc0e6796,Water Adsorption Isotherms,1,45,0.2408,1.9
Experimental water adsorption isotherms and Attenuated Total Reflectance-Fourier Transform Infrared (ATR-FTIR) analysis in Achira (Canna edulis K.) biscuits.zip,raw_data\phase1_biscuit\achira_water_adsorption\Experimental water adsorption isotherms and Attenuated Total Reflectance-Fourier Transform Infrared (ATR-FTIR) analysis in Achira (Canna edulis K.) biscuits.zip,achira_water_adsorption,Water Adsorption Isotherms_Achira biscuits.xlsx,Sheet1,477,9106433d358f1799dd5ab53566d5459f,Water Adsorption Isotherms,1,45,0.2487,1.9499999999999997
Experimental water adsorption isotherms and Attenuated Total Reflectance-Fourier Transform Infrared (ATR-FTIR) analysis in Achira (Canna edulis K.) biscuits.zip,raw_data\phase1_biscuit\achira_water_adsorption\Experimental water adsorption isotherms and Attenuated Total Reflectance-Fourier Transform Infrared (ATR-FTIR) analysis in Achira (Canna edulis K.) biscuits.zip,achira_water_adsorption,Water Adsorption Isotherms_Achira biscuits.xlsx,Sheet1,478,be7eb0f5ced8265f846947c55a1aa7c9,Water Adsorption Isotherms,1,45,0.2591,2.02
Experimental water adsorption isotherms and Attenuated Total Reflectance-Fourier Transform Infrared (ATR-FTIR) analysis in Achira (Canna edulis K.) biscuits.zip,raw_data\phase1_biscuit\achira_water_adsorption\Experimental water adsorption isotherms and Attenuated Total Reflectance-Fourier Transform Infrared (ATR-FTIR) analysis in Achira (Canna edulis K.) biscuits.zip,achira_water_adsorption,Water Adsorption Isotherms_Achira biscuits.xlsx,Sheet1,479,234e4f23b707c9d004273d0a49ae6732,Water Adsorption Isotherms,1,45,0.2677,2.08
Experimental water adsorption isotherms and Attenuated Total Reflectance-Fourier Transform Infrared (ATR-FTIR) analysis in Achira (Canna edulis K.) biscuits.zip,raw_data\phase1_biscuit\achira_water_adsorption\Experimental water adsorption isotherms and Attenuated Total Reflectance-Fourier Transform Infrared (ATR-FTIR) analysis in Achira (Canna edulis K.) biscuits.zip,achira_water_adsorption,Water Adsorption Isotherms_Achira biscuits.xlsx,Sheet1,480,6b748d1415dcfe85116062b4bf56584c,Water Adsorption Isotherms,1,45,0.2777,2.1399999999999997
Experimental water adsorption isotherms and Attenuated Total Reflectance-Fourier Transform Infrared (ATR-FTIR) analysis in Achira (Canna edulis K.) biscuits.zip,raw_data\phase1_biscuit\achira_water_adsorption\Experimental water adsorption isotherms and Attenuated Total Reflectance-Fourier Transform Infrared (ATR-FTIR) analysis in Achira (Canna edulis K.) biscuits.zip,achira_water_adsorption,Water Adsorption Isotherms_Achira biscuits.xlsx,Sheet1,481,ebbc16e971453c3a98e3bfcd18e2e527,Water Adsorption Isotherms,1,45,0.2852,2.21
Experimental water adsorption isotherms and Attenuated Total Reflectance-Fourier Transform Infrared (ATR-FTIR) analysis in Achira (Canna edulis K.) biscuits.zip,raw_data\phase1_biscuit\achira_water_adsorption\Experimental water adsorption isotherms and Attenuated Total Reflectance-Fourier Transform Infrared (ATR-FTIR) analysis in Achira (Canna edulis K.) biscuits.zip,achira_water_adsorption,Water Adsorption Isotherms_Achira biscuits.xlsx,Sheet1,482,5b56626c34f4ff164f23a947ad60b63e,Water Adsorption Isotherms,1,45,0.2951,2.28
Experimental water adsorption isotherms and Attenuated Total Reflectance-Fourier Transform Infrared (ATR-FTIR) analysis in Achira (Canna edulis K.) biscuits.zip,raw_data\phase1_biscuit\achira_water_adsorption\Experimental water adsorption isotherms and Attenuated Total Reflectance-Fourier Transform Infrared (ATR-FTIR) analysis in Achira (Canna edulis K.) biscuits.zip,achira_water_adsorption,Water Adsorption Isotherms_Achira biscuits.xlsx,Sheet1,483,903ad4ba3a9b8e2532f115f5d51b6d2c,Water Adsorption Isotherms,1,45,0.3048,2.34
Experimental water adsorption isotherms and Attenuated Total Reflectance-Fourier Transform Infrared (ATR-FTIR) analysis in Achira (Canna edulis K.) biscuits.zip,raw_data\phase1_biscuit\achira_water_adsorption\Experimental water adsorption isotherms and Attenuated Total Reflectance-Fourier Transform Infrared (ATR-FTIR) analysis in Achira (Canna edulis K.) biscuits.zip,achira_water_adsorption,Water Adsorption Isotherms_Achira biscuits.xlsx,Sheet1,484,00111c38dea4bdeb1a841ea7c8490041,Water Adsorption Isotherms,1,45,0.3137,2.4
Experimental water adsorption isotherms and Attenuated Total Reflectance-Fourier Transform Infrared (ATR-FTIR) analysis in Achira (Canna edulis K.) biscuits.zip,raw_data\phase1_biscuit\achira_water_adsorption\Experimental water adsorption isotherms and Attenuated Total Reflectance-Fourier Transform Infrared (ATR-FTIR) analysis in Achira (Canna edulis K.) biscuits.zip,achira_water_adsorption,Water Adsorption Isotherms_Achira biscuits.xlsx,Sheet1,485,bf84729e9d9ce768cee02d3dc19cdffe,Water Adsorption Isotherms,1,45,0.3259,2.48
Experimental water adsorption isotherms and Attenuated Total Reflectance-Fourier Transform Infrared (ATR-FTIR) analysis in Achira (Canna edulis K.) biscuits.zip,raw_data\phase1_biscuit\achira_water_adsorption\Experimental water adsorption isotherms and Attenuated Total Reflectance-Fourier Transform Infrared (ATR-FTIR) analysis in Achira (Canna edulis K.) biscuits.zip,achira_water_adsorption,Water Adsorption Isotherms_Achira biscuits.xlsx,Sheet1,486,727ca5986b0f3113f13cc26583a6b65c,Water Adsorption Isotherms,1,45,0.3315,2.55
Experimental water adsorption isotherms and Attenuated Total Reflectance-Fourier Transform Infrared (ATR-FTIR) analysis in Achira (Canna edulis K.) biscuits.zip,raw_data\phase1_biscuit\achira_water_adsorption\Experimental water adsorption isotherms and Attenuated Total Reflectance-Fourier Transform Infrared (ATR-FTIR) analysis in Achira (Canna edulis K.) biscuits.zip,achira_water_adsorption,Water Adsorption Isotherms_Achira biscuits.xlsx,Sheet1,487,7d5342c4748ade493bbfd21c3cb517a3,Water Adsorption Isotherms,1,45,0.3425,2.6199999999999997
Experimental water adsorption isotherms and Attenuated Total Reflectance-Fourier Transform Infrared (ATR-FTIR) analysis in Achira (Canna edulis K.) biscuits.zip,raw_data\phase1_biscuit\achira_water_adsorption\Experimental water adsorption isotherms and Attenuated Total Reflectance-Fourier Transform Infrared (ATR-FTIR) analysis in Achira (Canna edulis K.) biscuits.zip,achira_water_adsorption,Water Adsorption Isotherms_Achira biscuits.xlsx,Sheet1,488,63ae4790251374c160afcab70b87e80f,Water Adsorption Isotherms,1,45,0.3518,2.69
Experimental water adsorption isotherms and Attenuated Total Reflectance-Fourier Transform Infrared (ATR-FTIR) analysis in Achira (Canna edulis K.) biscuits.zip,raw_data\phase1_biscuit\achira_water_adsorption\Experimental water adsorption isotherms and Attenuated Total Reflectance-Fourier Transform Infrared (ATR-FTIR) analysis in Achira (Canna edulis K.) biscuits.zip,achira_water_adsorption,Water Adsorption Isotherms_Achira biscuits.xlsx,Sheet1,489,3ca9facb0a8b8b48ecbc5c955c532ef1,Water Adsorption Isotherms,1,45,0.3617,2.76
Experimental water adsorption isotherms and Attenuated Total Reflectance-Fourier Transform Infrared (ATR-FTIR) analysis in Achira (Canna edulis K.) biscuits.zip,raw_data\phase1_biscuit\achira_water_adsorption\Experimental water adsorption isotherms and Attenuated Total Reflectance-Fourier Transform Infrared (ATR-FTIR) analysis in Achira (Canna edulis K.) biscuits.zip,achira_water_adsorption,Water Adsorption Isotherms_Achira biscuits.xlsx,Sheet1,490,a1257b1108faf46d8621da101295565e,Water Adsorption Isotherms,1,45,0.3702,2.84
Experimental water adsorption isotherms and Attenuated Total Reflectance-Fourier Transform Infrared (ATR-FTIR) analysis in Achira (Canna edulis K.) biscuits.zip,raw_data\phase1_biscuit\achira_water_adsorption\Experimental water adsorption isotherms and Attenuated Total Reflectance-Fourier Transform Infrared (ATR-FTIR) analysis in Achira (Canna edulis K.) biscuits.zip,achira_water_adsorption,Water Adsorption Isotherms_Achira biscuits.xlsx,Sheet1,491,4f82894d733a398fef66f323e01f5938,Water Adsorption Isotherms,1,45,0.3802,2.92
Experimental water adsorption isotherms and Attenuated Total Reflectance-Fourier Transform Infrared (ATR-FTIR) analysis in Achira (Canna edulis K.) biscuits.zip,raw_data\phase1_biscuit\achira_water_adsorption\Experimental water adsorption isotherms and Attenuated Total Reflectance-Fourier Transform Infrared (ATR-FTIR) analysis in Achira (Canna edulis K.) biscuits.zip,achira_water_adsorption,Water Adsorption Isotherms_Achira biscuits.xlsx,Sheet1,492,b28549e5723280a503216f2b5cfdbc27,Water Adsorption Isotherms,1,45,0.3892,2.9899999999999998
Experimental water adsorption isotherms and Attenuated Total Reflectance-Fourier Transform Infrared (ATR-FTIR) analysis in Achira (Canna edulis K.) biscuits.zip,raw_data\phase1_biscuit\achira_water_adsorption\Experimental water adsorption isotherms and Attenuated Total Reflectance-Fourier Transform Infrared (ATR-FTIR) analysis in Achira (Canna edulis K.) biscuits.zip,achira_water_adsorption,Water Adsorption Isotherms_Achira biscuits.xlsx,Sheet1,493,b3b0d19612a44828bd6751857ec184bf,Water Adsorption Isotherms,1,45,0.3967,3.07
Experimental water adsorption isotherms and Attenuated Total Reflectance-Fourier Transform Infrared (ATR-FTIR) analysis in Achira (Canna edulis K.) biscuits.zip,raw_data\phase1_biscuit\achira_water_adsorption\Experimental water adsorption isotherms and Attenuated Total Reflectance-Fourier Transform Infrared (ATR-FTIR) analysis in Achira (Canna edulis K.) biscuits.zip,achira_water_adsorption,Water Adsorption Isotherms_Achira biscuits.xlsx,Sheet1,494,c561ba666d996626f1b17183716262cb,Water Adsorption Isotherms,1,45,0.4086,3.13
Experimental water adsorption isotherms and Attenuated Total Reflectance-Fourier Transform Infrared (ATR-FTIR) analysis in Achira (Canna edulis K.) biscuits.zip,raw_data\phase1_biscuit\achira_water_adsorption\Experimental water adsorption isotherms and Attenuated Total Reflectance-Fourier Transform Infrared (ATR-FTIR) analysis in Achira (Canna edulis K.) biscuits.zip,achira_water_adsorption,Water Adsorption Isotherms_Achira biscuits.xlsx,Sheet1,495,fb2be74b19bc6f32c619dc7d844ef268,Water Adsorption Isotherms,1,45,0.4171,3.21
Experimental water adsorption isotherms and Attenuated Total Reflectance-Fourier Transform Infrared (ATR-FTIR) analysis in Achira (Canna edulis K.) biscuits.zip,raw_data\phase1_biscuit\achira_water_adsorption\Experimental water adsorption isotherms and Attenuated Total Reflectance-Fourier Transform Infrared (ATR-FTIR) analysis in Achira (Canna edulis K.) biscuits.zip,achira_water_adsorption,Water Adsorption Isotherms_Achira biscuits.xlsx,Sheet1,496,ae631527a3c8064af7ca6dc3d562de65,Water Adsorption Isotherms,1,45,0.4268,3.3
Experimental water adsorption isotherms and Attenuated Total Reflectance-Fourier Transform Infrared (ATR-FTIR) analysis in Achira (Canna edulis K.) biscuits.zip,raw_data\phase1_biscuit\achira_water_adsorption\Experimental water adsorption isotherms and Attenuated Total Reflectance-Fourier Transform Infrared (ATR-FTIR) analysis in Achira (Canna edulis K.) biscuits.zip,achira_water_adsorption,Water Adsorption Isotherms_Achira biscuits.xlsx,Sheet1,497,31a874b85de59f3dd284bc86499fe06c,Water Adsorption Isotherms,1,45,0.4375,3.38
Experimental water adsorption isotherms and Attenuated Total Reflectance-Fourier Transform Infrared (ATR-FTIR) analysis in Achira (Canna edulis K.) biscuits.zip,raw_data\phase1_biscuit\achira_water_adsorption\Experimental water adsorption isotherms and Attenuated Total Reflectance-Fourier Transform Infrared (ATR-FTIR) analysis in Achira (Canna edulis K.) biscuits.zip,achira_water_adsorption,Water Adsorption Isotherms_Achira biscuits.xlsx,Sheet1,498,3610c73bead03379eef2a597bb885b0f,Water Adsorption Isotherms,1,45,0.4459,3.46
Experimental water adsorption isotherms and Attenuated Total Reflectance-Fourier Transform Infrared (ATR-FTIR) analysis in Achira (Canna edulis K.) biscuits.zip,raw_data\phase1_biscuit\achira_water_adsorption\Experimental water adsorption isotherms and Attenuated Total Reflectance-Fourier Transform Infrared (ATR-FTIR) analysis in Achira (Canna edulis K.) biscuits.zip,achira_water_adsorption,Water Adsorption Isotherms_Achira biscuits.xlsx,Sheet1,499,7f1707aa2e6f97876b1f58c64c9b1d6e,Water Adsorption Isotherms,1,45,0.4544,3.54
Experimental water adsorption isotherms and Attenuated Total Reflectance-Fourier Transform Infrared (ATR-FTIR) analysis in Achira (Canna edulis K.) biscuits.zip,raw_data\phase1_biscuit\achira_water_adsorption\Experimental water adsorption isotherms and Attenuated Total Reflectance-Fourier Transform Infrared (ATR-FTIR) analysis in Achira (Canna edulis K.) biscuits.zip,achira_water_adsorption,Water Adsorption Isotherms_Achira biscuits.xlsx,Sheet1,500,a2d78f57c1cce01cb0d428c3c7f92488,Water Adsorption Isotherms,1,45,0.4626,3.6299999999999994
Experimental water adsorption isotherms and Attenuated Total Reflectance-Fourier Transform Infrared (ATR-FTIR) analysis in Achira (Canna edulis K.) biscuits.zip,raw_data\phase1_biscuit\achira_water_adsorption\Experimental water adsorption isotherms and Attenuated Total Reflectance-Fourier Transform Infrared (ATR-FTIR) analysis in Achira (Canna edulis K.) biscuits.zip,achira_water_adsorption,Water Adsorption Isotherms_Achira biscuits.xlsx,Sheet1,501,b6c92f791cc62f64859aa57311dc99ed,Water Adsorption Isotherms,1,45,0.473,3.7099999999999995
Experimental water adsorption isotherms and Attenuated Total Reflectance-Fourier Transform Infrared (ATR-FTIR) analysis in Achira (Canna edulis K.) biscuits.zip,raw_data\phase1_biscuit\achira_water_adsorption\Experimental water adsorption isotherms and Attenuated Total Reflectance-Fourier Transform Infrared (ATR-FTIR) analysis in Achira (Canna edulis K.) biscuits.zip,achira_water_adsorption,Water Adsorption Isotherms_Achira biscuits.xlsx,Sheet1,502,7c5a95be8110a57cb9dee84e8799fc39,Water Adsorption Isotherms,1,45,0.4844,3.8000000000000003
Experimental water adsorption isotherms and Attenuated Total Reflectance-Fourier Transform Infrared (ATR-FTIR) analysis in Achira (Canna edulis K.) biscuits.zip,raw_data\phase1_biscuit\achira_water_adsorption\Experimental water adsorption isotherms and Attenuated Total Reflectance-Fourier Transform Infrared (ATR-FTIR) analysis in Achira (Canna edulis K.) biscuits.zip,achira_water_adsorption,Water Adsorption Isotherms_Achira biscuits.xlsx,Sheet1,503,2e6f5c5c7f6ba90f42bb70ba6184271e,Water Adsorption Isotherms,1,45,0.4921,3.89
Experimental water adsorption isotherms and Attenuated Total Reflectance-Fourier Transform Infrared (ATR-FTIR) analysis in Achira (Canna edulis K.) biscuits.zip,raw_data\phase1_biscuit\achira_water_adsorption\Experimental water adsorption isotherms and Attenuated Total Reflectance-Fourier Transform Infrared (ATR-FTIR) analysis in Achira (Canna edulis K.) biscuits.zip,achira_water_adsorption,Water Adsorption Isotherms_Achira biscuits.xlsx,Sheet1,504,a1099553b6b07878480ce30934cb7d52,Water Adsorption Isotherms,1,45,0.5025,3.97
Experimental water adsorption isotherms and Attenuated Total Reflectance-Fourier Transform Infrared (ATR-FTIR) analysis in Achira (Canna edulis K.) biscuits.zip,raw_data\phase1_biscuit\achira_water_adsorption\Experimental water adsorption isotherms and Attenuated Total Reflectance-Fourier Transform Infrared (ATR-FTIR) analysis in Achira (Canna edulis K.) biscuits.zip,achira_water_adsorption,Water Adsorption Isotherms_Achira biscuits.xlsx,Sheet1,505,bf14829772b1039feda2ef38ec8849b8,Water Adsorption Isotherms,1,45,0.5087,4.050000000000001
Experimental water adsorption isotherms and Attenuated Total Reflectance-Fourier Transform Infrared (ATR-FTIR) analysis in Achira (Canna edulis K.) biscuits.zip,raw_data\phase1_biscuit\achira_water_adsorption\Experimental water adsorption isotherms and Attenuated Total Reflectance-Fourier Transform Infrared (ATR-FTIR) analysis in Achira (Canna edulis K.) biscuits.zip,achira_water_adsorption,Water Adsorption Isotherms_Achira biscuits.xlsx,Sheet1,506,b0089215d4709ea2b49771559e08b266,Water Adsorption Isotherms,1,45,0.5206,4.140000000000001
Experimental water adsorption isotherms and Attenuated Total Reflectance-Fourier Transform Infrared (ATR-FTIR) analysis in Achira (Canna edulis K.) biscuits.zip,raw_data\phase1_biscuit\achira_water_adsorption\Experimental water adsorption isotherms and Attenuated Total Reflectance-Fourier Transform Infrared (ATR-FTIR) analysis in Achira (Canna edulis K.) biscuits.zip,achira_water_adsorption,Water Adsorption Isotherms_Achira biscuits.xlsx,Sheet1,507,968165cc108eaa85d2f62c311f30d5ef,Water Adsorption Isotherms,1,45,0.5281,4.24
Experimental water adsorption isotherms and Attenuated Total Reflectance-Fourier Transform Infrared (ATR-FTIR) analysis in Achira (Canna edulis K.) biscuits.zip,raw_data\phase1_biscuit\achira_water_adsorption\Experimental water adsorption isotherms and Attenuated Total Reflectance-Fourier Transform Infrared (ATR-FTIR) analysis in Achira (Canna edulis K.) biscuits.zip,achira_water_adsorption,Water Adsorption Isotherms_Achira biscuits.xlsx,Sheet1,508,12f8a51e90638b7dc00df6c6c4fdc348,Water Adsorption Isotherms,1,45,0.5353,4.33
Experimental water adsorption isotherms and Attenuated Total Reflectance-Fourier Transform Infrared (ATR-FTIR) analysis in Achira (Canna edulis K.) biscuits.zip,raw_data\phase1_biscuit\achira_water_adsorption\Experimental water adsorption isotherms and Attenuated Total Reflectance-Fourier Transform Infrared (ATR-FTIR) analysis in Achira (Canna edulis K.) biscuits.zip,achira_water_adsorption,Water Adsorption Isotherms_Achira biscuits.xlsx,Sheet1,509,1b05d20bae15f9c66888aebe8dfa6cb9,Water Adsorption Isotherms,1,45,0.5498,4.41
Experimental water adsorption isotherms and Attenuated Total Reflectance-Fourier Transform Infrared (ATR-FTIR) analysis in Achira (Canna edulis K.) biscuits.zip,raw_data\phase1_biscuit\achira_water_adsorption\Experimental water adsorption isotherms and Attenuated Total Reflectance-Fourier Transform Infrared (ATR-FTIR) analysis in Achira (Canna edulis K.) biscuits.zip,achira_water_adsorption,Water Adsorption Isotherms_Achira biscuits.xlsx,Sheet1,510,5882794191e21d9ca264f7f1056ae062,Water Adsorption Isotherms,1,45,0.5586,4.49
Experimental water adsorption isotherms and Attenuated Total Reflectance-Fourier Transform Infrared (ATR-FTIR) analysis in Achira (Canna edulis K.) biscuits.zip,raw_data\phase1_biscuit\achira_water_adsorption\Experimental water adsorption isotherms and Attenuated Total Reflectance-Fourier Transform Infrared (ATR-FTIR) analysis in Achira (Canna edulis K.) biscuits.zip,achira_water_adsorption,Water Adsorption Isotherms_Achira biscuits.xlsx,Sheet1,511,e3daa93167de299eab3396f33baad5cb,Water Adsorption Isotherms,1,45,0.5654,4.52
Experimental water adsorption isotherms and Attenuated Total Reflectance-Fourier Transform Infrared (ATR-FTIR) analysis in Achira (Canna edulis K.) biscuits.zip,raw_data\phase1_biscuit\achira_water_adsorption\Experimental water adsorption isotherms and Attenuated Total Reflectance-Fourier Transform Infrared (ATR-FTIR) analysis in Achira (Canna edulis K.) biscuits.zip,achira_water_adsorption,Water Adsorption Isotherms_Achira biscuits.xlsx,Sheet1,512,02eccd8f1a520ef5c7d010311521442b,Water Adsorption Isotherms,1,45,0.5754,4.619999999999999
Experimental water adsorption isotherms and Attenuated Total Reflectance-Fourier Transform Infrared (ATR-FTIR) analysis in Achira (Canna edulis K.) biscuits.zip,raw_data\phase1_biscuit\achira_water_adsorption\Experimental water adsorption isotherms and Attenuated Total Reflectance-Fourier Transform Infrared (ATR-FTIR) analysis in Achira (Canna edulis K.) biscuits.zip,achira_water_adsorption,Water Adsorption Isotherms_Achira biscuits.xlsx,Sheet1,513,9a793db3cda33908f51da6c20a0a3c68,Water Adsorption Isotherms,1,45,0.5825,4.72
Experimental water adsorption isotherms and Attenuated Total Reflectance-Fourier Transform Infrared (ATR-FTIR) analysis in Achira (Canna edulis K.) biscuits.zip,raw_data\phase1_biscuit\achira_water_adsorption\Experimental water adsorption isotherms and Attenuated Total Reflectance-Fourier Transform Infrared (ATR-FTIR) analysis in Achira (Canna edulis K.) biscuits.zip,achira_water_adsorption,Water Adsorption Isotherms_Achira biscuits.xlsx,Sheet1,514,885f75ea833ff7686ad0b06c1cde7694,Water Adsorption Isotherms,1,45,0.5944,4.8
Experimental water adsorption isotherms and Attenuated Total Reflectance-Fourier Transform Infrared (ATR-FTIR) analysis in Achira (Canna edulis K.) biscuits.zip,raw_data\phase1_biscuit\achira_water_adsorption\Experimental water adsorption isotherms and Attenuated Total Reflectance-Fourier Transform Infrared (ATR-FTIR) analysis in Achira (Canna edulis K.) biscuits.zip,achira_water_adsorption,Water Adsorption Isotherms_Achira biscuits.xlsx,Sheet1,515,79e9fc587ffbd120e63846643c5b887e,Water Adsorption Isotherms,1,45,0.603,4.8999999999999995
Experimental water adsorption isotherms and Attenuated Total Reflectance-Fourier Transform Infrared (ATR-FTIR) analysis in Achira (Canna edulis K.) biscuits.zip,raw_data\phase1_biscuit\achira_water_adsorption\Experimental water adsorption isotherms and Attenuated Total Reflectance-Fourier Transform Infrared (ATR-FTIR) analysis in Achira (Canna edulis K.) biscuits.zip,achira_water_adsorption,Water Adsorption Isotherms_Achira biscuits.xlsx,Sheet1,516,edb82c577d17c7ee421cb729089baa6f,Water Adsorption Isotherms,1,45,0.6099,5.02
Experimental water adsorption isotherms and Attenuated Total Reflectance-Fourier Transform Infrared (ATR-FTIR) analysis in Achira (Canna edulis K.) biscuits.zip,raw_data\phase1_biscuit\achira_water_adsorption\Experimental water adsorption isotherms and Attenuated Total Reflectance-Fourier Transform Infrared (ATR-FTIR) analysis in Achira (Canna edulis K.) biscuits.zip,achira_water_adsorption,Water Adsorption Isotherms_Achira biscuits.xlsx,Sheet1,517,23e3da979dff6d5f1d95e3b4a00e5dd4,Water Adsorption Isotherms,1,45,0.6215,5.119999999999999
Experimental water adsorption isotherms and Attenuated Total Reflectance-Fourier Transform Infrared (ATR-FTIR) analysis in Achira (Canna edulis K.) biscuits.zip,raw_data\phase1_biscuit\achira_water_adsorption\Experimental water adsorption isotherms and Attenuated Total Reflectance-Fourier Transform Infrared (ATR-FTIR) analysis in Achira (Canna edulis K.) biscuits.zip,achira_water_adsorption,Water Adsorption Isotherms_Achira biscuits.xlsx,Sheet1,518,0f6316eba182afb7abb8107f786183ee,Water Adsorption Isotherms,1,45,0.6269,5.2299999999999995
Experimental water adsorption isotherms and Attenuated Total Reflectance-Fourier Transform Infrared (ATR-FTIR) analysis in Achira (Canna edulis K.) biscuits.zip,raw_data\phase1_biscuit\achira_water_adsorption\Experimental water adsorption isotherms and Attenuated Total Reflectance-Fourier Transform Infrared (ATR-FTIR) analysis in Achira (Canna edulis K.) biscuits.zip,achira_water_adsorption,Water Adsorption Isotherms_Achira biscuits.xlsx,Sheet1,519,acd02da284966ad3b33ef5b722de7c86,Water Adsorption Isotherms,1,45,0.6372,5.35
Experimental water adsorption isotherms and Attenuated Total Reflectance-Fourier Transform Infrared (ATR-FTIR) analysis in Achira (Canna edulis K.) biscuits.zip,raw_data\phase1_biscuit\achira_water_adsorption\Experimental water adsorption isotherms and Attenuated Total Reflectance-Fourier Transform Infrared (ATR-FTIR) analysis in Achira (Canna edulis K.) biscuits.zip,achira_water_adsorption,Water Adsorption Isotherms_Achira biscuits.xlsx,Sheet1,520,df00c48b6b869768e01fb20dbc88647a,Water Adsorption Isotherms,1,45,0.6475,5.46
Experimental water adsorption isotherms and Attenuated Total Reflectance-Fourier Transform Infrared (ATR-FTIR) analysis in Achira (Canna edulis K.) biscuits.zip,raw_data\phase1_biscuit\achira_water_adsorption\Experimental water adsorption isotherms and Attenuated Total Reflectance-Fourier Transform Infrared (ATR-FTIR) analysis in Achira (Canna edulis K.) biscuits.zip,achira_water_adsorption,Water Adsorption Isotherms_Achira biscuits.xlsx,Sheet1,521,de94d3a2fcbb1a27420f630a379fcd8e,Water Adsorption Isotherms,1,45,0.6574,5.6
Experimental water adsorption isotherms and Attenuated Total Reflectance-Fourier Transform Infrared (ATR-FTIR) analysis in Achira (Canna edulis K.) biscuits.zip,raw_data\phase1_biscuit\achira_water_adsorption\Experimental water adsorption isotherms and Attenuated Total Reflectance-Fourier Transform Infrared (ATR-FTIR) analysis in Achira (Canna edulis K.) biscuits.zip,achira_water_adsorption,Water Adsorption Isotherms_Achira biscuits.xlsx,Sheet1,522,aa4aca1c6fe86837ab12b03769f4a538,Water Adsorption Isotherms,1,45,0.6652,5.71
Experimental water adsorption isotherms and Attenuated Total Reflectance-Fourier Transform Infrared (ATR-FTIR) analysis in Achira (Canna edulis K.) biscuits.zip,raw_data\phase1_biscuit\achira_water_adsorption\Experimental water adsorption isotherms and Attenuated Total Reflectance-Fourier Transform Infrared (ATR-FTIR) analysis in Achira (Canna edulis K.) biscuits.zip,achira_water_adsorption,Water Adsorption Isotherms_Achira biscuits.xlsx,Sheet1,523,e99d19d527320e7ef3225125e268b45d,Water Adsorption Isotherms,1,45,0.6728,5.829999999999999
Experimental water adsorption isotherms and Attenuated Total Reflectance-Fourier Transform Infrared (ATR-FTIR) analysis in Achira (Canna edulis K.) biscuits.zip,raw_data\phase1_biscuit\achira_water_adsorption\Experimental water adsorption isotherms and Attenuated Total Reflectance-Fourier Transform Infrared (ATR-FTIR) analysis in Achira (Canna edulis K.) biscuits.zip,achira_water_adsorption,Water Adsorption Isotherms_Achira biscuits.xlsx,Sheet1,524,f63c72c764aa81ebba0149b94527fceb,Water Adsorption Isotherms,1,45,0.684,5.949999999999999
Experimental water adsorption isotherms and Attenuated Total Reflectance-Fourier Transform Infrared (ATR-FTIR) analysis in Achira (Canna edulis K.) biscuits.zip,raw_data\phase1_biscuit\achira_water_adsorption\Experimental water adsorption isotherms and Attenuated Total Reflectance-Fourier Transform Infrared (ATR-FTIR) analysis in Achira (Canna edulis K.) biscuits.zip,achira_water_adsorption,Water Adsorption Isotherms_Achira biscuits.xlsx,Sheet1,525,359e2d46c568346ce2a2575e270bfeee,Water Adsorption Isotherms,1,45,0.6922,6.09
Experimental water adsorption isotherms and Attenuated Total Reflectance-Fourier Transform Infrared (ATR-FTIR) analysis in Achira (Canna edulis K.) biscuits.zip,raw_data\phase1_biscuit\achira_water_adsorption\Experimental water adsorption isotherms and Attenuated Total Reflectance-Fourier Transform Infrared (ATR-FTIR) analysis in Achira (Canna edulis K.) biscuits.zip,achira_water_adsorption,Water Adsorption Isotherms_Achira biscuits.xlsx,Sheet1,526,f7b3897b7844a2aaa3469d3cca900c4f,Water Adsorption Isotherms,1,45,0.6993,6.239999999999999
Experimental water adsorption isotherms and Attenuated Total Reflectance-Fourier Transform Infrared (ATR-FTIR) analysis in Achira (Canna edulis K.) biscuits.zip,raw_data\phase1_biscuit\achira_water_adsorption\Experimental water adsorption isotherms and Attenuated Total Reflectance-Fourier Transform Infrared (ATR-FTIR) analysis in Achira (Canna edulis K.) biscuits.zip,achira_water_adsorption,Water Adsorption Isotherms_Achira biscuits.xlsx,Sheet1,527,63786af26a54e4831f32058b71fbb0b2,Water Adsorption Isotherms,1,45,0.7122,6.38
Experimental water adsorption isotherms and Attenuated Total Reflectance-Fourier Transform Infrared (ATR-FTIR) analysis in Achira (Canna edulis K.) biscuits.zip,raw_data\phase1_biscuit\achira_water_adsorption\Experimental water adsorption isotherms and Attenuated Total Reflectance-Fourier Transform Infrared (ATR-FTIR) analysis in Achira (Canna edulis K.) biscuits.zip,achira_water_adsorption,Water Adsorption Isotherms_Achira biscuits.xlsx,Sheet1,528,9926f29fb152053cbd0a89eb3738bdef,Water Adsorption Isotherms,1,45,0.7195,6.51
Experimental water adsorption isotherms and Attenuated Total Reflectance-Fourier Transform Infrared (ATR-FTIR) analysis in Achira (Canna edulis K.) biscuits.zip,raw_data\phase1_biscuit\achira_water_adsorption\Experimental water adsorption isotherms and Attenuated Total Reflectance-Fourier Transform Infrared (ATR-FTIR) analysis in Achira (Canna edulis K.) biscuits.zip,achira_water_adsorption,Water Adsorption Isotherms_Achira biscuits.xlsx,Sheet1,529,76a02f53e0029e43e7e055ae1bd94819,Water Adsorption Isotherms,1,45,0.7268,6.67
Experimental water adsorption isotherms and Attenuated Total Reflectance-Fourier Transform Infrared (ATR-FTIR) analysis in Achira (Canna edulis K.) biscuits.zip,raw_data\phase1_biscuit\achira_water_adsorption\Experimental water adsorption isotherms and Attenuated Total Reflectance-Fourier Transform Infrared (ATR-FTIR) analysis in Achira (Canna edulis K.) biscuits.zip,achira_water_adsorption,Water Adsorption Isotherms_Achira biscuits.xlsx,Sheet1,530,e4cd33a0337c9ceb4f20c41f3f66874c,Water Adsorption Isotherms,1,45,0.7341,6.869999999999999
Experimental water adsorption isotherms and Attenuated Total Reflectance-Fourier Transform Infrared (ATR-FTIR) analysis in Achira (Canna edulis K.) biscuits.zip,raw_data\phase1_biscuit\achira_water_adsorption\Experimental water adsorption isotherms and Attenuated Total Reflectance-Fourier Transform Infrared (ATR-FTIR) analysis in Achira (Canna edulis K.) biscuits.zip,achira_water_adsorption,Water Adsorption Isotherms_Achira biscuits.xlsx,Sheet1,531,7cef6afcdb5f0911d2fb8393efeb5f11,Water Adsorption Isotherms,1,45,0.7443,7.05
Experimental water adsorption isotherms and Attenuated Total Reflectance-Fourier Transform Infrared (ATR-FTIR) analysis in Achira (Canna edulis K.) biscuits.zip,raw_data\phase1_biscuit\achira_water_adsorption\Experimental water adsorption isotherms and Attenuated Total Reflectance-Fourier Transform Infrared (ATR-FTIR) analysis in Achira (Canna edulis K.) biscuits.zip,achira_water_adsorption,Water Adsorption Isotherms_Achira biscuits.xlsx,Sheet1,532,a4137e85ef92e31fba3014a6470958e0,Water Adsorption Isotherms,1,45,0.7556,7.22
Experimental water adsorption isotherms and Attenuated Total Reflectance-Fourier Transform Infrared (ATR-FTIR) analysis in Achira (Canna edulis K.) biscuits.zip,raw_data\phase1_biscuit\achira_water_adsorption\Experimental water adsorption isotherms and Attenuated Total Reflectance-Fourier Transform Infrared (ATR-FTIR) analysis in Achira (Canna edulis K.) biscuits.zip,achira_water_adsorption,Water Adsorption Isotherms_Achira biscuits.xlsx,Sheet1,533,b9b2067b2b3349fa626b564d07cae3d7,Water Adsorption Isotherms,1,45,0.7623,7.43
Experimental water adsorption isotherms and Attenuated Total Reflectance-Fourier Transform Infrared (ATR-FTIR) analysis in Achira (Canna edulis K.) biscuits.zip,raw_data\phase1_biscuit\achira_water_adsorption\Experimental water adsorption isotherms and Attenuated Total Reflectance-Fourier Transform Infrared (ATR-FTIR) analysis in Achira (Canna edulis K.) biscuits.zip,achira_water_adsorption,Water Adsorption Isotherms_Achira biscuits.xlsx,Sheet1,534,22ebda9450eaf01aa8a93bdd035ce90f,Water Adsorption Isotherms,1,45,0.7707,7.660000000000001
Experimental water adsorption isotherms and Attenuated Total Reflectance-Fourier Transform Infrared (ATR-FTIR) analysis in Achira (Canna edulis K.) biscuits.zip,raw_data\phase1_biscuit\achira_water_adsorption\Experimental water adsorption isotherms and Attenuated Total Reflectance-Fourier Transform Infrared (ATR-FTIR) analysis in Achira (Canna edulis K.) biscuits.zip,achira_water_adsorption,Water Adsorption Isotherms_Achira biscuits.xlsx,Sheet1,535,ca5559ac30fc54033a003f8c66fdfe84,Water Adsorption Isotherms,1,45,0.781,7.89
Experimental water adsorption isotherms and Attenuated Total Reflectance-Fourier Transform Infrared (ATR-FTIR) analysis in Achira (Canna edulis K.) biscuits.zip,raw_data\phase1_biscuit\achira_water_adsorption\Experimental water adsorption isotherms and Attenuated Total Reflectance-Fourier Transform Infrared (ATR-FTIR) analysis in Achira (Canna edulis K.) biscuits.zip,achira_water_adsorption,Water Adsorption Isotherms_Achira biscuits.xlsx,Sheet1,536,83e00a9bdc80e5c266cb3920e7ed14ca,Water Adsorption Isotherms,1,45,0.7876,8.150000000000002
Experimental water adsorption isotherms and Attenuated Total Reflectance-Fourier Transform Infrared (ATR-FTIR) analysis in Achira (Canna edulis K.) biscuits.zip,raw_data\phase1_biscuit\achira_water_adsorption\Experimental water adsorption isotherms and Attenuated Total Reflectance-Fourier Transform Infrared (ATR-FTIR) analysis in Achira (Canna edulis K.) biscuits.zip,achira_water_adsorption,Water Adsorption Isotherms_Achira biscuits.xlsx,Sheet1,537,d1ba35620e1c8ed7a517924c2ba0ecf8,Water Adsorption Isotherms,1,45,0.7956,8.280000000000001
Experimental water adsorption isotherms and Attenuated Total Reflectance-Fourier Transform Infrared (ATR-FTIR) analysis in Achira (Canna edulis K.) biscuits.zip,raw_data\phase1_biscuit\achira_water_adsorption\Experimental water adsorption isotherms and Attenuated Total Reflectance-Fourier Transform Infrared (ATR-FTIR) analysis in Achira (Canna edulis K.) biscuits.zip,achira_water_adsorption,Water Adsorption Isotherms_Achira biscuits.xlsx,Sheet1,538,32030b3db3fb0d27bc14e5a957ab2479,Water Adsorption Isotherms,2,45,0.1013,1.18
Experimental water adsorption isotherms and Attenuated Total Reflectance-Fourier Transform Infrared (ATR-FTIR) analysis in Achira (Canna edulis K.) biscuits.zip,raw_data\phase1_biscuit\achira_water_adsorption\Experimental water adsorption isotherms and Attenuated Total Reflectance-Fourier Transform Infrared (ATR-FTIR) analysis in Achira (Canna edulis K.) biscuits.zip,achira_water_adsorption,Water Adsorption Isotherms_Achira biscuits.xlsx,Sheet1,539,b835d8bc5109f4d036120b521f176991,Water Adsorption Isotherms,2,45,0.1086,1.17
Experimental water adsorption isotherms and Attenuated Total Reflectance-Fourier Transform Infrared (ATR-FTIR) analysis in Achira (Canna edulis K.) biscuits.zip,raw_data\phase1_biscuit\achira_water_adsorption\Experimental water adsorption isotherms and Attenuated Total Reflectance-Fourier Transform Infrared (ATR-FTIR) analysis in Achira (Canna edulis K.) biscuits.zip,achira_water_adsorption,Water Adsorption Isotherms_Achira biscuits.xlsx,Sheet1,540,2f1da6112ce3d03c58a5faf66c3f7075,Water Adsorption Isotherms,2,45,0.1327,1.22
Experimental water adsorption isotherms and Attenuated Total Reflectance-Fourier Transform Infrared (ATR-FTIR) analysis in Achira (Canna edulis K.) biscuits.zip,raw_data\phase1_biscuit\achira_water_adsorption\Experimental water adsorption isotherms and Attenuated Total Reflectance-Fourier Transform Infrared (ATR-FTIR) analysis in Achira (Canna edulis K.) biscuits.zip,achira_water_adsorption,Water Adsorption Isotherms_Achira biscuits.xlsx,Sheet1,541,f0e7fd933580694fcd623ba14bfc3d3e,Water Adsorption Isotherms,2,45,0.1462,1.26
Experimental water adsorption isotherms and Attenuated Total Reflectance-Fourier Transform Infrared (ATR-FTIR) analysis in Achira (Canna edulis K.) biscuits.zip,raw_data\phase1_biscuit\achira_water_adsorption\Experimental water adsorption isotherms and Attenuated Total Reflectance-Fourier Transform Infrared (ATR-FTIR) analysis in Achira (Canna edulis K.) biscuits.zip,achira_water_adsorption,Water Adsorption Isotherms_Achira biscuits.xlsx,Sheet1,542,f66856f0bed885f46a1c63db20f016dd,Water Adsorption Isotherms,2,45,0.1572,1.29
Experimental water adsorption isotherms and Attenuated Total Reflectance-Fourier Transform Infrared (ATR-FTIR) analysis in Achira (Canna edulis K.) biscuits.zip,raw_data\phase1_biscuit\achira_water_adsorption\Experimental water adsorption isotherms and Attenuated Total Reflectance-Fourier Transform Infrared (ATR-FTIR) analysis in Achira (Canna edulis K.) biscuits.zip,achira_water_adsorption,Water Adsorption Isotherms_Achira biscuits.xlsx,Sheet1,543,1287ae5078bea3af59aeb4fe6c644ab1,Water Adsorption Isotherms,2,45,0.1639,1.32
Experimental water adsorption isotherms and Attenuated Total Reflectance-Fourier Transform Infrared (ATR-FTIR) analysis in Achira (Canna edulis K.) biscuits.zip,raw_data\phase1_biscuit\achira_water_adsorption\Experimental water adsorption isotherms and Attenuated Total Reflectance-Fourier Transform Infrared (ATR-FTIR) analysis in Achira (Canna edulis K.) biscuits.zip,achira_water_adsorption,Water Adsorption Isotherms_Achira biscuits.xlsx,Sheet1,544,5a9d11714b2ff3fd34cfe849c5de6104,Water Adsorption Isotherms,2,45,0.1739,1.36
Experimental water adsorption isotherms and Attenuated Total Reflectance-Fourier Transform Infrared (ATR-FTIR) analysis in Achira (Canna edulis K.) biscuits.zip,raw_data\phase1_biscuit\achira_water_adsorption\Experimental water adsorption isotherms and Attenuated Total Reflectance-Fourier Transform Infrared (ATR-FTIR) analysis in Achira (Canna edulis K.) biscuits.zip,achira_water_adsorption,Water Adsorption Isotherms_Achira biscuits.xlsx,Sheet1,545,16ef6b521208fb7acfac1a464a567f43,Water Adsorption Isotherms,2,45,0.1794,1.41
Experimental water adsorption isotherms and Attenuated Total Reflectance-Fourier Transform Infrared (ATR-FTIR) analysis in Achira (Canna edulis K.) biscuits.zip,raw_data\phase1_biscuit\achira_water_adsorption\Experimental water adsorption isotherms and Attenuated Total Reflectance-Fourier Transform Infrared (ATR-FTIR) analysis in Achira (Canna edulis K.) biscuits.zip,achira_water_adsorption,Water Adsorption Isotherms_Achira biscuits.xlsx,Sheet1,546,85d452dd21f3ca28d1c59590473e25fb,Water Adsorption Isotherms,2,45,0.1861,1.45
Experimental water adsorption isotherms and Attenuated Total Reflectance-Fourier Transform Infrared (ATR-FTIR) analysis in Achira (Canna edulis K.) biscuits.zip,raw_data\phase1_biscuit\achira_water_adsorption\Experimental water adsorption isotherms and Attenuated Total Reflectance-Fourier Transform Infrared (ATR-FTIR) analysis in Achira (Canna edulis K.) biscuits.zip,achira_water_adsorption,Water Adsorption Isotherms_Achira biscuits.xlsx,Sheet1,547,9fa182cbddc3c9d6a8f581508d47840a,Water Adsorption Isotherms,2,45,0.1956,1.5
Experimental water adsorption isotherms and Attenuated Total Reflectance-Fourier Transform Infrared (ATR-FTIR) analysis in Achira (Canna edulis K.) biscuits.zip,raw_data\phase1_biscuit\achira_water_adsorption\Experimental water adsorption isotherms and Attenuated Total Reflectance-Fourier Transform Infrared (ATR-FTIR) analysis in Achira (Canna edulis K.) biscuits.zip,achira_water_adsorption,Water Adsorption Isotherms_Achira biscuits.xlsx,Sheet1,548,9bcadf26a4114b0a497010107080d4a1,Water Adsorption Isotherms,2,45,0.2081,1.57
Experimental water adsorption isotherms and Attenuated Total Reflectance-Fourier Transform Infrared (ATR-FTIR) analysis in Achira (Canna edulis K.) biscuits.zip,raw_data\phase1_biscuit\achira_water_adsorption\Experimental water adsorption isotherms and Attenuated Total Reflectance-Fourier Transform Infrared (ATR-FTIR) analysis in Achira (Canna edulis K.) biscuits.zip,achira_water_adsorption,Water Adsorption Isotherms_Achira biscuits.xlsx,Sheet1,549,5b3dd37a635e102f5683e90f450aa2a7,Water Adsorption Isotherms,2,45,0.2123,1.5999999999999999
Experimental water adsorption isotherms and Attenuated Total Reflectance-Fourier Transform Infrared (ATR-FTIR) analysis in Achira (Canna edulis K.) biscuits.zip,raw_data\phase1_biscuit\achira_water_adsorption\Experimental water adsorption isotherms and Attenuated Total Reflectance-Fourier Transform Infrared (ATR-FTIR) analysis in Achira (Canna edulis K.) biscuits.zip,achira_water_adsorption,Water Adsorption Isotherms_Achira biscuits.xlsx,Sheet1,550,8c60bc2eef3df02df4d6f40c9eb8f674,Water Adsorption Isotherms,2,45,0.2231,1.66
Experimental water adsorption isotherms and Attenuated Total Reflectance-Fourier Transform Infrared (ATR-FTIR) analysis in Achira (Canna edulis K.) biscuits.zip,raw_data\phase1_biscuit\achira_water_adsorption\Experimental water adsorption isotherms and Attenuated Total Reflectance-Fourier Transform Infrared (ATR-FTIR) analysis in Achira (Canna edulis K.) biscuits.zip,achira_water_adsorption,Water Adsorption Isotherms_Achira biscuits.xlsx,Sheet1,551,0ef59d715a9e81747677001bcc78aab6,Water Adsorption Isotherms,2,45,0.2333,1.7100000000000002
Experimental water adsorption isotherms and Attenuated Total Reflectance-Fourier Transform Infrared (ATR-FTIR) analysis in Achira (Canna edulis K.) biscuits.zip,raw_data\phase1_biscuit\achira_water_adsorption\Experimental water adsorption isotherms and Attenuated Total Reflectance-Fourier Transform Infrared (ATR-FTIR) analysis in Achira (Canna edulis K.) biscuits.zip,achira_water_adsorption,Water Adsorption Isotherms_Achira biscuits.xlsx,Sheet1,552,1773048648794068d57535bfc6dc12ce,Water Adsorption Isotherms,2,45,0.242,1.7700000000000002
Experimental water adsorption isotherms and Attenuated Total Reflectance-Fourier Transform Infrared (ATR-FTIR) analysis in Achira (Canna edulis K.) biscuits.zip,raw_data\phase1_biscuit\achira_water_adsorption\Experimental water adsorption isotherms and Attenuated Total Reflectance-Fourier Transform Infrared (ATR-FTIR) analysis in Achira (Canna edulis K.) biscuits.zip,achira_water_adsorption,Water Adsorption Isotherms_Achira biscuits.xlsx,Sheet1,553,ce5b97e1af06a047f00798bf686dbd94,Water Adsorption Isotherms,2,45,0.2466,1.82
Experimental water adsorption isotherms and Attenuated Total Reflectance-Fourier Transform Infrared (ATR-FTIR) analysis in Achira (Canna edulis K.) biscuits.zip,raw_data\phase1_biscuit\achira_water_adsorption\Experimental water adsorption isotherms and Attenuated Total Reflectance-Fourier Transform Infrared (ATR-FTIR) analysis in Achira (Canna edulis K.) biscuits.zip,achira_water_adsorption,Water Adsorption Isotherms_Achira biscuits.xlsx,Sheet1,554,44e8c3ea48c74900a7f7b3cad4a73631,Water Adsorption Isotherms,2,45,0.26,1.8699999999999999
Experimental water adsorption isotherms and Attenuated Total Reflectance-Fourier Transform Infrared (ATR-FTIR) analysis in Achira (Canna edulis K.) biscuits.zip,raw_data\phase1_biscuit\achira_water_adsorption\Experimental water adsorption isotherms and Attenuated Total Reflectance-Fourier Transform Infrared (ATR-FTIR) analysis in Achira (Canna edulis K.) biscuits.zip,achira_water_adsorption,Water Adsorption Isotherms_Achira biscuits.xlsx,Sheet1,555,d545863a0202e0d2b65423974d1a3832,Water Adsorption Isotherms,2,45,0.2704,1.9400000000000002
Experimental water adsorption isotherms and Attenuated Total Reflectance-Fourier Transform Infrared (ATR-FTIR) analysis in Achira (Canna edulis K.) biscuits.zip,raw_data\phase1_biscuit\achira_water_adsorption\Experimental water adsorption isotherms and Attenuated Total Reflectance-Fourier Transform Infrared (ATR-FTIR) analysis in Achira (Canna edulis K.) biscuits.zip,achira_water_adsorption,Water Adsorption Isotherms_Achira biscuits.xlsx,Sheet1,556,ad0ffabc45aca3074dc828ad110888d9,Water Adsorption Isotherms,2,45,0.2788,2.0
Experimental water adsorption isotherms and Attenuated Total Reflectance-Fourier Transform Infrared (ATR-FTIR) analysis in Achira (Canna edulis K.) biscuits.zip,raw_data\phase1_biscuit\achira_water_adsorption\Experimental water adsorption isotherms and Attenuated Total Reflectance-Fourier Transform Infrared (ATR-FTIR) analysis in Achira (Canna edulis K.) biscuits.zip,achira_water_adsorption,Water Adsorption Isotherms_Achira biscuits.xlsx,Sheet1,557,b4f0c7c3a687563986e2c5c4409f0f0c,Water Adsorption Isotherms,2,45,0.2836,2.0599999999999996
Experimental water adsorption isotherms and Attenuated Total Reflectance-Fourier Transform Infrared (ATR-FTIR) analysis in Achira (Canna edulis K.) biscuits.zip,raw_data\phase1_biscuit\achira_water_adsorption\Experimental water adsorption isotherms and Attenuated Total Reflectance-Fourier Transform Infrared (ATR-FTIR) analysis in Achira (Canna edulis K.) biscuits.zip,achira_water_adsorption,Water Adsorption Isotherms_Achira biscuits.xlsx,Sheet1,558,eb8c46df252da6a985279af4fdd007b8,Water Adsorption Isotherms,2,45,0.2965,2.13
Experimental water adsorption isotherms and Attenuated Total Reflectance-Fourier Transform Infrared (ATR-FTIR) analysis in Achira (Canna edulis K.) biscuits.zip,raw_data\phase1_biscuit\achira_water_adsorption\Experimental water adsorption isotherms and Attenuated Total Reflectance-Fourier Transform Infrared (ATR-FTIR) analysis in Achira (Canna edulis K.) biscuits.zip,achira_water_adsorption,Water Adsorption Isotherms_Achira biscuits.xlsx,Sheet1,559,b81ace94211a87edb9754316ba760a5b,Water Adsorption Isotherms,2,45,0.3029,2.2
Experimental water adsorption isotherms and Attenuated Total Reflectance-Fourier Transform Infrared (ATR-FTIR) analysis in Achira (Canna edulis K.) biscuits.zip,raw_data\phase1_biscuit\achira_water_adsorption\Experimental water adsorption isotherms and Attenuated Total Reflectance-Fourier Transform Infrared (ATR-FTIR) analysis in Achira (Canna edulis K.) biscuits.zip,achira_water_adsorption,Water Adsorption Isotherms_Achira biscuits.xlsx,Sheet1,560,7f8acab80f8d817a2c4f2bb829d88d71,Water Adsorption Isotherms,2,45,0.3166,2.26
Experimental water adsorption isotherms and Attenuated Total Reflectance-Fourier Transform Infrared (ATR-FTIR) analysis in Achira (Canna edulis K.) biscuits.zip,raw_data\phase1_biscuit\achira_water_adsorption\Experimental water adsorption isotherms and Attenuated Total Reflectance-Fourier Transform Infrared (ATR-FTIR) analysis in Achira (Canna edulis K.) biscuits.zip,achira_water_adsorption,Water Adsorption Isotherms_Achira biscuits.xlsx,Sheet1,561,032ea3f058be12c3b866fbad75941b81,Water Adsorption Isotherms,2,45,0.3193,2.3200000000000003
Experimental water adsorption isotherms and Attenuated Total Reflectance-Fourier Transform Infrared (ATR-FTIR) analysis in Achira (Canna edulis K.) biscuits.zip,raw_data\phase1_biscuit\achira_water_adsorption\Experimental water adsorption isotherms and Attenuated Total Reflectance-Fourier Transform Infrared (ATR-FTIR) analysis in Achira (Canna edulis K.) biscuits.zip,achira_water_adsorption,Water Adsorption Isotherms_Achira biscuits.xlsx,Sheet1,562,b3f1ea2b816a9c79b8116faf174445c0,Water Adsorption Isotherms,2,45,0.3351,2.4000000000000004
Experimental water adsorption isotherms and Attenuated Total Reflectance-Fourier Transform Infrared (ATR-FTIR) analysis in Achira (Canna edulis K.) biscuits.zip,raw_data\phase1_biscuit\achira_water_adsorption\Experimental water adsorption isotherms and Attenuated Total Reflectance-Fourier Transform Infrared (ATR-FTIR) analysis in Achira (Canna edulis K.) biscuits.zip,achira_water_adsorption,Water Adsorption Isotherms_Achira biscuits.xlsx,Sheet1,563,ff0212b2f188fb1bdc4ebbd76aa1b125,Water Adsorption Isotherms,2,45,0.3453,2.4699999999999998
Experimental water adsorption isotherms and Attenuated Total Reflectance-Fourier Transform Infrared (ATR-FTIR) analysis in Achira (Canna edulis K.) biscuits.zip,raw_data\phase1_biscuit\achira_water_adsorption\Experimental water adsorption isotherms and Attenuated Total Reflectance-Fourier Transform Infrared (ATR-FTIR) analysis in Achira (Canna edulis K.) biscuits.zip,achira_water_adsorption,Water Adsorption Isotherms_Achira biscuits.xlsx,Sheet1,564,28e5d88190586969b415b16fb14f6936,Water Adsorption Isotherms,2,45,0.3476,2.54
Experimental water adsorption isotherms and Attenuated Total Reflectance-Fourier Transform Infrared (ATR-FTIR) analysis in Achira (Canna edulis K.) biscuits.zip,raw_data\phase1_biscuit\achira_water_adsorption\Experimental water adsorption isotherms and Attenuated Total Reflectance-Fourier Transform Infrared (ATR-FTIR) analysis in Achira (Canna edulis K.) biscuits.zip,achira_water_adsorption,Water Adsorption Isotherms_Achira biscuits.xlsx,Sheet1,565,2c7c4597224620bdd117dfd674920c05,Water Adsorption Isotherms,2,45,0.3624,2.6100000000000003
Experimental water adsorption isotherms and Attenuated Total Reflectance-Fourier Transform Infrared (ATR-FTIR) analysis in Achira (Canna edulis K.) biscuits.zip,raw_data\phase1_biscuit\achira_water_adsorption\Experimental water adsorption isotherms and Attenuated Total Reflectance-Fourier Transform Infrared (ATR-FTIR) analysis in Achira (Canna edulis K.) biscuits.zip,achira_water_adsorption,Water Adsorption Isotherms_Achira biscuits.xlsx,Sheet1,566,3f19e6e8b33093bb5e7282c12f57e9e6,Water Adsorption Isotherms,2,45,0.3691,2.6799999999999997
Experimental water adsorption isotherms and Attenuated Total Reflectance-Fourier Transform Infrared (ATR-FTIR) analysis in Achira (Canna edulis K.) biscuits.zip,raw_data\phase1_biscuit\achira_water_adsorption\Experimental water adsorption isotherms and Attenuated Total Reflectance-Fourier Transform Infrared (ATR-FTIR) analysis in Achira (Canna edulis K.) biscuits.zip,achira_water_adsorption,Water Adsorption Isotherms_Achira biscuits.xlsx,Sheet1,567,2c0ee14dc35bcbf5b91189d732066336,Water Adsorption Isotherms,2,45,0.3802,2.76
Experimental water adsorption isotherms and Attenuated Total Reflectance-Fourier Transform Infrared (ATR-FTIR) analysis in Achira (Canna edulis K.) biscuits.zip,raw_data\phase1_biscuit\achira_water_adsorption\Experimental water adsorption isotherms and Attenuated Total Reflectance-Fourier Transform Infrared (ATR-FTIR) analysis in Achira (Canna edulis K.) biscuits.zip,achira_water_adsorption,Water Adsorption Isotherms_Achira biscuits.xlsx,Sheet1,568,f8f61a36903e6ff488680a524c2159fe,Water Adsorption Isotherms,2,45,0.3919,2.84
Experimental water adsorption isotherms and Attenuated Total Reflectance-Fourier Transform Infrared (ATR-FTIR) analysis in Achira (Canna edulis K.) biscuits.zip,raw_data\phase1_biscuit\achira_water_adsorption\Experimental water adsorption isotherms and Attenuated Total Reflectance-Fourier Transform Infrared (ATR-FTIR) analysis in Achira (Canna edulis K.) biscuits.zip,achira_water_adsorption,Water Adsorption Isotherms_Achira biscuits.xlsx,Sheet1,569,523d935a36c4aa6df32d707e1d02a4ff,Water Adsorption Isotherms,2,45,0.3979,2.91
Experimental water adsorption isotherms and Attenuated Total Reflectance-Fourier Transform Infrared (ATR-FTIR) analysis in Achira (Canna edulis K.) biscuits.zip,raw_data\phase1_biscuit\achira_water_adsorption\Experimental water adsorption isotherms and Attenuated Total Reflectance-Fourier Transform Infrared (ATR-FTIR) analysis in Achira (Canna edulis K.) biscuits.zip,achira_water_adsorption,Water Adsorption Isotherms_Achira biscuits.xlsx,Sheet1,570,aa708433b1936033e734e76fcac5bdf0,Water Adsorption Isotherms,2,45,0.4082,2.99
Experimental water adsorption isotherms and Attenuated Total Reflectance-Fourier Transform Infrared (ATR-FTIR) analysis in Achira (Canna edulis K.) biscuits.zip,raw_data\phase1_biscuit\achira_water_adsorption\Experimental water adsorption isotherms and Attenuated Total Reflectance-Fourier Transform Infrared (ATR-FTIR) analysis in Achira (Canna edulis K.) biscuits.zip,achira_water_adsorption,Water Adsorption Isotherms_Achira biscuits.xlsx,Sheet1,571,a4c0a0d913ce26387d936ce2f65f5d4a,Water Adsorption Isotherms,2,45,0.4143,3.05
Experimental water adsorption isotherms and Attenuated Total Reflectance-Fourier Transform Infrared (ATR-FTIR) analysis in Achira (Canna edulis K.) biscuits.zip,raw_data\phase1_biscuit\achira_water_adsorption\Experimental water adsorption isotherms and Attenuated Total Reflectance-Fourier Transform Infrared (ATR-FTIR) analysis in Achira (Canna edulis K.) biscuits.zip,achira_water_adsorption,Water Adsorption Isotherms_Achira biscuits.xlsx,Sheet1,572,87ca9e2fff77b1b5a6cf2728b0ae477f,Water Adsorption Isotherms,2,45,0.4258,3.13
Experimental water adsorption isotherms and Attenuated Total Reflectance-Fourier Transform Infrared (ATR-FTIR) analysis in Achira (Canna edulis K.) biscuits.zip,raw_data\phase1_biscuit\achira_water_adsorption\Experimental water adsorption isotherms and Attenuated Total Reflectance-Fourier Transform Infrared (ATR-FTIR) analysis in Achira (Canna edulis K.) biscuits.zip,achira_water_adsorption,Water Adsorption Isotherms_Achira biscuits.xlsx,Sheet1,573,067d85381a125af17e1e5bac9054927e,Water Adsorption Isotherms,2,45,0.436,3.2199999999999998
Experimental water adsorption isotherms and Attenuated Total Reflectance-Fourier Transform Infrared (ATR-FTIR) analysis in Achira (Canna edulis K.) biscuits.zip,raw_data\phase1_biscuit\achira_water_adsorption\Experimental water adsorption isotherms and Attenuated Total Reflectance-Fourier Transform Infrared (ATR-FTIR) analysis in Achira (Canna edulis K.) biscuits.zip,achira_water_adsorption,Water Adsorption Isotherms_Achira biscuits.xlsx,Sheet1,574,d053dae424988937d5ab573c569ee97a,Water Adsorption Isotherms,2,45,0.4492,3.3
Experimental water adsorption isotherms and Attenuated Total Reflectance-Fourier Transform Infrared (ATR-FTIR) analysis in Achira (Canna edulis K.) biscuits.zip,raw_data\phase1_biscuit\achira_water_adsorption\Experimental water adsorption isotherms and Attenuated Total Reflectance-Fourier Transform Infrared (ATR-FTIR) analysis in Achira (Canna edulis K.) biscuits.zip,achira_water_adsorption,Water Adsorption Isotherms_Achira biscuits.xlsx,Sheet1,575,3c0824d95225e3b6b2e95d8ec6aad780,Water Adsorption Isotherms,2,45,0.4541,3.38
Experimental water adsorption isotherms and Attenuated Total Reflectance-Fourier Transform Infrared (ATR-FTIR) analysis in Achira (Canna edulis K.) biscuits.zip,raw_data\phase1_biscuit\achira_water_adsorption\Experimental water adsorption isotherms and Attenuated Total Reflectance-Fourier Transform Infrared (ATR-FTIR) analysis in Achira (Canna edulis K.) biscuits.zip,achira_water_adsorption,Water Adsorption Isotherms_Achira biscuits.xlsx,Sheet1,576,0280069a6e3f19c6cd81e880248e61ca,Water Adsorption Isotherms,2,45,0.4641,3.46
Experimental water adsorption isotherms and Attenuated Total Reflectance-Fourier Transform Infrared (ATR-FTIR) analysis in Achira (Canna edulis K.) biscuits.zip,raw_data\phase1_biscuit\achira_water_adsorption\Experimental water adsorption isotherms and Attenuated Total Reflectance-Fourier Transform Infrared (ATR-FTIR) analysis in Achira (Canna edulis K.) biscuits.zip,achira_water_adsorption,Water Adsorption Isotherms_Achira biscuits.xlsx,Sheet1,577,e86a1d8d6d9f20a2adb30ef4c14c8b93,Water Adsorption Isotherms,2,45,0.4731,3.55
Experimental water adsorption isotherms and Attenuated Total Reflectance-Fourier Transform Infrared (ATR-FTIR) analysis in Achira (Canna edulis K.) biscuits.zip,raw_data\phase1_biscuit\achira_water_adsorption\Experimental water adsorption isotherms and Attenuated Total Reflectance-Fourier Transform Infrared (ATR-FTIR) analysis in Achira (Canna edulis K.) biscuits.zip,achira_water_adsorption,Water Adsorption Isotherms_Achira biscuits.xlsx,Sheet1,578,4130ccf9a1393d4898cecf2279baa00a,Water Adsorption Isotherms,2,45,0.484,3.63
Experimental water adsorption isotherms and Attenuated Total Reflectance-Fourier Transform Infrared (ATR-FTIR) analysis in Achira (Canna edulis K.) biscuits.zip,raw_data\phase1_biscuit\achira_water_adsorption\Experimental water adsorption isotherms and Attenuated Total Reflectance-Fourier Transform Infrared (ATR-FTIR) analysis in Achira (Canna edulis K.) biscuits.zip,achira_water_adsorption,Water Adsorption Isotherms_Achira biscuits.xlsx,Sheet1,579,65e734471afdb7f0b12538439d365377,Water Adsorption Isotherms,2,45,0.4929,3.7200000000000006
Experimental water adsorption isotherms and Attenuated Total Reflectance-Fourier Transform Infrared (ATR-FTIR) analysis in Achira (Canna edulis K.) biscuits.zip,raw_data\phase1_biscuit\achira_water_adsorption\Experimental water adsorption isotherms and Attenuated Total Reflectance-Fourier Transform Infrared (ATR-FTIR) analysis in Achira (Canna edulis K.) biscuits.zip,achira_water_adsorption,Water Adsorption Isotherms_Achira biscuits.xlsx,Sheet1,580,19ed828342c2936a5d920221e304a6fb,Water Adsorption Isotherms,2,45,0.5026,3.8100000000000005
Experimental water adsorption isotherms and Attenuated Total Reflectance-Fourier Transform Infrared (ATR-FTIR) analysis in Achira (Canna edulis K.) biscuits.zip,raw_data\phase1_biscuit\achira_water_adsorption\Experimental water adsorption isotherms and Attenuated Total Reflectance-Fourier Transform Infrared (ATR-FTIR) analysis in Achira (Canna edulis K.) biscuits.zip,achira_water_adsorption,Water Adsorption Isotherms_Achira biscuits.xlsx,Sheet1,581,f95509b5ebcb5c9f521fee5b238628e8,Water Adsorption Isotherms,2,45,0.5094,3.8900000000000006
Experimental water adsorption isotherms and Attenuated Total Reflectance-Fourier Transform Infrared (ATR-FTIR) analysis in Achira (Canna edulis K.) biscuits.zip,raw_data\phase1_biscuit\achira_water_adsorption\Experimental water adsorption isotherms and Attenuated Total Reflectance-Fourier Transform Infrared (ATR-FTIR) analysis in Achira (Canna edulis K.) biscuits.zip,achira_water_adsorption,Water Adsorption Isotherms_Achira biscuits.xlsx,Sheet1,582,d933b10c82d3f09f2b7c377cd4d35f4c,Water Adsorption Isotherms,2,45,0.5208,3.9700000000000006
Experimental water adsorption isotherms and Attenuated Total Reflectance-Fourier Transform Infrared (ATR-FTIR) analysis in Achira (Canna edulis K.) biscuits.zip,raw_data\phase1_biscuit\achira_water_adsorption\Experimental water adsorption isotherms and Attenuated Total Reflectance-Fourier Transform Infrared (ATR-FTIR) analysis in Achira (Canna edulis K.) biscuits.zip,achira_water_adsorption,Water Adsorption Isotherms_Achira biscuits.xlsx,Sheet1,583,4f0217ef4d935cacfef6bf3663fce95b,Water Adsorption Isotherms,2,45,0.5289,4.0600000000000005
Experimental water adsorption isotherms and Attenuated Total Reflectance-Fourier Transform Infrared (ATR-FTIR) analysis in Achira (Canna edulis K.) biscuits.zip,raw_data\phase1_biscuit\achira_water_adsorption\Experimental water adsorption isotherms and Attenuated Total Reflectance-Fourier Transform Infrared (ATR-FTIR) analysis in Achira (Canna edulis K.) biscuits.zip,achira_water_adsorption,Water Adsorption Isotherms_Achira biscuits.xlsx,Sheet1,584,d72ed251f748b38c38f7577b78d35194,Water Adsorption Isotherms,2,45,0.5414,4.16
Experimental water adsorption isotherms and Attenuated Total Reflectance-Fourier Transform Infrared (ATR-FTIR) analysis in Achira (Canna edulis K.) biscuits.zip,raw_data\phase1_biscuit\achira_water_adsorption\Experimental water adsorption isotherms and Attenuated Total Reflectance-Fourier Transform Infrared (ATR-FTIR) analysis in Achira (Canna edulis K.) biscuits.zip,achira_water_adsorption,Water Adsorption Isotherms_Achira biscuits.xlsx,Sheet1,585,311f6df307624e61fef89b2f2e243a65,Water Adsorption Isotherms,2,45,0.5513,4.25
Experimental water adsorption isotherms and Attenuated Total Reflectance-Fourier Transform Infrared (ATR-FTIR) analysis in Achira (Canna edulis K.) biscuits.zip,raw_data\phase1_biscuit\achira_water_adsorption\Experimental water adsorption isotherms and Attenuated Total Reflectance-Fourier Transform Infrared (ATR-FTIR) analysis in Achira (Canna edulis K.) biscuits.zip,achira_water_adsorption,Water Adsorption Isotherms_Achira biscuits.xlsx,Sheet1,586,7519bb60a24cc53a76537f4228bca16f,Water Adsorption Isotherms,2,45,0.5575,4.33
Experimental water adsorption isotherms and Attenuated Total Reflectance-Fourier Transform Infrared (ATR-FTIR) analysis in Achira (Canna edulis K.) biscuits.zip,raw_data\phase1_biscuit\achira_water_adsorption\Experimental water adsorption isotherms and Attenuated Total Reflectance-Fourier Transform Infrared (ATR-FTIR) analysis in Achira (Canna edulis K.) biscuits.zip,achira_water_adsorption,Water Adsorption Isotherms_Achira biscuits.xlsx,Sheet1,587,866131ee550230ea6ec36c5c99061cec,Water Adsorption Isotherms,2,45,0.5629,4.41
Experimental water adsorption isotherms and Attenuated Total Reflectance-Fourier Transform Infrared (ATR-FTIR) analysis in Achira (Canna edulis K.) biscuits.zip,raw_data\phase1_biscuit\achira_water_adsorption\Experimental water adsorption isotherms and Attenuated Total Reflectance-Fourier Transform Infrared (ATR-FTIR) analysis in Achira (Canna edulis K.) biscuits.zip,achira_water_adsorption,Water Adsorption Isotherms_Achira biscuits.xlsx,Sheet1,588,91e7f82cddf18b1c7d49fbb6bdd0aa4e,Water Adsorption Isotherms,2,45,0.5781,4.53
Experimental water adsorption isotherms and Attenuated Total Reflectance-Fourier Transform Infrared (ATR-FTIR) analysis in Achira (Canna edulis K.) biscuits.zip,raw_data\phase1_biscuit\achira_water_adsorption\Experimental water adsorption isotherms and Attenuated Total Reflectance-Fourier Transform Infrared (ATR-FTIR) analysis in Achira (Canna edulis K.) biscuits.zip,achira_water_adsorption,Water Adsorption Isotherms_Achira biscuits.xlsx,Sheet1,589,d998db0809972ac14261e0dac8b516c8,Water Adsorption Isotherms,2,45,0.5889,4.63
Experimental water adsorption isotherms and Attenuated Total Reflectance-Fourier Transform Infrared (ATR-FTIR) analysis in Achira (Canna edulis K.) biscuits.zip,raw_data\phase1_biscuit\achira_water_adsorption\Experimental water adsorption isotherms and Attenuated Total Reflectance-Fourier Transform Infrared (ATR-FTIR) analysis in Achira (Canna edulis K.) biscuits.zip,achira_water_adsorption,Water Adsorption Isotherms_Achira biscuits.xlsx,Sheet1,590,5863a4ca78a2381623ed52966db3a85a,Water Adsorption Isotherms,2,45,0.5996,4.73
Experimental water adsorption isotherms and Attenuated Total Reflectance-Fourier Transform Infrared (ATR-FTIR) analysis in Achira (Canna edulis K.) biscuits.zip,raw_data\phase1_biscuit\achira_water_adsorption\Experimental water adsorption isotherms and Attenuated Total Reflectance-Fourier Transform Infrared (ATR-FTIR) analysis in Achira (Canna edulis K.) biscuits.zip,achira_water_adsorption,Water Adsorption Isotherms_Achira biscuits.xlsx,Sheet1,591,069877d1d5b1712249d799c93a64dcab,Water Adsorption Isotherms,2,45,0.6029,4.8100000000000005
Experimental water adsorption isotherms and Attenuated Total Reflectance-Fourier Transform Infrared (ATR-FTIR) analysis in Achira (Canna edulis K.) biscuits.zip,raw_data\phase1_biscuit\achira_water_adsorption\Experimental water adsorption isotherms and Attenuated Total Reflectance-Fourier Transform Infrared (ATR-FTIR) analysis in Achira (Canna edulis K.) biscuits.zip,achira_water_adsorption,Water Adsorption Isotherms_Achira biscuits.xlsx,Sheet1,592,83bcd58108b2a161688de4b71aec3700,Water Adsorption Isotherms,2,45,0.614,4.91
Experimental water adsorption isotherms and Attenuated Total Reflectance-Fourier Transform Infrared (ATR-FTIR) analysis in Achira (Canna edulis K.) biscuits.zip,raw_data\phase1_biscuit\achira_water_adsorption\Experimental water adsorption isotherms and Attenuated Total Reflectance-Fourier Transform Infrared (ATR-FTIR) analysis in Achira (Canna edulis K.) biscuits.zip,achira_water_adsorption,Water Adsorption Isotherms_Achira biscuits.xlsx,Sheet1,593,1410b2ac9f78b514f68bed7201c05c82,Water Adsorption Isotherms,2,45,0.6275,5.03
Experimental water adsorption isotherms and Attenuated Total Reflectance-Fourier Transform Infrared (ATR-FTIR) analysis in Achira (Canna edulis K.) biscuits.zip,raw_data\phase1_biscuit\achira_water_adsorption\Experimental water adsorption isotherms and Attenuated Total Reflectance-Fourier Transform Infrared (ATR-FTIR) analysis in Achira (Canna edulis K.) biscuits.zip,achira_water_adsorption,Water Adsorption Isotherms_Achira biscuits.xlsx,Sheet1,594,25d067dbb094582c8423c5fa8be5a26c,Water Adsorption Isotherms,2,45,0.6313,5.13
Experimental water adsorption isotherms and Attenuated Total Reflectance-Fourier Transform Infrared (ATR-FTIR) analysis in Achira (Canna edulis K.) biscuits.zip,raw_data\phase1_biscuit\achira_water_adsorption\Experimental water adsorption isotherms and Attenuated Total Reflectance-Fourier Transform Infrared (ATR-FTIR) analysis in Achira (Canna edulis K.) biscuits.zip,achira_water_adsorption,Water Adsorption Isotherms_Achira biscuits.xlsx,Sheet1,595,4c4c5e288a99dd8fc47334fceb1f2b2f,Water Adsorption Isotherms,2,45,0.6439,5.24
Experimental water adsorption isotherms and Attenuated Total Reflectance-Fourier Transform Infrared (ATR-FTIR) analysis in Achira (Canna edulis K.) biscuits.zip,raw_data\phase1_biscuit\achira_water_adsorption\Experimental water adsorption isotherms and Attenuated Total Reflectance-Fourier Transform Infrared (ATR-FTIR) analysis in Achira (Canna edulis K.) biscuits.zip,achira_water_adsorption,Water Adsorption Isotherms_Achira biscuits.xlsx,Sheet1,596,d68007c734b6bb63215a9e649b370f80,Water Adsorption Isotherms,2,45,0.6517,5.36
Experimental water adsorption isotherms and Attenuated Total Reflectance-Fourier Transform Infrared (ATR-FTIR) analysis in Achira (Canna edulis K.) biscuits.zip,raw_data\phase1_biscuit\achira_water_adsorption\Experimental water adsorption isotherms and Attenuated Total Reflectance-Fourier Transform Infrared (ATR-FTIR) analysis in Achira (Canna edulis K.) biscuits.zip,achira_water_adsorption,Water Adsorption Isotherms_Achira biscuits.xlsx,Sheet1,597,df81243058323e6796242b29fb254061,Water Adsorption Isotherms,2,45,0.6588,5.470000000000001
Experimental water adsorption isotherms and Attenuated Total Reflectance-Fourier Transform Infrared (ATR-FTIR) analysis in Achira (Canna edulis K.) biscuits.zip,raw_data\phase1_biscuit\achira_water_adsorption\Experimental water adsorption isotherms and Attenuated Total Reflectance-Fourier Transform Infrared (ATR-FTIR) analysis in Achira (Canna edulis K.) biscuits.zip,achira_water_adsorption,Water Adsorption Isotherms_Achira biscuits.xlsx,Sheet1,598,3bb579e8019f645217eb4d2908b9d9b8,Water Adsorption Isotherms,2,45,0.6735,5.61
Experimental water adsorption isotherms and Attenuated Total Reflectance-Fourier Transform Infrared (ATR-FTIR) analysis in Achira (Canna edulis K.) biscuits.zip,raw_data\phase1_biscuit\achira_water_adsorption\Experimental water adsorption isotherms and Attenuated Total Reflectance-Fourier Transform Infrared (ATR-FTIR) analysis in Achira (Canna edulis K.) biscuits.zip,achira_water_adsorption,Water Adsorption Isotherms_Achira biscuits.xlsx,Sheet1,599,848fddfaa461adacf90707066b671a50,Water Adsorption Isotherms,2,45,0.6805,5.720000000000001
Experimental water adsorption isotherms and Attenuated Total Reflectance-Fourier Transform Infrared (ATR-FTIR) analysis in Achira (Canna edulis K.) biscuits.zip,raw_data\phase1_biscuit\achira_water_adsorption\Experimental water adsorption isotherms and Attenuated Total Reflectance-Fourier Transform Infrared (ATR-FTIR) analysis in Achira (Canna edulis K.) biscuits.zip,achira_water_adsorption,Water Adsorption Isotherms_Achira biscuits.xlsx,Sheet1,600,0d871eacb908084703ab32430d26b429,Water Adsorption Isotherms,2,45,0.6879,5.84
Experimental water adsorption isotherms and Attenuated Total Reflectance-Fourier Transform Infrared (ATR-FTIR) analysis in Achira (Canna edulis K.) biscuits.zip,raw_data\phase1_biscuit\achira_water_adsorption\Experimental water adsorption isotherms and Attenuated Total Reflectance-Fourier Transform Infrared (ATR-FTIR) analysis in Achira (Canna edulis K.) biscuits.zip,achira_water_adsorption,Water Adsorption Isotherms_Achira biscuits.xlsx,Sheet1,601,ab27529864d62f79ae482a6cb50e3f9c,Water Adsorption Isotherms,2,45,0.6976,5.96
Experimental water adsorption isotherms and Attenuated Total Reflectance-Fourier Transform Infrared (ATR-FTIR) analysis in Achira (Canna edulis K.) biscuits.zip,raw_data\phase1_biscuit\achira_water_adsorption\Experimental water adsorption isotherms and Attenuated Total Reflectance-Fourier Transform Infrared (ATR-FTIR) analysis in Achira (Canna edulis K.) biscuits.zip,achira_water_adsorption,Water Adsorption Isotherms_Achira biscuits.xlsx,Sheet1,602,398314f3fcfc8766d34f6bc1254d8c27,Water Adsorption Isotherms,2,45,0.7054,6.1000000000000005
Experimental water adsorption isotherms and Attenuated Total Reflectance-Fourier Transform Infrared (ATR-FTIR) analysis in Achira (Canna edulis K.) biscuits.zip,raw_data\phase1_biscuit\achira_water_adsorption\Experimental water adsorption isotherms and Attenuated Total Reflectance-Fourier Transform Infrared (ATR-FTIR) analysis in Achira (Canna edulis K.) biscuits.zip,achira_water_adsorption,Water Adsorption Isotherms_Achira biscuits.xlsx,Sheet1,603,08a73ad59cda1cef329bd2dc92ccdc20,Water Adsorption Isotherms,2,45,0.7191,6.25
Experimental water adsorption isotherms and Attenuated Total Reflectance-Fourier Transform Infrared (ATR-FTIR) analysis in Achira (Canna edulis K.) biscuits.zip,raw_data\phase1_biscuit\achira_water_adsorption\Experimental water adsorption isotherms and Attenuated Total Reflectance-Fourier Transform Infrared (ATR-FTIR) analysis in Achira (Canna edulis K.) biscuits.zip,achira_water_adsorption,Water Adsorption Isotherms_Achira biscuits.xlsx,Sheet1,604,98cf09150936bc8aa1ee41ce0bb1416e,Water Adsorption Isotherms,2,45,0.7257,6.390000000000001
Experimental water adsorption isotherms and Attenuated Total Reflectance-Fourier Transform Infrared (ATR-FTIR) analysis in Achira (Canna edulis K.) biscuits.zip,raw_data\phase1_biscuit\achira_water_adsorption\Experimental water adsorption isotherms and Attenuated Total Reflectance-Fourier Transform Infrared (ATR-FTIR) analysis in Achira (Canna edulis K.) biscuits.zip,achira_water_adsorption,Water Adsorption Isotherms_Achira biscuits.xlsx,Sheet1,605,b07e5df567d76db1ed885d3574a175c2,Water Adsorption Isotherms,2,45,0.7321,6.5200000000000005
Experimental water adsorption isotherms and Attenuated Total Reflectance-Fourier Transform Infrared (ATR-FTIR) analysis in Achira (Canna edulis K.) biscuits.zip,raw_data\phase1_biscuit\achira_water_adsorption\Experimental water adsorption isotherms and Attenuated Total Reflectance-Fourier Transform Infrared (ATR-FTIR) analysis in Achira (Canna edulis K.) biscuits.zip,achira_water_adsorption,Water Adsorption Isotherms_Achira biscuits.xlsx,Sheet1,606,c3244599693def03d034d982fa898a69,Water Adsorption Isotherms,2,45,0.7392,6.680000000000001
Experimental water adsorption isotherms and Attenuated Total Reflectance-Fourier Transform Infrared (ATR-FTIR) analysis in Achira (Canna edulis K.) biscuits.zip,raw_data\phase1_biscuit\achira_water_adsorption\Experimental water adsorption isotherms and Attenuated Total Reflectance-Fourier Transform Infrared (ATR-FTIR) analysis in Achira (Canna edulis K.) biscuits.zip,achira_water_adsorption,Water Adsorption Isotherms_Achira biscuits.xlsx,Sheet1,607,970b48f7fa6cbb95351acc2441c3ddfe,Water Adsorption Isotherms,2,45,0.7518,6.88
Experimental water adsorption isotherms and Attenuated Total Reflectance-Fourier Transform Infrared (ATR-FTIR) analysis in Achira (Canna edulis K.) biscuits.zip,raw_data\phase1_biscuit\achira_water_adsorption\Experimental water adsorption isotherms and Attenuated Total Reflectance-Fourier Transform Infrared (ATR-FTIR) analysis in Achira (Canna edulis K.) biscuits.zip,achira_water_adsorption,Water Adsorption Isotherms_Achira biscuits.xlsx,Sheet1,608,5ef26d6d7317bc3256980af4b084b04a,Water Adsorption Isotherms,2,45,0.7599,7.0600000000000005
Experimental water adsorption isotherms and Attenuated Total Reflectance-Fourier Transform Infrared (ATR-FTIR) analysis in Achira (Canna edulis K.) biscuits.zip,raw_data\phase1_biscuit\achira_water_adsorption\Experimental water adsorption isotherms and Attenuated Total Reflectance-Fourier Transform Infrared (ATR-FTIR) analysis in Achira (Canna edulis K.) biscuits.zip,achira_water_adsorption,Water Adsorption Isotherms_Achira biscuits.xlsx,Sheet1,609,65e35cf1818160c73e85125e06f6788a,Water Adsorption Isotherms,2,45,0.7662,7.23
Experimental water adsorption isotherms and Attenuated Total Reflectance-Fourier Transform Infrared (ATR-FTIR) analysis in Achira (Canna edulis K.) biscuits.zip,raw_data\phase1_biscuit\achira_water_adsorption\Experimental water adsorption isotherms and Attenuated Total Reflectance-Fourier Transform Infrared (ATR-FTIR) analysis in Achira (Canna edulis K.) biscuits.zip,achira_water_adsorption,Water Adsorption Isotherms_Achira biscuits.xlsx,Sheet1,610,6f4da9d22d36f96cadd709d43222d4a1,Water Adsorption Isotherms,2,45,0.775,7.44
Experimental water adsorption isotherms and Attenuated Total Reflectance-Fourier Transform Infrared (ATR-FTIR) analysis in Achira (Canna edulis K.) biscuits.zip,raw_data\phase1_biscuit\achira_water_adsorption\Experimental water adsorption isotherms and Attenuated Total Reflectance-Fourier Transform Infrared (ATR-FTIR) analysis in Achira (Canna edulis K.) biscuits.zip,achira_water_adsorption,Water Adsorption Isotherms_Achira biscuits.xlsx,Sheet1,611,99a3c29a5b000532bff1c58103aaa78f,Water Adsorption Isotherms,2,45,0.7864,7.670000000000001
Experimental water adsorption isotherms and Attenuated Total Reflectance-Fourier Transform Infrared (ATR-FTIR) analysis in Achira (Canna edulis K.) biscuits.zip,raw_data\phase1_biscuit\achira_water_adsorption\Experimental water adsorption isotherms and Attenuated Total Reflectance-Fourier Transform Infrared (ATR-FTIR) analysis in Achira (Canna edulis K.) biscuits.zip,achira_water_adsorption,Water Adsorption Isotherms_Achira biscuits.xlsx,Sheet1,612,f7a733d06e356923b3166a89a3633503,Water Adsorption Isotherms,2,45,0.7917,7.8999999999999995
Experimental water adsorption isotherms and Attenuated Total Reflectance-Fourier Transform Infrared (ATR-FTIR) analysis in Achira (Canna edulis K.) biscuits.zip,raw_data\phase1_biscuit\achira_water_adsorption\Experimental water adsorption isotherms and Attenuated Total Reflectance-Fourier Transform Infrared (ATR-FTIR) analysis in Achira (Canna edulis K.) biscuits.zip,achira_water_adsorption,Water Adsorption Isotherms_Achira biscuits.xlsx,Sheet1,613,55f08877427a0873e1b6d3bec5801a81,Water Adsorption Isotherms,2,45,0.8003,8.16
Experimental water adsorption isotherms and Attenuated Total Reflectance-Fourier Transform Infrared (ATR-FTIR) analysis in Achira (Canna edulis K.) biscuits.zip,raw_data\phase1_biscuit\achira_water_adsorption\Experimental water adsorption isotherms and Attenuated Total Reflectance-Fourier Transform Infrared (ATR-FTIR) analysis in Achira (Canna edulis K.) biscuits.zip,achira_water_adsorption,Water Adsorption Isotherms_Achira biscuits.xlsx,Sheet1,614,6af16e98dc76d8263ff4b465e31dc763,Water Adsorption Isotherms,3,45,0.1008,1.15
Experimental water adsorption isotherms and Attenuated Total Reflectance-Fourier Transform Infrared (ATR-FTIR) analysis in Achira (Canna edulis K.) biscuits.zip,raw_data\phase1_biscuit\achira_water_adsorption\Experimental water adsorption isotherms and Attenuated Total Reflectance-Fourier Transform Infrared (ATR-FTIR) analysis in Achira (Canna edulis K.) biscuits.zip,achira_water_adsorption,Water Adsorption Isotherms_Achira biscuits.xlsx,Sheet1,615,2ba6b2d72c47b493788b77f3a2c9ceab,Water Adsorption Isotherms,3,45,0.1053,1.1399999999999997
Experimental water adsorption isotherms and Attenuated Total Reflectance-Fourier Transform Infrared (ATR-FTIR) analysis in Achira (Canna edulis K.) biscuits.zip,raw_data\phase1_biscuit\achira_water_adsorption\Experimental water adsorption isotherms and Attenuated Total Reflectance-Fourier Transform Infrared (ATR-FTIR) analysis in Achira (Canna edulis K.) biscuits.zip,achira_water_adsorption,Water Adsorption Isotherms_Achira biscuits.xlsx,Sheet1,616,f2c500272f30d4b6166ac1345c88741c,Water Adsorption Isotherms,3,45,0.1245,1.1999999999999997
Experimental water adsorption isotherms and Attenuated Total Reflectance-Fourier Transform Infrared (ATR-FTIR) analysis in Achira (Canna edulis K.) biscuits.zip,raw_data\phase1_biscuit\achira_water_adsorption\Experimental water adsorption isotherms and Attenuated Total Reflectance-Fourier Transform Infrared (ATR-FTIR) analysis in Achira (Canna edulis K.) biscuits.zip,achira_water_adsorption,Water Adsorption Isotherms_Achira biscuits.xlsx,Sheet1,617,5bc85037a4e0fc36a2c10edb315c6d39,Water Adsorption Isotherms,3,45,0.1352,1.2499999999999998
Experimental water adsorption isotherms and Attenuated Total Reflectance-Fourier Transform Infrared (ATR-FTIR) analysis in Achira (Canna edulis K.) biscuits.zip,raw_data\phase1_biscuit\achira_water_adsorption\Experimental water adsorption isotherms and Attenuated Total Reflectance-Fourier Transform Infrared (ATR-FTIR) analysis in Achira (Canna edulis K.) biscuits.zip,achira_water_adsorption,Water Adsorption Isotherms_Achira biscuits.xlsx,Sheet1,618,45665a4b80bb27272422888b2c3e44c6,Water Adsorption Isotherms,3,45,0.1442,1.2999999999999998
Experimental water adsorption isotherms and Attenuated Total Reflectance-Fourier Transform Infrared (ATR-FTIR) analysis in Achira (Canna edulis K.) biscuits.zip,raw_data\phase1_biscuit\achira_water_adsorption\Experimental water adsorption isotherms and Attenuated Total Reflectance-Fourier Transform Infrared (ATR-FTIR) analysis in Achira (Canna edulis K.) biscuits.zip,achira_water_adsorption,Water Adsorption Isotherms_Achira biscuits.xlsx,Sheet1,619,cfaf5f214fd10c4b213d915405deee60,Water Adsorption Isotherms,3,45,0.1527,1.3299999999999998
Experimental water adsorption isotherms and Attenuated Total Reflectance-Fourier Transform Infrared (ATR-FTIR) analysis in Achira (Canna edulis K.) biscuits.zip,raw_data\phase1_biscuit\achira_water_adsorption\Experimental water adsorption isotherms and Attenuated Total Reflectance-Fourier Transform Infrared (ATR-FTIR) analysis in Achira (Canna edulis K.) biscuits.zip,achira_water_adsorption,Water Adsorption Isotherms_Achira biscuits.xlsx,Sheet1,620,96e54858e111ba15f4e1e4135bd6569b,Water Adsorption Isotherms,3,45,0.1593,1.3699999999999999
Experimental water adsorption isotherms and Attenuated Total Reflectance-Fourier Transform Infrared (ATR-FTIR) analysis in Achira (Canna edulis K.) biscuits.zip,raw_data\phase1_biscuit\achira_water_adsorption\Experimental water adsorption isotherms and Attenuated Total Reflectance-Fourier Transform Infrared (ATR-FTIR) analysis in Achira (Canna edulis K.) biscuits.zip,achira_water_adsorption,Water Adsorption Isotherms_Achira biscuits.xlsx,Sheet1,621,53070aedebdaa3687eb4044743a9b20e,Water Adsorption Isotherms,3,45,0.1671,1.4199999999999997
Experimental water adsorption isotherms and Attenuated Total Reflectance-Fourier Transform Infrared (ATR-FTIR) analysis in Achira (Canna edulis K.) biscuits.zip,raw_data\phase1_biscuit\achira_water_adsorption\Experimental water adsorption isotherms and Attenuated Total Reflectance-Fourier Transform Infrared (ATR-FTIR) analysis in Achira (Canna edulis K.) biscuits.zip,achira_water_adsorption,Water Adsorption Isotherms_Achira biscuits.xlsx,Sheet1,622,f249af2bda8710cb5529a9d651e93f35,Water Adsorption Isotherms,3,45,0.1752,1.4699999999999998
Experimental water adsorption isotherms and Attenuated Total Reflectance-Fourier Transform Infrared (ATR-FTIR) analysis in Achira (Canna edulis K.) biscuits.zip,raw_data\phase1_biscuit\achira_water_adsorption\Experimental water adsorption isotherms and Attenuated Total Reflectance-Fourier Transform Infrared (ATR-FTIR) analysis in Achira (Canna edulis K.) biscuits.zip,achira_water_adsorption,Water Adsorption Isotherms_Achira biscuits.xlsx,Sheet1,623,c2047f53d1927a6b5206a783c8b7d80a,Water Adsorption Isotherms,3,45,0.1828,1.5199999999999996
Experimental water adsorption isotherms and Attenuated Total Reflectance-Fourier Transform Infrared (ATR-FTIR) analysis in Achira (Canna edulis K.) biscuits.zip,raw_data\phase1_biscuit\achira_water_adsorption\Experimental water adsorption isotherms and Attenuated Total Reflectance-Fourier Transform Infrared (ATR-FTIR) analysis in Achira (Canna edulis K.) biscuits.zip,achira_water_adsorption,Water Adsorption Isotherms_Achira biscuits.xlsx,Sheet1,624,c36e8797a4cef7693a6e13b1ccad32d9,Water Adsorption Isotherms,3,45,0.1915,1.5799999999999996
Experimental water adsorption isotherms and Attenuated Total Reflectance-Fourier Transform Infrared (ATR-FTIR) analysis in Achira (Canna edulis K.) biscuits.zip,raw_data\phase1_biscuit\achira_water_adsorption\Experimental water adsorption isotherms and Attenuated Total Reflectance-Fourier Transform Infrared (ATR-FTIR) analysis in Achira (Canna edulis K.) biscuits.zip,achira_water_adsorption,Water Adsorption Isotherms_Achira biscuits.xlsx,Sheet1,625,e05ca5a30a110de59e012d382231594f,Water Adsorption Isotherms,3,45,0.2032,1.63
Experimental water adsorption isotherms and Attenuated Total Reflectance-Fourier Transform Infrared (ATR-FTIR) analysis in Achira (Canna edulis K.) biscuits.zip,raw_data\phase1_biscuit\achira_water_adsorption\Experimental water adsorption isotherms and Attenuated Total Reflectance-Fourier Transform Infrared (ATR-FTIR) analysis in Achira (Canna edulis K.) biscuits.zip,achira_water_adsorption,Water Adsorption Isotherms_Achira biscuits.xlsx,Sheet1,626,d6328b512466914ff761699eca1c7c03,Water Adsorption Isotherms,3,45,0.2085,1.6399999999999997
Experimental water adsorption isotherms and Attenuated Total Reflectance-Fourier Transform Infrared (ATR-FTIR) analysis in Achira (Canna edulis K.) biscuits.zip,raw_data\phase1_biscuit\achira_water_adsorption\Experimental water adsorption isotherms and Attenuated Total Reflectance-Fourier Transform Infrared (ATR-FTIR) analysis in Achira (Canna edulis K.) biscuits.zip,achira_water_adsorption,Water Adsorption Isotherms_Achira biscuits.xlsx,Sheet1,627,d67fb60e10dd8a602442e3bd657678d1,Water Adsorption Isotherms,3,45,0.2211,1.7100000000000002
Experimental water adsorption isotherms and Attenuated Total Reflectance-Fourier Transform Infrared (ATR-FTIR) analysis in Achira (Canna edulis K.) biscuits.zip,raw_data\phase1_biscuit\achira_water_adsorption\Experimental water adsorption isotherms and Attenuated Total Reflectance-Fourier Transform Infrared (ATR-FTIR) analysis in Achira (Canna edulis K.) biscuits.zip,achira_water_adsorption,Water Adsorption Isotherms_Achira biscuits.xlsx,Sheet1,628,d73a12d48dd211047fa48ec4eba30018,Water Adsorption Isotherms,3,45,0.2295,1.7699999999999998
Experimental water adsorption isotherms and Attenuated Total Reflectance-Fourier Transform Infrared (ATR-FTIR) analysis in Achira (Canna edulis K.) biscuits.zip,raw_data\phase1_biscuit\achira_water_adsorption\Experimental water adsorption isotherms and Attenuated Total Reflectance-Fourier Transform Infrared (ATR-FTIR) analysis in Achira (Canna edulis K.) biscuits.zip,achira_water_adsorption,Water Adsorption Isotherms_Achira biscuits.xlsx,Sheet1,629,b1592aa7fe08d6a4b0af8f1d6f53e4bb,Water Adsorption Isotherms,3,45,0.238,1.84
Experimental water adsorption isotherms and Attenuated Total Reflectance-Fourier Transform Infrared (ATR-FTIR) analysis in Achira (Canna edulis K.) biscuits.zip,raw_data\phase1_biscuit\achira_water_adsorption\Experimental water adsorption isotherms and Attenuated Total Reflectance-Fourier Transform Infrared (ATR-FTIR) analysis in Achira (Canna edulis K.) biscuits.zip,achira_water_adsorption,Water Adsorption Isotherms_Achira biscuits.xlsx,Sheet1,630,3f1a6b30b46863cff151143d5a084df7,Water Adsorption Isotherms,3,45,0.2476,1.9000000000000001
Experimental water adsorption isotherms and Attenuated Total Reflectance-Fourier Transform Infrared (ATR-FTIR) analysis in Achira (Canna edulis K.) biscuits.zip,raw_data\phase1_biscuit\achira_water_adsorption\Experimental water adsorption isotherms and Attenuated Total Reflectance-Fourier Transform Infrared (ATR-FTIR) analysis in Achira (Canna edulis K.) biscuits.zip,achira_water_adsorption,Water Adsorption Isotherms_Achira biscuits.xlsx,Sheet1,631,28bdb5e18f62af9df14cec889068bd73,Water Adsorption Isotherms,3,45,0.2537,1.95
Experimental water adsorption isotherms and Attenuated Total Reflectance-Fourier Transform Infrared (ATR-FTIR) analysis in Achira (Canna edulis K.) biscuits.zip,raw_data\phase1_biscuit\achira_water_adsorption\Experimental water adsorption isotherms and Attenuated Total Reflectance-Fourier Transform Infrared (ATR-FTIR) analysis in Achira (Canna edulis K.) biscuits.zip,achira_water_adsorption,Water Adsorption Isotherms_Achira biscuits.xlsx,Sheet1,632,b76460348a4f5c18004e924ed473b5ab,Water Adsorption Isotherms,3,45,0.266,2.04
Experimental water adsorption isotherms and Attenuated Total Reflectance-Fourier Transform Infrared (ATR-FTIR) analysis in Achira (Canna edulis K.) biscuits.zip,raw_data\phase1_biscuit\achira_water_adsorption\Experimental water adsorption isotherms and Attenuated Total Reflectance-Fourier Transform Infrared (ATR-FTIR) analysis in Achira (Canna edulis K.) biscuits.zip,achira_water_adsorption,Water Adsorption Isotherms_Achira biscuits.xlsx,Sheet1,633,2be58430c39eb55f341fa25a580a372d,Water Adsorption Isotherms,3,45,0.273,2.12
Experimental water adsorption isotherms and Attenuated Total Reflectance-Fourier Transform Infrared (ATR-FTIR) analysis in Achira (Canna edulis K.) biscuits.zip,raw_data\phase1_biscuit\achira_water_adsorption\Experimental water adsorption isotherms and Attenuated Total Reflectance-Fourier Transform Infrared (ATR-FTIR) analysis in Achira (Canna edulis K.) biscuits.zip,achira_water_adsorption,Water Adsorption Isotherms_Achira biscuits.xlsx,Sheet1,634,00fafd69822b417d56be25125d8ee033,Water Adsorption Isotherms,3,45,0.2833,2.2
Experimental water adsorption isotherms and Attenuated Total Reflectance-Fourier Transform Infrared (ATR-FTIR) analysis in Achira (Canna edulis K.) biscuits.zip,raw_data\phase1_biscuit\achira_water_adsorption\Experimental water adsorption isotherms and Attenuated Total Reflectance-Fourier Transform Infrared (ATR-FTIR) analysis in Achira (Canna edulis K.) biscuits.zip,achira_water_adsorption,Water Adsorption Isotherms_Achira biscuits.xlsx,Sheet1,635,fe07b26601207a32c9331118edce9418,Water Adsorption Isotherms,3,45,0.2927,2.2800000000000002
Experimental water adsorption isotherms and Attenuated Total Reflectance-Fourier Transform Infrared (ATR-FTIR) analysis in Achira (Canna edulis K.) biscuits.zip,raw_data\phase1_biscuit\achira_water_adsorption\Experimental water adsorption isotherms and Attenuated Total Reflectance-Fourier Transform Infrared (ATR-FTIR) analysis in Achira (Canna edulis K.) biscuits.zip,achira_water_adsorption,Water Adsorption Isotherms_Achira biscuits.xlsx,Sheet1,636,f1e796b9c79abf50d4016c235eb4fed3,Water Adsorption Isotherms,3,45,0.3035,2.3400000000000003
Experimental water adsorption isotherms and Attenuated Total Reflectance-Fourier Transform Infrared (ATR-FTIR) analysis in Achira (Canna edulis K.) biscuits.zip,raw_data\phase1_biscuit\achira_water_adsorption\Experimental water adsorption isotherms and Attenuated Total Reflectance-Fourier Transform Infrared (ATR-FTIR) analysis in Achira (Canna edulis K.) biscuits.zip,achira_water_adsorption,Water Adsorption Isotherms_Achira biscuits.xlsx,Sheet1,637,4db2f604726f5af1c4b69b3f109877a8,Water Adsorption Isotherms,3,45,0.3123,2.4000000000000004
Experimental water adsorption isotherms and Attenuated Total Reflectance-Fourier Transform Infrared (ATR-FTIR) analysis in Achira (Canna edulis K.) biscuits.zip,raw_data\phase1_biscuit\achira_water_adsorption\Experimental water adsorption isotherms and Attenuated Total Reflectance-Fourier Transform Infrared (ATR-FTIR) analysis in Achira (Canna edulis K.) biscuits.zip,achira_water_adsorption,Water Adsorption Isotherms_Achira biscuits.xlsx,Sheet1,638,195924f60e2a12d06e3bc028cb2bd142,Water Adsorption Isotherms,3,45,0.3229,2.48
Experimental water adsorption isotherms and Attenuated Total Reflectance-Fourier Transform Infrared (ATR-FTIR) analysis in Achira (Canna edulis K.) biscuits.zip,raw_data\phase1_biscuit\achira_water_adsorption\Experimental water adsorption isotherms and Attenuated Total Reflectance-Fourier Transform Infrared (ATR-FTIR) analysis in Achira (Canna edulis K.) biscuits.zip,achira_water_adsorption,Water Adsorption Isotherms_Achira biscuits.xlsx,Sheet1,639,50c29f1f4e11bfa26ec8b72d8fb527fa,Water Adsorption Isotherms,3,45,0.3306,2.56
Experimental water adsorption isotherms and Attenuated Total Reflectance-Fourier Transform Infrared (ATR-FTIR) analysis in Achira (Canna edulis K.) biscuits.zip,raw_data\phase1_biscuit\achira_water_adsorption\Experimental water adsorption isotherms and Attenuated Total Reflectance-Fourier Transform Infrared (ATR-FTIR) analysis in Achira (Canna edulis K.) biscuits.zip,achira_water_adsorption,Water Adsorption Isotherms_Achira biscuits.xlsx,Sheet1,640,a05cb165baa6bbaa31d1a89e43f3378b,Water Adsorption Isotherms,3,45,0.3371,2.6300000000000003
Experimental water adsorption isotherms and Attenuated Total Reflectance-Fourier Transform Infrared (ATR-FTIR) analysis in Achira (Canna edulis K.) biscuits.zip,raw_data\phase1_biscuit\achira_water_adsorption\Experimental water adsorption isotherms and Attenuated Total Reflectance-Fourier Transform Infrared (ATR-FTIR) analysis in Achira (Canna edulis K.) biscuits.zip,achira_water_adsorption,Water Adsorption Isotherms_Achira biscuits.xlsx,Sheet1,641,bd3fac88911ffc5da0537e417ade2d17,Water Adsorption Isotherms,3,45,0.3487,2.7100000000000004
Experimental water adsorption isotherms and Attenuated Total Reflectance-Fourier Transform Infrared (ATR-FTIR) analysis in Achira (Canna edulis K.) biscuits.zip,raw_data\phase1_biscuit\achira_water_adsorption\Experimental water adsorption isotherms and Attenuated Total Reflectance-Fourier Transform Infrared (ATR-FTIR) analysis in Achira (Canna edulis K.) biscuits.zip,achira_water_adsorption,Water Adsorption Isotherms_Achira biscuits.xlsx,Sheet1,642,2600599172a56948ea6d2566a7b628b5,Water Adsorption Isotherms,3,45,0.3595,2.79
Experimental water adsorption isotherms and Attenuated Total Reflectance-Fourier Transform Infrared (ATR-FTIR) analysis in Achira (Canna edulis K.) biscuits.zip,raw_data\phase1_biscuit\achira_water_adsorption\Experimental water adsorption isotherms and Attenuated Total Reflectance-Fourier Transform Infrared (ATR-FTIR) analysis in Achira (Canna edulis K.) biscuits.zip,achira_water_adsorption,Water Adsorption Isotherms_Achira biscuits.xlsx,Sheet1,643,30207abee73fa6be40a5af38e4c0035b,Water Adsorption Isotherms,3,45,0.37,2.87
Experimental water adsorption isotherms and Attenuated Total Reflectance-Fourier Transform Infrared (ATR-FTIR) analysis in Achira (Canna edulis K.) biscuits.zip,raw_data\phase1_biscuit\achira_water_adsorption\Experimental water adsorption isotherms and Attenuated Total Reflectance-Fourier Transform Infrared (ATR-FTIR) analysis in Achira (Canna edulis K.) biscuits.zip,achira_water_adsorption,Water Adsorption Isotherms_Achira biscuits.xlsx,Sheet1,644,0576de8a6d7613e2b87faa0d0f9e4c51,Water Adsorption Isotherms,3,45,0.3771,2.95
Experimental water adsorption isotherms and Attenuated Total Reflectance-Fourier Transform Infrared (ATR-FTIR) analysis in Achira (Canna edulis K.) biscuits.zip,raw_data\phase1_biscuit\achira_water_adsorption\Experimental water adsorption isotherms and Attenuated Total Reflectance-Fourier Transform Infrared (ATR-FTIR) analysis in Achira (Canna edulis K.) biscuits.zip,achira_water_adsorption,Water Adsorption Isotherms_Achira biscuits.xlsx,Sheet1,645,0b71f514a16abdef16c697add7464ad5,Water Adsorption Isotherms,3,45,0.3874,3.0300000000000002
Experimental water adsorption isotherms and Attenuated Total Reflectance-Fourier Transform Infrared (ATR-FTIR) analysis in Achira (Canna edulis K.) biscuits.zip,raw_data\phase1_biscuit\achira_water_adsorption\Experimental water adsorption isotherms and Attenuated Total Reflectance-Fourier Transform Infrared (ATR-FTIR) analysis in Achira (Canna edulis K.) biscuits.zip,achira_water_adsorption,Water Adsorption Isotherms_Achira biscuits.xlsx,Sheet1,646,9e76f00b8555964357d88a0fa8e07b73,Water Adsorption Isotherms,3,45,0.3989,3.08
Experimental water adsorption isotherms and Attenuated Total Reflectance-Fourier Transform Infrared (ATR-FTIR) analysis in Achira (Canna edulis K.) biscuits.zip,raw_data\phase1_biscuit\achira_water_adsorption\Experimental water adsorption isotherms and Attenuated Total Reflectance-Fourier Transform Infrared (ATR-FTIR) analysis in Achira (Canna edulis K.) biscuits.zip,achira_water_adsorption,Water Adsorption Isotherms_Achira biscuits.xlsx,Sheet1,647,0f7589771e602aab9514c76f6c83f05d,Water Adsorption Isotherms,3,45,0.4061,3.17
Experimental water adsorption isotherms and Attenuated Total Reflectance-Fourier Transform Infrared (ATR-FTIR) analysis in Achira (Canna edulis K.) biscuits.zip,raw_data\phase1_biscuit\achira_water_adsorption\Experimental water adsorption isotherms and Attenuated Total Reflectance-Fourier Transform Infrared (ATR-FTIR) analysis in Achira (Canna edulis K.) biscuits.zip,achira_water_adsorption,Water Adsorption Isotherms_Achira biscuits.xlsx,Sheet1,648,debcb9472f871dd614572254f70f3fd6,Water Adsorption Isotherms,3,45,0.4174,3.26
Experimental water adsorption isotherms and Attenuated Total Reflectance-Fourier Transform Infrared (ATR-FTIR) analysis in Achira (Canna edulis K.) biscuits.zip,raw_data\phase1_biscuit\achira_water_adsorption\Experimental water adsorption isotherms and Attenuated Total Reflectance-Fourier Transform Infrared (ATR-FTIR) analysis in Achira (Canna edulis K.) biscuits.zip,achira_water_adsorption,Water Adsorption Isotherms_Achira biscuits.xlsx,Sheet1,649,a43a9a31694703ce0433c76aa915f3b1,Water Adsorption Isotherms,3,45,0.4222,3.33
Experimental water adsorption isotherms and Attenuated Total Reflectance-Fourier Transform Infrared (ATR-FTIR) analysis in Achira (Canna edulis K.) biscuits.zip,raw_data\phase1_biscuit\achira_water_adsorption\Experimental water adsorption isotherms and Attenuated Total Reflectance-Fourier Transform Infrared (ATR-FTIR) analysis in Achira (Canna edulis K.) biscuits.zip,achira_water_adsorption,Water Adsorption Isotherms_Achira biscuits.xlsx,Sheet1,650,29735b090854b1c32c68195276f1ef6c,Water Adsorption Isotherms,3,45,0.4324,3.42
Experimental water adsorption isotherms and Attenuated Total Reflectance-Fourier Transform Infrared (ATR-FTIR) analysis in Achira (Canna edulis K.) biscuits.zip,raw_data\phase1_biscuit\achira_water_adsorption\Experimental water adsorption isotherms and Attenuated Total Reflectance-Fourier Transform Infrared (ATR-FTIR) analysis in Achira (Canna edulis K.) biscuits.zip,achira_water_adsorption,Water Adsorption Isotherms_Achira biscuits.xlsx,Sheet1,651,14130b6cbf6d9ab4c162905548951d53,Water Adsorption Isotherms,3,45,0.4442,3.4899999999999998
Experimental water adsorption isotherms and Attenuated Total Reflectance-Fourier Transform Infrared (ATR-FTIR) analysis in Achira (Canna edulis K.) biscuits.zip,raw_data\phase1_biscuit\achira_water_adsorption\Experimental water adsorption isotherms and Attenuated Total Reflectance-Fourier Transform Infrared (ATR-FTIR) analysis in Achira (Canna edulis K.) biscuits.zip,achira_water_adsorption,Water Adsorption Isotherms_Achira biscuits.xlsx,Sheet1,652,6f1cf7bca84807e1dab962efd1363000,Water Adsorption Isotherms,3,45,0.4526,3.5700000000000003
Experimental water adsorption isotherms and Attenuated Total Reflectance-Fourier Transform Infrared (ATR-FTIR) analysis in Achira (Canna edulis K.) biscuits.zip,raw_data\phase1_biscuit\achira_water_adsorption\Experimental water adsorption isotherms and Attenuated Total Reflectance-Fourier Transform Infrared (ATR-FTIR) analysis in Achira (Canna edulis K.) biscuits.zip,achira_water_adsorption,Water Adsorption Isotherms_Achira biscuits.xlsx,Sheet1,653,6b922e88315479a1ffe31e83dfdb92ca,Water Adsorption Isotherms,3,45,0.4635,3.6500000000000004
Experimental water adsorption isotherms and Attenuated Total Reflectance-Fourier Transform Infrared (ATR-FTIR) analysis in Achira (Canna edulis K.) biscuits.zip,raw_data\phase1_biscuit\achira_water_adsorption\Experimental water adsorption isotherms and Attenuated Total Reflectance-Fourier Transform Infrared (ATR-FTIR) analysis in Achira (Canna edulis K.) biscuits.zip,achira_water_adsorption,Water Adsorption Isotherms_Achira biscuits.xlsx,Sheet1,654,2b2db17b517e1415b3b4fdf59b0195f9,Water Adsorption Isotherms,3,45,0.4749,3.75
Experimental water adsorption isotherms and Attenuated Total Reflectance-Fourier Transform Infrared (ATR-FTIR) analysis in Achira (Canna edulis K.) biscuits.zip,raw_data\phase1_biscuit\achira_water_adsorption\Experimental water adsorption isotherms and Attenuated Total Reflectance-Fourier Transform Infrared (ATR-FTIR) analysis in Achira (Canna edulis K.) biscuits.zip,achira_water_adsorption,Water Adsorption Isotherms_Achira biscuits.xlsx,Sheet1,655,c3ef01071cc1e754ea9f86a274382b54,Water Adsorption Isotherms,3,45,0.483,3.8200000000000003
Experimental water adsorption isotherms and Attenuated Total Reflectance-Fourier Transform Infrared (ATR-FTIR) analysis in Achira (Canna edulis K.) biscuits.zip,raw_data\phase1_biscuit\achira_water_adsorption\Experimental water adsorption isotherms and Attenuated Total Reflectance-Fourier Transform Infrared (ATR-FTIR) analysis in Achira (Canna edulis K.) biscuits.zip,achira_water_adsorption,Water Adsorption Isotherms_Achira biscuits.xlsx,Sheet1,656,6ef8a59da090f30e423833b4af12df88,Water Adsorption Isotherms,3,45,0.4897,3.9000000000000004
Experimental water adsorption isotherms and Attenuated Total Reflectance-Fourier Transform Infrared (ATR-FTIR) analysis in Achira (Canna edulis K.) biscuits.zip,raw_data\phase1_biscuit\achira_water_adsorption\Experimental water adsorption isotherms and Attenuated Total Reflectance-Fourier Transform Infrared (ATR-FTIR) analysis in Achira (Canna edulis K.) biscuits.zip,achira_water_adsorption,Water Adsorption Isotherms_Achira biscuits.xlsx,Sheet1,657,78c3ab2a73e6c9dba31618cf70534ae5,Water Adsorption Isotherms,3,45,0.5001,3.99
Experimental water adsorption isotherms and Attenuated Total Reflectance-Fourier Transform Infrared (ATR-FTIR) analysis in Achira (Canna edulis K.) biscuits.zip,raw_data\phase1_biscuit\achira_water_adsorption\Experimental water adsorption isotherms and Attenuated Total Reflectance-Fourier Transform Infrared (ATR-FTIR) analysis in Achira (Canna edulis K.) biscuits.zip,achira_water_adsorption,Water Adsorption Isotherms_Achira biscuits.xlsx,Sheet1,658,0fefde975538b342eba48e4bec45a2f6,Water Adsorption Isotherms,3,45,0.5078,4.090000000000001
Experimental water adsorption isotherms and Attenuated Total Reflectance-Fourier Transform Infrared (ATR-FTIR) analysis in Achira (Canna edulis K.) biscuits.zip,raw_data\phase1_biscuit\achira_water_adsorption\Experimental water adsorption isotherms and Attenuated Total Reflectance-Fourier Transform Infrared (ATR-FTIR) analysis in Achira (Canna edulis K.) biscuits.zip,achira_water_adsorption,Water Adsorption Isotherms_Achira biscuits.xlsx,Sheet1,659,e3b3e1d34563ba3ac4f8edfb72d0c1aa,Water Adsorption Isotherms,3,45,0.5226,4.19
Experimental water adsorption isotherms and Attenuated Total Reflectance-Fourier Transform Infrared (ATR-FTIR) analysis in Achira (Canna edulis K.) biscuits.zip,raw_data\phase1_biscuit\achira_water_adsorption\Experimental water adsorption isotherms and Attenuated Total Reflectance-Fourier Transform Infrared (ATR-FTIR) analysis in Achira (Canna edulis K.) biscuits.zip,achira_water_adsorption,Water Adsorption Isotherms_Achira biscuits.xlsx,Sheet1,660,4d5ab7cb477667456e304b0a2569630d,Water Adsorption Isotherms,3,45,0.5316,4.2700000000000005
Experimental water adsorption isotherms and Attenuated Total Reflectance-Fourier Transform Infrared (ATR-FTIR) analysis in Achira (Canna edulis K.) biscuits.zip,raw_data\phase1_biscuit\achira_water_adsorption\Experimental water adsorption isotherms and Attenuated Total Reflectance-Fourier Transform Infrared (ATR-FTIR) analysis in Achira (Canna edulis K.) biscuits.zip,achira_water_adsorption,Water Adsorption Isotherms_Achira biscuits.xlsx,Sheet1,661,f02843553ccb95b9c59d6752631a5225,Water Adsorption Isotherms,3,45,0.5394,4.3500000000000005
Experimental water adsorption isotherms and Attenuated Total Reflectance-Fourier Transform Infrared (ATR-FTIR) analysis in Achira (Canna edulis K.) biscuits.zip,raw_data\phase1_biscuit\achira_water_adsorption\Experimental water adsorption isotherms and Attenuated Total Reflectance-Fourier Transform Infrared (ATR-FTIR) analysis in Achira (Canna edulis K.) biscuits.zip,achira_water_adsorption,Water Adsorption Isotherms_Achira biscuits.xlsx,Sheet1,662,f57c55fb45c01ae11cf75148375c996c,Water Adsorption Isotherms,3,45,0.5443,4.44
Experimental water adsorption isotherms and Attenuated Total Reflectance-Fourier Transform Infrared (ATR-FTIR) analysis in Achira (Canna edulis K.) biscuits.zip,raw_data\phase1_biscuit\achira_water_adsorption\Experimental water adsorption isotherms and Attenuated Total Reflectance-Fourier Transform Infrared (ATR-FTIR) analysis in Achira (Canna edulis K.) biscuits.zip,achira_water_adsorption,Water Adsorption Isotherms_Achira biscuits.xlsx,Sheet1,663,07ca105f244d2724032c910ae3013271,Water Adsorption Isotherms,3,45,0.5569,4.5600000000000005
Experimental water adsorption isotherms and Attenuated Total Reflectance-Fourier Transform Infrared (ATR-FTIR) analysis in Achira (Canna edulis K.) biscuits.zip,raw_data\phase1_biscuit\achira_water_adsorption\Experimental water adsorption isotherms and Attenuated Total Reflectance-Fourier Transform Infrared (ATR-FTIR) analysis in Achira (Canna edulis K.) biscuits.zip,achira_water_adsorption,Water Adsorption Isotherms_Achira biscuits.xlsx,Sheet1,664,cb5002bcce7a6bfce2539d57b42c3685,Water Adsorption Isotherms,3,45,0.5665,4.66
Experimental water adsorption isotherms and Attenuated Total Reflectance-Fourier Transform Infrared (ATR-FTIR) analysis in Achira (Canna edulis K.) biscuits.zip,raw_data\phase1_biscuit\achira_water_adsorption\Experimental water adsorption isotherms and Attenuated Total Reflectance-Fourier Transform Infrared (ATR-FTIR) analysis in Achira (Canna edulis K.) biscuits.zip,achira_water_adsorption,Water Adsorption Isotherms_Achira biscuits.xlsx,Sheet1,665,a3f60b1dc46dbc28afbb38016dcc6128,Water Adsorption Isotherms,3,45,0.5781,4.78
Experimental water adsorption isotherms and Attenuated Total Reflectance-Fourier Transform Infrared (ATR-FTIR) analysis in Achira (Canna edulis K.) biscuits.zip,raw_data\phase1_biscuit\achira_water_adsorption\Experimental water adsorption isotherms and Attenuated Total Reflectance-Fourier Transform Infrared (ATR-FTIR) analysis in Achira (Canna edulis K.) biscuits.zip,achira_water_adsorption,Water Adsorption Isotherms_Achira biscuits.xlsx,Sheet1,666,6802e1c5ac13b349631e1de9534e72a4,Water Adsorption Isotherms,3,45,0.5858,4.82
Experimental water adsorption isotherms and Attenuated Total Reflectance-Fourier Transform Infrared (ATR-FTIR) analysis in Achira (Canna edulis K.) biscuits.zip,raw_data\phase1_biscuit\achira_water_adsorption\Experimental water adsorption isotherms and Attenuated Total Reflectance-Fourier Transform Infrared (ATR-FTIR) analysis in Achira (Canna edulis K.) biscuits.zip,achira_water_adsorption,Water Adsorption Isotherms_Achira biscuits.xlsx,Sheet1,667,0ebff7aad25f77211c0e962d9dfa4c47,Water Adsorption Isotherms,3,45,0.5917,4.91
Experimental water adsorption isotherms and Attenuated Total Reflectance-Fourier Transform Infrared (ATR-FTIR) analysis in Achira (Canna edulis K.) biscuits.zip,raw_data\phase1_biscuit\achira_water_adsorption\Experimental water adsorption isotherms and Attenuated Total Reflectance-Fourier Transform Infrared (ATR-FTIR) analysis in Achira (Canna edulis K.) biscuits.zip,achira_water_adsorption,Water Adsorption Isotherms_Achira biscuits.xlsx,Sheet1,668,47945bbb275efb201d8d098811207a3c,Water Adsorption Isotherms,3,45,0.6057,5.0200000000000005
Experimental water adsorption isotherms and Attenuated Total Reflectance-Fourier Transform Infrared (ATR-FTIR) analysis in Achira (Canna edulis K.) biscuits.zip,raw_data\phase1_biscuit\achira_water_adsorption\Experimental water adsorption isotherms and Attenuated Total Reflectance-Fourier Transform Infrared (ATR-FTIR) analysis in Achira (Canna edulis K.) biscuits.zip,achira_water_adsorption,Water Adsorption Isotherms_Achira biscuits.xlsx,Sheet1,669,30edde032ea496da28d709438c2d2f88,Water Adsorption Isotherms,3,45,0.6142,5.130000000000001
Experimental water adsorption isotherms and Attenuated Total Reflectance-Fourier Transform Infrared (ATR-FTIR) analysis in Achira (Canna edulis K.) biscuits.zip,raw_data\phase1_biscuit\achira_water_adsorption\Experimental water adsorption isotherms and Attenuated Total Reflectance-Fourier Transform Infrared (ATR-FTIR) analysis in Achira (Canna edulis K.) biscuits.zip,achira_water_adsorption,Water Adsorption Isotherms_Achira biscuits.xlsx,Sheet1,670,d1193d0fd201570eb336e923a2240d3e,Water Adsorption Isotherms,3,45,0.622,5.23
Experimental water adsorption isotherms and Attenuated Total Reflectance-Fourier Transform Infrared (ATR-FTIR) analysis in Achira (Canna edulis K.) biscuits.zip,raw_data\phase1_biscuit\achira_water_adsorption\Experimental water adsorption isotherms and Attenuated Total Reflectance-Fourier Transform Infrared (ATR-FTIR) analysis in Achira (Canna edulis K.) biscuits.zip,achira_water_adsorption,Water Adsorption Isotherms_Achira biscuits.xlsx,Sheet1,671,5c75463d5a90750d615bb48b504d7edd,Water Adsorption Isotherms,3,45,0.6282,5.33
Experimental water adsorption isotherms and Attenuated Total Reflectance-Fourier Transform Infrared (ATR-FTIR) analysis in Achira (Canna edulis K.) biscuits.zip,raw_data\phase1_biscuit\achira_water_adsorption\Experimental water adsorption isotherms and Attenuated Total Reflectance-Fourier Transform Infrared (ATR-FTIR) analysis in Achira (Canna edulis K.) biscuits.zip,achira_water_adsorption,Water Adsorption Isotherms_Achira biscuits.xlsx,Sheet1,672,2594dcb642ef33403d1cac31a0ce38ad,Water Adsorption Isotherms,3,45,0.6415,5.46
Experimental water adsorption isotherms and Attenuated Total Reflectance-Fourier Transform Infrared (ATR-FTIR) analysis in Achira (Canna edulis K.) biscuits.zip,raw_data\phase1_biscuit\achira_water_adsorption\Experimental water adsorption isotherms and Attenuated Total Reflectance-Fourier Transform Infrared (ATR-FTIR) analysis in Achira (Canna edulis K.) biscuits.zip,achira_water_adsorption,Water Adsorption Isotherms_Achira biscuits.xlsx,Sheet1,673,4bb5a2e25243bd56c6edd948e108c810,Water Adsorption Isotherms,3,45,0.6503,5.57
Experimental water adsorption isotherms and Attenuated Total Reflectance-Fourier Transform Infrared (ATR-FTIR) analysis in Achira (Canna edulis K.) biscuits.zip,raw_data\phase1_biscuit\achira_water_adsorption\Experimental water adsorption isotherms and Attenuated Total Reflectance-Fourier Transform Infrared (ATR-FTIR) analysis in Achira (Canna edulis K.) biscuits.zip,achira_water_adsorption,Water Adsorption Isotherms_Achira biscuits.xlsx,Sheet1,674,5fc45934b48b50f27a799e18d45fa540,Water Adsorption Isotherms,3,45,0.658,5.7
Experimental water adsorption isotherms and Attenuated Total Reflectance-Fourier Transform Infrared (ATR-FTIR) analysis in Achira (Canna edulis K.) biscuits.zip,raw_data\phase1_biscuit\achira_water_adsorption\Experimental water adsorption isotherms and Attenuated Total Reflectance-Fourier Transform Infrared (ATR-FTIR) analysis in Achira (Canna edulis K.) biscuits.zip,achira_water_adsorption,Water Adsorption Isotherms_Achira biscuits.xlsx,Sheet1,675,d3b5f4a5eab10959c7479ae86c44b57b,Water Adsorption Isotherms,3,45,0.6708,5.82
Experimental water adsorption isotherms and Attenuated Total Reflectance-Fourier Transform Infrared (ATR-FTIR) analysis in Achira (Canna edulis K.) biscuits.zip,raw_data\phase1_biscuit\achira_water_adsorption\Experimental water adsorption isotherms and Attenuated Total Reflectance-Fourier Transform Infrared (ATR-FTIR) analysis in Achira (Canna edulis K.) biscuits.zip,achira_water_adsorption,Water Adsorption Isotherms_Achira biscuits.xlsx,Sheet1,676,be576321050770b98e0ea756cd0c2f63,Water Adsorption Isotherms,3,45,0.6763,5.930000000000001
Experimental water adsorption isotherms and Attenuated Total Reflectance-Fourier Transform Infrared (ATR-FTIR) analysis in Achira (Canna edulis K.) biscuits.zip,raw_data\phase1_biscuit\achira_water_adsorption\Experimental water adsorption isotherms and Attenuated Total Reflectance-Fourier Transform Infrared (ATR-FTIR) analysis in Achira (Canna edulis K.) biscuits.zip,achira_water_adsorption,Water Adsorption Isotherms_Achira biscuits.xlsx,Sheet1,677,82d1b45237a55b7cbb008b4bbdfa2361,Water Adsorption Isotherms,3,45,0.6863,6.07
Experimental water adsorption isotherms and Attenuated Total Reflectance-Fourier Transform Infrared (ATR-FTIR) analysis in Achira (Canna edulis K.) biscuits.zip,raw_data\phase1_biscuit\achira_water_adsorption\Experimental water adsorption isotherms and Attenuated Total Reflectance-Fourier Transform Infrared (ATR-FTIR) analysis in Achira (Canna edulis K.) biscuits.zip,achira_water_adsorption,Water Adsorption Isotherms_Achira biscuits.xlsx,Sheet1,678,2fb75ff7210eb1515e97810fd671e189,Water Adsorption Isotherms,3,45,0.6928,6.2
Experimental water adsorption isotherms and Attenuated Total Reflectance-Fourier Transform Infrared (ATR-FTIR) analysis in Achira (Canna edulis K.) biscuits.zip,raw_data\phase1_biscuit\achira_water_adsorption\Experimental water adsorption isotherms and Attenuated Total Reflectance-Fourier Transform Infrared (ATR-FTIR) analysis in Achira (Canna edulis K.) biscuits.zip,achira_water_adsorption,Water Adsorption Isotherms_Achira biscuits.xlsx,Sheet1,679,78c26b58759a065f3f5191347d23382b,Water Adsorption Isotherms,3,45,0.7043,6.340000000000001
Experimental water adsorption isotherms and Attenuated Total Reflectance-Fourier Transform Infrared (ATR-FTIR) analysis in Achira (Canna edulis K.) biscuits.zip,raw_data\phase1_biscuit\achira_water_adsorption\Experimental water adsorption isotherms and Attenuated Total Reflectance-Fourier Transform Infrared (ATR-FTIR) analysis in Achira (Canna edulis K.) biscuits.zip,achira_water_adsorption,Water Adsorption Isotherms_Achira biscuits.xlsx,Sheet1,680,01b8a5333266160a9410e8a562d24255,Water Adsorption Isotherms,3,45,0.7152,6.49
Experimental water adsorption isotherms and Attenuated Total Reflectance-Fourier Transform Infrared (ATR-FTIR) analysis in Achira (Canna edulis K.) biscuits.zip,raw_data\phase1_biscuit\achira_water_adsorption\Experimental water adsorption isotherms and Attenuated Total Reflectance-Fourier Transform Infrared (ATR-FTIR) analysis in Achira (Canna edulis K.) biscuits.zip,achira_water_adsorption,Water Adsorption Isotherms_Achira biscuits.xlsx,Sheet1,681,e17326a869038bd5e3e42801c3bfb1ed,Water Adsorption Isotherms,3,45,0.7233,6.640000000000001
Experimental water adsorption isotherms and Attenuated Total Reflectance-Fourier Transform Infrared (ATR-FTIR) analysis in Achira (Canna edulis K.) biscuits.zip,raw_data\phase1_biscuit\achira_water_adsorption\Experimental water adsorption isotherms and Attenuated Total Reflectance-Fourier Transform Infrared (ATR-FTIR) analysis in Achira (Canna edulis K.) biscuits.zip,achira_water_adsorption,Water Adsorption Isotherms_Achira biscuits.xlsx,Sheet1,682,ab9ead9e69e6c249a1f19fdf78782e3d,Water Adsorption Isotherms,3,45,0.7293,6.78
Experimental water adsorption isotherms and Attenuated Total Reflectance-Fourier Transform Infrared (ATR-FTIR) analysis in Achira (Canna edulis K.) biscuits.zip,raw_data\phase1_biscuit\achira_water_adsorption\Experimental water adsorption isotherms and Attenuated Total Reflectance-Fourier Transform Infrared (ATR-FTIR) analysis in Achira (Canna edulis K.) biscuits.zip,achira_water_adsorption,Water Adsorption Isotherms_Achira biscuits.xlsx,Sheet1,683,9c98ae93357cf591c3a848e15120691e,Water Adsorption Isotherms,3,45,0.739,6.95
Experimental water adsorption isotherms and Attenuated Total Reflectance-Fourier Transform Infrared (ATR-FTIR) analysis in Achira (Canna edulis K.) biscuits.zip,raw_data\phase1_biscuit\achira_water_adsorption\Experimental water adsorption isotherms and Attenuated Total Reflectance-Fourier Transform Infrared (ATR-FTIR) analysis in Achira (Canna edulis K.) biscuits.zip,achira_water_adsorption,Water Adsorption Isotherms_Achira biscuits.xlsx,Sheet1,684,d0c4ff9e0d9b749942064b003664b36e,Water Adsorption Isotherms,3,45,0.7491,7.130000000000001
Experimental water adsorption isotherms and Attenuated Total Reflectance-Fourier Transform Infrared (ATR-FTIR) analysis in Achira (Canna edulis K.) biscuits.zip,raw_data\phase1_biscuit\achira_water_adsorption\Experimental water adsorption isotherms and Attenuated Total Reflectance-Fourier Transform Infrared (ATR-FTIR) analysis in Achira (Canna edulis K.) biscuits.zip,achira_water_adsorption,Water Adsorption Isotherms_Achira biscuits.xlsx,Sheet1,685,4233491d06204f532192c3b93bd02bad,Water Adsorption Isotherms,3,45,0.7584,7.3100000000000005
Experimental water adsorption isotherms and Attenuated Total Reflectance-Fourier Transform Infrared (ATR-FTIR) analysis in Achira (Canna edulis K.) biscuits.zip,raw_data\phase1_biscuit\achira_water_adsorption\Experimental water adsorption isotherms and Attenuated Total Reflectance-Fourier Transform Infrared (ATR-FTIR) analysis in Achira (Canna edulis K.) biscuits.zip,achira_water_adsorption,Water Adsorption Isotherms_Achira biscuits.xlsx,Sheet1,686,ac3e13c4fbfc80c2fe9c2ad6fb56afdf,Water Adsorption Isotherms,3,45,0.764,7.4799999999999995
Experimental water adsorption isotherms and Attenuated Total Reflectance-Fourier Transform Infrared (ATR-FTIR) analysis in Achira (Canna edulis K.) biscuits.zip,raw_data\phase1_biscuit\achira_water_adsorption\Experimental water adsorption isotherms and Attenuated Total Reflectance-Fourier Transform Infrared (ATR-FTIR) analysis in Achira (Canna edulis K.) biscuits.zip,achira_water_adsorption,Water Adsorption Isotherms_Achira biscuits.xlsx,Sheet1,687,710d4b6f303100a64b8b33be355f40b3,Water Adsorption Isotherms,3,45,0.7765,7.6800000000000015
Experimental water adsorption isotherms and Attenuated Total Reflectance-Fourier Transform Infrared (ATR-FTIR) analysis in Achira (Canna edulis K.) biscuits.zip,raw_data\phase1_biscuit\achira_water_adsorption\Experimental water adsorption isotherms and Attenuated Total Reflectance-Fourier Transform Infrared (ATR-FTIR) analysis in Achira (Canna edulis K.) biscuits.zip,achira_water_adsorption,Water Adsorption Isotherms_Achira biscuits.xlsx,Sheet1,688,b5ce4f65ba0fb5e28bbc70ff6e5d9b7b,Water Adsorption Isotherms,3,45,0.7844,7.890000000000001
Experimental water adsorption isotherms and Attenuated Total Reflectance-Fourier Transform Infrared (ATR-FTIR) analysis in Achira (Canna edulis K.) biscuits.zip,raw_data\phase1_biscuit\achira_water_adsorption\Experimental water adsorption isotherms and Attenuated Total Reflectance-Fourier Transform Infrared (ATR-FTIR) analysis in Achira (Canna edulis K.) biscuits.zip,achira_water_adsorption,Water Adsorption Isotherms_Achira biscuits.xlsx,Sheet1,689,923f402f8a846c231b08df372cdcf971,Water Adsorption Isotherms,3,45,0.7914,8.110000000000001
Experimental water adsorption isotherms and Attenuated Total Reflectance-Fourier Transform Infrared (ATR-FTIR) analysis in Achira (Canna edulis K.) biscuits.zip,raw_data\phase1_biscuit\achira_water_adsorption\Experimental water adsorption isotherms and Attenuated Total Reflectance-Fourier Transform Infrared (ATR-FTIR) analysis in Achira (Canna edulis K.) biscuits.zip,achira_water_adsorption,Water Adsorption Isotherms_Achira biscuits.xlsx,Sheet1,690,2fb3d0469e2abd968c56238ea50a25dd,Water Adsorption Isotherms,3,45,0.799,8.330000000000002
